INFO buildroot.py:704:  Mock Version: 6.8
DEBUG file_util.py:17:  ensuring that dir exists: /var/lib/mock/centos-7-x86_64/root
DEBUG file_util.py:20:  created dir: /var/lib/mock/centos-7-x86_64/root
DEBUG file_util.py:17:  ensuring that dir exists: /var/lib/mock/centos-7-x86_64-bootstrap
DEBUG file_util.py:17:  ensuring that dir exists: /var/lib/mock/centos-7-x86_64-bootstrap
DEBUG file_util.py:17:  ensuring that dir exists: /var/lib/mock/centos-7-x86_64-bootstrap/root
DEBUG file_util.py:17:  ensuring that dir exists: /var/lib/mock/centos-7-x86_64-bootstrap/results
INFO buildroot.py:321:  calling preinit hooks
DEBUG file_util.py:17:  ensuring that dir exists: /var/cache/mock/centos-7-x86_64-bootstrap/root_cache/
DEBUG file_util.py:17:  ensuring that dir exists: /var/cache/mock/centos-7-x86_64-bootstrap/yum_cache
DEBUG file_util.py:17:  ensuring that dir exists: /var/cache/mock/centos-7-x86_64-bootstrap/dnf_cache
DEBUG buildroot.py:760:  create skeleton dirs
DEBUG file_util.py:17:  ensuring that dir exists: /var/lib/mock/centos-7-x86_64-bootstrap/root/var/lib/rpm
DEBUG file_util.py:17:  ensuring that dir exists: /var/lib/mock/centos-7-x86_64-bootstrap/root/var/lib/yum
DEBUG file_util.py:17:  ensuring that dir exists: /var/lib/mock/centos-7-x86_64-bootstrap/root/var/lib/dbus
DEBUG file_util.py:17:  ensuring that dir exists: /var/lib/mock/centos-7-x86_64-bootstrap/root/var/log
DEBUG file_util.py:17:  ensuring that dir exists: /var/lib/mock/centos-7-x86_64-bootstrap/root/var/cache/dnf
DEBUG file_util.py:17:  ensuring that dir exists: /var/lib/mock/centos-7-x86_64-bootstrap/root/var/cache/yum
DEBUG file_util.py:17:  ensuring that dir exists: /var/lib/mock/centos-7-x86_64-bootstrap/root/etc/rpm
DEBUG file_util.py:17:  ensuring that dir exists: /var/lib/mock/centos-7-x86_64-bootstrap/root/tmp
DEBUG file_util.py:17:  ensuring that dir exists: /var/lib/mock/centos-7-x86_64-bootstrap/root/tmp/ccache
DEBUG file_util.py:17:  ensuring that dir exists: /var/lib/mock/centos-7-x86_64-bootstrap/root/var/tmp
DEBUG file_util.py:17:  ensuring that dir exists: /var/lib/mock/centos-7-x86_64-bootstrap/root/etc/dnf
DEBUG file_util.py:17:  ensuring that dir exists: /var/lib/mock/centos-7-x86_64-bootstrap/root/etc/dnf/vars
DEBUG file_util.py:17:  ensuring that dir exists: /var/lib/mock/centos-7-x86_64-bootstrap/root/etc/yum.repos.d
DEBUG file_util.py:20:  created dir: /var/lib/mock/centos-7-x86_64-bootstrap/root/etc/yum.repos.d
DEBUG file_util.py:17:  ensuring that dir exists: /var/lib/mock/centos-7-x86_64-bootstrap/root/etc/yum
DEBUG file_util.py:17:  ensuring that dir exists: /var/lib/mock/centos-7-x86_64-bootstrap/root/proc
DEBUG file_util.py:17:  ensuring that dir exists: /var/lib/mock/centos-7-x86_64-bootstrap/root/sys
DEBUG file_util.py:17:  ensuring that dir exists: /var/lib/mock/centos-7-x86_64-bootstrap/root/dev/pts
DEBUG file_util.py:17:  ensuring that dir exists: /var/lib/mock/centos-7-x86_64-bootstrap/root/dev/shm
DEBUG file_util.py:17:  ensuring that dir exists: /var/lib/mock/centos-7-x86_64-bootstrap/root/dev/mapper
DEBUG file_util.py:20:  created dir: /var/lib/mock/centos-7-x86_64-bootstrap/root/dev/mapper
DEBUG buildroot.py:904:  kernel version == 4.18.0-553.163.1.el8_10.x86_64
DEBUG file_util.py:29:  touching file: /var/lib/mock/centos-7-x86_64-bootstrap/root/etc/fstab
DEBUG file_util.py:29:  touching file: /var/lib/mock/centos-7-x86_64-bootstrap/root/etc/yum/yum.conf
DEBUG file_util.py:29:  touching file: /var/lib/mock/centos-7-x86_64-bootstrap/root/etc/dnf/dnf.conf
DEBUG file_util.py:29:  touching file: /var/lib/mock/centos-7-x86_64-bootstrap/root/var/log/yum.log
DEBUG buildroot.py:335:  rootdir = /var/lib/mock/centos-7-x86_64-bootstrap/root
DEBUG buildroot.py:336:  resultdir = /var/lib/mock/centos-7-x86_64-bootstrap/results
DEBUG package_manager.py:64:  searching for 'yum' package manager or alternatives
INFO buildroot.py:184:  Package manager yum detected and used (fallback)
DEBUG file_util.py:17:  ensuring that dir exists: /var/lib/mock/centos-7-x86_64-bootstrap/root/etc/pki/mock
DEBUG package_manager.py:406:  copying CA trust dir into chroot: /etc/pki/ca-trust => /etc/pki/ca-trust
DEBUG file_util.py:191:  Updating files in /var/lib/mock/centos-7-x86_64-bootstrap/root/etc/pki/ca-trust with files from /etc/pki/ca-trust
DEBUG file_util.py:17:  ensuring that dir exists: /var/lib/mock/centos-7-x86_64-bootstrap/root/etc/pki/ca-trust
DEBUG file_util.py:17:  ensuring that dir exists: /var/lib/mock/centos-7-x86_64-bootstrap/root/etc/pki/ca-trust/./extracted
DEBUG file_util.py:17:  ensuring that dir exists: /var/lib/mock/centos-7-x86_64-bootstrap/root/etc/pki/ca-trust/./source
DEBUG file_util.py:17:  ensuring that dir exists: /var/lib/mock/centos-7-x86_64-bootstrap/root/etc/pki/ca-trust/extracted/edk2
DEBUG file_util.py:17:  ensuring that dir exists: /var/lib/mock/centos-7-x86_64-bootstrap/root/etc/pki/ca-trust/extracted/java
DEBUG file_util.py:17:  ensuring that dir exists: /var/lib/mock/centos-7-x86_64-bootstrap/root/etc/pki/ca-trust/extracted/openssl
DEBUG file_util.py:17:  ensuring that dir exists: /var/lib/mock/centos-7-x86_64-bootstrap/root/etc/pki/ca-trust/extracted/pem
DEBUG file_util.py:17:  ensuring that dir exists: /var/lib/mock/centos-7-x86_64-bootstrap/root/etc/pki/ca-trust/source/anchors
DEBUG file_util.py:17:  ensuring that dir exists: /var/lib/mock/centos-7-x86_64-bootstrap/root/etc/pki/ca-trust/source/blacklist
DEBUG package_manager.py:406:  copying CA trust dir into chroot: /usr/share/pki/ca-trust-source => /usr/share/pki/ca-trust-source
DEBUG file_util.py:191:  Updating files in /var/lib/mock/centos-7-x86_64-bootstrap/root/usr/share/pki/ca-trust-source with files from /usr/share/pki/ca-trust-source
DEBUG file_util.py:17:  ensuring that dir exists: /var/lib/mock/centos-7-x86_64-bootstrap/root/usr/share/pki/ca-trust-source
DEBUG file_util.py:17:  ensuring that dir exists: /var/lib/mock/centos-7-x86_64-bootstrap/root/usr/share/pki/ca-trust-source/./anchors
DEBUG file_util.py:17:  ensuring that dir exists: /var/lib/mock/centos-7-x86_64-bootstrap/root/usr/share/pki/ca-trust-source/./blacklist
DEBUG file_util.py:17:  ensuring that dir exists: /var/lib/mock/centos-7-x86_64-bootstrap/root/usr/share
DEBUG package_manager.py:390:  Copying /usr/share/distribution-gpg-keys to the bootstrap chroot
DEBUG util.py:717:  child environment: None
DEBUG util.py:636:  Executing command: ['cp', '-a', '/usr/share/distribution-gpg-keys', '/var/lib/mock/centos-7-x86_64-bootstrap/root/usr/share'] with env {'TERM': 'vt100', 'SHELL': '/bin/sh', 'HOME': '/builddir', 'HOSTNAME': 'mock', 'PATH': '/usr/bin:/bin:/usr/sbin:/sbin', 'LANG': 'C.UTF-8'} and shell False
DEBUG util.py:688:  Child return code was: 0
DEBUG file_util.py:17:  ensuring that dir exists: /var/lib/mock/centos-7-x86_64-bootstrap/root/etc/yum/pluginconf.d
DEBUG package_manager.py:634:  configure yum
DEBUG package_manager.py:645:  configure yum priorities
DEBUG package_manager.py:647:  configure yum rhnplugin
DEBUG file_util.py:17:  ensuring that dir exists: /var/lib/mock/centos-7-x86_64-bootstrap/root/var/cache/yum
DEBUG util.py:717:  child environment: None
DEBUG util.py:636:  Executing command: ['/bin/mount', '-n', '-o', 'bind', '/var/cache/mock/centos-7-x86_64-bootstrap/yum_cache', '/var/lib/mock/centos-7-x86_64-bootstrap/root/var/cache/yum'] with env {'TERM': 'vt100', 'SHELL': '/bin/sh', 'HOME': '/builddir', 'HOSTNAME': 'mock', 'PATH': '/usr/bin:/bin:/usr/sbin:/sbin', 'LANG': 'C.UTF-8'} and shell False
DEBUG util.py:688:  Child return code was: 0
DEBUG file_util.py:17:  ensuring that dir exists: /var/lib/mock/centos-7-x86_64-bootstrap/root/var/cache/dnf
DEBUG util.py:717:  child environment: None
DEBUG util.py:636:  Executing command: ['/bin/mount', '-n', '-o', 'bind', '/var/cache/mock/centos-7-x86_64-bootstrap/dnf_cache', '/var/lib/mock/centos-7-x86_64-bootstrap/root/var/cache/dnf'] with env {'TERM': 'vt100', 'SHELL': '/bin/sh', 'HOME': '/builddir', 'HOSTNAME': 'mock', 'PATH': '/usr/bin:/bin:/usr/sbin:/sbin', 'LANG': 'C.UTF-8'} and shell False
DEBUG util.py:688:  Child return code was: 0
DEBUG file_util.py:17:  ensuring that dir exists: /var/lib/mock/centos-7-x86_64-bootstrap/root/etc
DEBUG file_util.py:17:  ensuring that dir exists: /var/lib/mock/centos-7-x86_64-bootstrap/root/etc
DEBUG buildroot.py:39:  method _cleanup_homedir skipped in bootstrap
DEBUG buildroot.py:39:  method _setup_build_dirs skipped in bootstrap
DEBUG buildroot.py:39:  method _make_users skipped in bootstrap
DEBUG file_util.py:29:  touching file: /var/lib/mock/centos-7-x86_64-bootstrap/root/.initialized
DEBUG file_util.py:17:  ensuring that dir exists: /var/lib/mock/centos-7-x86_64
DEBUG file_util.py:17:  ensuring that dir exists: /var/lib/mock/centos-7-x86_64/root
DEBUG file_util.py:17:  ensuring that dir exists: /var/lib/mock/centos-7-x86_64/result
INFO buildroot.py:321:  calling preinit hooks
DEBUG file_util.py:17:  ensuring that dir exists: /var/cache/mock/centos-7-x86_64/root_cache/
DEBUG file_util.py:17:  ensuring that dir exists: /var/cache/mock/centos-7-x86_64/yum_cache
DEBUG file_util.py:17:  ensuring that dir exists: /var/cache/mock/centos-7-x86_64/dnf_cache
DEBUG util.py:717:  child environment: None
DEBUG util.py:636:  Executing command: ['/usr/bin/lscpu'] with env {'TERM': 'vt100', 'SHELL': '/bin/sh', 'HOME': '/builddir', 'HOSTNAME': 'mock', 'PATH': '/usr/bin:/bin:/usr/sbin:/sbin', 'LANG': 'C.UTF-8'} and shell False
DEBUG util.py:537:  Architecture:        x86_64
DEBUG util.py:537:  CPU op-mode(s):      32-bit, 64-bit
DEBUG util.py:537:  Byte Order:          Little Endian
DEBUG util.py:537:  CPU(s):              4
DEBUG util.py:537:  On-line CPU(s) list: 0-3
DEBUG util.py:537:  Thread(s) per core:  1
DEBUG util.py:537:  Core(s) per socket:  1
DEBUG util.py:537:  Socket(s):           4
DEBUG util.py:537:  NUMA node(s):        1
DEBUG util.py:537:  Vendor ID:           GenuineIntel
DEBUG util.py:537:  BIOS Vendor ID:      QEMU
DEBUG util.py:537:  CPU family:          6
DEBUG util.py:537:  Model:               190
DEBUG util.py:537:  Model name:          Intel(R) N150
DEBUG util.py:537:  BIOS Model name:     pc-q35-8.2
DEBUG util.py:537:  Stepping:            0
DEBUG util.py:537:  CPU MHz:             806.400
DEBUG util.py:537:  BogoMIPS:            1612.80
DEBUG util.py:537:  Hypervisor vendor:   KVM
DEBUG util.py:537:  Virtualization type: full
DEBUG util.py:537:  L1d cache:           32K
DEBUG util.py:537:  L1i cache:           32K
DEBUG util.py:537:  L2 cache:            4096K
DEBUG util.py:537:  L3 cache:            16384K
DEBUG util.py:537:  NUMA node0 CPU(s):   0-3
DEBUG util.py:537:  Flags:               fpu vme de pse tsc msr pae mce cx8 apic sep mtrr pge mca cmov pat pse36 clflush mmx fxsr sse sse2 ss syscall nx pdpe1gb rdtscp lm constant_tsc arch_perfmon rep_good nopl xtopology cpuid tsc_known_freq pni pclmulqdq ssse3 fma cx16 pdcm sse4_1 sse4_2 x2apic movbe popcnt tsc_deadline_timer aes xsave avx f16c rdrand hypervisor lahf_lm abm 3dnowprefetch cpuid_fault ssbd ibrs ibpb stibp ibrs_enhanced fsgsbase tsc_adjust bmi1 avx2 smep bmi2 erms invpcid rdseed adx smap clflushopt clwb sha_ni xsaveopt xsavec xgetbv1 xsaves avx_vnni arat umip pku ospke waitpkg gfni vaes vpclmulqdq rdpid movdiri movdir64b fsrm md_clear serialize flush_l1d arch_capabilities
DEBUG util.py:688:  Child return code was: 0
DEBUG util.py:717:  child environment: None
DEBUG util.py:636:  Executing command: ['/bin/free', '--human'] with env {'TERM': 'vt100', 'SHELL': '/bin/sh', 'HOME': '/builddir', 'HOSTNAME': 'mock', 'PATH': '/usr/bin:/bin:/usr/sbin:/sbin', 'LANG': 'C.UTF-8'} and shell False
DEBUG util.py:537:                total        used        free      shared  buff/cache   available
DEBUG util.py:537:  Mem:          3.6Gi       579Mi       1.9Gi        64Mi       1.1Gi       2.7Gi
DEBUG util.py:537:  Swap:         4.0Gi          0B       4.0Gi
DEBUG util.py:688:  Child return code was: 0
DEBUG util.py:717:  child environment: None
DEBUG util.py:636:  Executing command: ['/bin/df', '-H', '-T', '/var/lib/mock/centos-7-x86_64/root', '/var/cache/mock'] with env {'TERM': 'vt100', 'SHELL': '/bin/sh', 'HOME': '/builddir', 'HOSTNAME': 'mock', 'PATH': '/usr/bin:/bin:/usr/sbin:/sbin', 'LANG': 'C.UTF-8'} and shell False
DEBUG util.py:537:  Filesystem     Type  Size  Used Avail Use% Mounted on
DEBUG util.py:537:  /dev/vda3      xfs    49G   21G   28G  44% /
DEBUG util.py:537:  /dev/vda3      xfs    49G   21G   28G  44% /
DEBUG util.py:688:  Child return code was: 0
DEBUG buildroot.py:760:  create skeleton dirs
DEBUG file_util.py:17:  ensuring that dir exists: /var/lib/mock/centos-7-x86_64/root/var/lib/rpm
DEBUG file_util.py:20:  created dir: /var/lib/mock/centos-7-x86_64/root/var/lib/rpm
DEBUG file_util.py:17:  ensuring that dir exists: /var/lib/mock/centos-7-x86_64/root/var/lib/yum
DEBUG file_util.py:20:  created dir: /var/lib/mock/centos-7-x86_64/root/var/lib/yum
DEBUG file_util.py:17:  ensuring that dir exists: /var/lib/mock/centos-7-x86_64/root/var/lib/dbus
DEBUG file_util.py:20:  created dir: /var/lib/mock/centos-7-x86_64/root/var/lib/dbus
DEBUG file_util.py:17:  ensuring that dir exists: /var/lib/mock/centos-7-x86_64/root/var/log
DEBUG file_util.py:20:  created dir: /var/lib/mock/centos-7-x86_64/root/var/log
DEBUG file_util.py:17:  ensuring that dir exists: /var/lib/mock/centos-7-x86_64/root/var/cache/dnf
DEBUG file_util.py:20:  created dir: /var/lib/mock/centos-7-x86_64/root/var/cache/dnf
DEBUG file_util.py:17:  ensuring that dir exists: /var/lib/mock/centos-7-x86_64/root/var/cache/yum
DEBUG file_util.py:20:  created dir: /var/lib/mock/centos-7-x86_64/root/var/cache/yum
DEBUG file_util.py:17:  ensuring that dir exists: /var/lib/mock/centos-7-x86_64/root/etc/rpm
DEBUG file_util.py:20:  created dir: /var/lib/mock/centos-7-x86_64/root/etc/rpm
DEBUG file_util.py:17:  ensuring that dir exists: /var/lib/mock/centos-7-x86_64/root/tmp
DEBUG file_util.py:20:  created dir: /var/lib/mock/centos-7-x86_64/root/tmp
DEBUG file_util.py:17:  ensuring that dir exists: /var/lib/mock/centos-7-x86_64/root/tmp/ccache
DEBUG file_util.py:20:  created dir: /var/lib/mock/centos-7-x86_64/root/tmp/ccache
DEBUG file_util.py:17:  ensuring that dir exists: /var/lib/mock/centos-7-x86_64/root/var/tmp
DEBUG file_util.py:20:  created dir: /var/lib/mock/centos-7-x86_64/root/var/tmp
DEBUG file_util.py:17:  ensuring that dir exists: /var/lib/mock/centos-7-x86_64/root/etc/dnf
DEBUG file_util.py:20:  created dir: /var/lib/mock/centos-7-x86_64/root/etc/dnf
DEBUG file_util.py:17:  ensuring that dir exists: /var/lib/mock/centos-7-x86_64/root/etc/dnf/vars
DEBUG file_util.py:20:  created dir: /var/lib/mock/centos-7-x86_64/root/etc/dnf/vars
DEBUG file_util.py:17:  ensuring that dir exists: /var/lib/mock/centos-7-x86_64/root/etc/yum.repos.d
DEBUG file_util.py:20:  created dir: /var/lib/mock/centos-7-x86_64/root/etc/yum.repos.d
DEBUG file_util.py:17:  ensuring that dir exists: /var/lib/mock/centos-7-x86_64/root/etc/yum
DEBUG file_util.py:20:  created dir: /var/lib/mock/centos-7-x86_64/root/etc/yum
DEBUG file_util.py:17:  ensuring that dir exists: /var/lib/mock/centos-7-x86_64/root/proc
DEBUG file_util.py:20:  created dir: /var/lib/mock/centos-7-x86_64/root/proc
DEBUG file_util.py:17:  ensuring that dir exists: /var/lib/mock/centos-7-x86_64/root/sys
DEBUG file_util.py:20:  created dir: /var/lib/mock/centos-7-x86_64/root/sys
DEBUG file_util.py:17:  ensuring that dir exists: /var/lib/mock/centos-7-x86_64/root/dev/pts
DEBUG file_util.py:20:  created dir: /var/lib/mock/centos-7-x86_64/root/dev/pts
DEBUG file_util.py:17:  ensuring that dir exists: /var/lib/mock/centos-7-x86_64/root/dev/shm
DEBUG file_util.py:20:  created dir: /var/lib/mock/centos-7-x86_64/root/dev/shm
DEBUG file_util.py:17:  ensuring that dir exists: /var/lib/mock/centos-7-x86_64/root/dev/mapper
DEBUG file_util.py:20:  created dir: /var/lib/mock/centos-7-x86_64/root/dev/mapper
DEBUG buildroot.py:904:  kernel version == 4.18.0-553.163.1.el8_10.x86_64
DEBUG file_util.py:29:  touching file: /var/lib/mock/centos-7-x86_64/root/etc/fstab
DEBUG file_util.py:29:  touching file: /var/lib/mock/centos-7-x86_64/root/etc/yum/yum.conf
DEBUG file_util.py:29:  touching file: /var/lib/mock/centos-7-x86_64/root/etc/dnf/dnf.conf
DEBUG file_util.py:29:  touching file: /var/lib/mock/centos-7-x86_64/root/var/log/yum.log
DEBUG buildroot.py:335:  rootdir = /var/lib/mock/centos-7-x86_64/root
DEBUG buildroot.py:336:  resultdir = /var/lib/mock/centos-7-x86_64/result
INFO buildroot.py:184:  Package manager yum detected and used (direct choice)
DEBUG file_util.py:17:  ensuring that dir exists: /var/lib/mock/centos-7-x86_64/root/etc/pki/mock
DEBUG file_util.py:20:  created dir: /var/lib/mock/centos-7-x86_64/root/etc/pki/mock
DEBUG package_manager.py:406:  copying CA trust dir into chroot: /etc/pki/ca-trust => /etc/pki/ca-trust
DEBUG file_util.py:191:  Updating files in /var/lib/mock/centos-7-x86_64/root/etc/pki/ca-trust with files from /etc/pki/ca-trust
DEBUG file_util.py:17:  ensuring that dir exists: /var/lib/mock/centos-7-x86_64/root/etc/pki/ca-trust
DEBUG file_util.py:20:  created dir: /var/lib/mock/centos-7-x86_64/root/etc/pki/ca-trust
DEBUG file_util.py:17:  ensuring that dir exists: /var/lib/mock/centos-7-x86_64/root/etc/pki/ca-trust/./extracted
DEBUG file_util.py:20:  created dir: /var/lib/mock/centos-7-x86_64/root/etc/pki/ca-trust/./extracted
DEBUG file_util.py:17:  ensuring that dir exists: /var/lib/mock/centos-7-x86_64/root/etc/pki/ca-trust/./source
DEBUG file_util.py:20:  created dir: /var/lib/mock/centos-7-x86_64/root/etc/pki/ca-trust/./source
DEBUG file_util.py:17:  ensuring that dir exists: /var/lib/mock/centos-7-x86_64/root/etc/pki/ca-trust/extracted/edk2
DEBUG file_util.py:20:  created dir: /var/lib/mock/centos-7-x86_64/root/etc/pki/ca-trust/extracted/edk2
DEBUG file_util.py:17:  ensuring that dir exists: /var/lib/mock/centos-7-x86_64/root/etc/pki/ca-trust/extracted/java
DEBUG file_util.py:20:  created dir: /var/lib/mock/centos-7-x86_64/root/etc/pki/ca-trust/extracted/java
DEBUG file_util.py:17:  ensuring that dir exists: /var/lib/mock/centos-7-x86_64/root/etc/pki/ca-trust/extracted/openssl
DEBUG file_util.py:20:  created dir: /var/lib/mock/centos-7-x86_64/root/etc/pki/ca-trust/extracted/openssl
DEBUG file_util.py:17:  ensuring that dir exists: /var/lib/mock/centos-7-x86_64/root/etc/pki/ca-trust/extracted/pem
DEBUG file_util.py:20:  created dir: /var/lib/mock/centos-7-x86_64/root/etc/pki/ca-trust/extracted/pem
DEBUG file_util.py:17:  ensuring that dir exists: /var/lib/mock/centos-7-x86_64/root/etc/pki/ca-trust/source/anchors
DEBUG file_util.py:20:  created dir: /var/lib/mock/centos-7-x86_64/root/etc/pki/ca-trust/source/anchors
DEBUG file_util.py:17:  ensuring that dir exists: /var/lib/mock/centos-7-x86_64/root/etc/pki/ca-trust/source/blacklist
DEBUG file_util.py:20:  created dir: /var/lib/mock/centos-7-x86_64/root/etc/pki/ca-trust/source/blacklist
DEBUG package_manager.py:406:  copying CA trust dir into chroot: /usr/share/pki/ca-trust-source => /usr/share/pki/ca-trust-source
DEBUG file_util.py:191:  Updating files in /var/lib/mock/centos-7-x86_64/root/usr/share/pki/ca-trust-source with files from /usr/share/pki/ca-trust-source
DEBUG file_util.py:17:  ensuring that dir exists: /var/lib/mock/centos-7-x86_64/root/usr/share/pki/ca-trust-source
DEBUG file_util.py:20:  created dir: /var/lib/mock/centos-7-x86_64/root/usr/share/pki/ca-trust-source
DEBUG file_util.py:17:  ensuring that dir exists: /var/lib/mock/centos-7-x86_64/root/usr/share/pki/ca-trust-source/./anchors
DEBUG file_util.py:20:  created dir: /var/lib/mock/centos-7-x86_64/root/usr/share/pki/ca-trust-source/./anchors
DEBUG file_util.py:17:  ensuring that dir exists: /var/lib/mock/centos-7-x86_64/root/usr/share/pki/ca-trust-source/./blacklist
DEBUG file_util.py:20:  created dir: /var/lib/mock/centos-7-x86_64/root/usr/share/pki/ca-trust-source/./blacklist
DEBUG file_util.py:17:  ensuring that dir exists: /var/lib/mock/centos-7-x86_64/root/etc/yum/pluginconf.d
DEBUG file_util.py:20:  created dir: /var/lib/mock/centos-7-x86_64/root/etc/yum/pluginconf.d
DEBUG package_manager.py:634:  configure yum
DEBUG package_manager.py:645:  configure yum priorities
DEBUG package_manager.py:647:  configure yum rhnplugin
DEBUG file_util.py:17:  ensuring that dir exists: /var/lib/mock/centos-7-x86_64/root/var/cache/yum
DEBUG util.py:717:  child environment: None
DEBUG util.py:636:  Executing command: ['/bin/mount', '-n', '-o', 'bind', '/var/cache/mock/centos-7-x86_64/yum_cache', '/var/lib/mock/centos-7-x86_64/root/var/cache/yum'] with env {'TERM': 'vt100', 'SHELL': '/bin/sh', 'HOME': '/builddir', 'HOSTNAME': 'mock', 'PATH': '/usr/bin:/bin:/usr/sbin:/sbin', 'LANG': 'C.UTF-8'} and shell False
DEBUG util.py:688:  Child return code was: 0
DEBUG file_util.py:17:  ensuring that dir exists: /var/lib/mock/centos-7-x86_64/root/var/cache/dnf
DEBUG util.py:717:  child environment: None
DEBUG util.py:636:  Executing command: ['/bin/mount', '-n', '-o', 'bind', '/var/cache/mock/centos-7-x86_64/dnf_cache', '/var/lib/mock/centos-7-x86_64/root/var/cache/dnf'] with env {'TERM': 'vt100', 'SHELL': '/bin/sh', 'HOME': '/builddir', 'HOSTNAME': 'mock', 'PATH': '/usr/bin:/bin:/usr/sbin:/sbin', 'LANG': 'C.UTF-8'} and shell False
DEBUG util.py:688:  Child return code was: 0
DEBUG file_util.py:29:  touching file: /var/lib/mock/centos-7-x86_64/root/etc/resolv.conf
DEBUG util.py:717:  child environment: None
DEBUG util.py:631:  Using nspawn with args None
DEBUG util.py:636:  Executing command: ['/usr/bin/systemd-nspawn', '-q', '-M', 'ee97e5cb18484ab4a9997aff87422a22', '-D', '/var/lib/mock/centos-7-x86_64-bootstrap/root', '-a', '--setenv=TERM=vt100', '--setenv=SHELL=/bin/sh', '--setenv=HOME=/builddir', '--setenv=HOSTNAME=mock', '--setenv=PATH=/usr/bin:/bin:/usr/sbin:/sbin', '--setenv=LANG=C.UTF-8', 'rpm', '-q', 'rpm', 'rpm-sequoia', 'python3-dnf', 'python3-dnf-plugins-core', 'yum', 'yum-utils', 'dnf5', 'dnf5-plugins'] with env {'TERM': 'vt100', 'SHELL': '/bin/sh', 'HOME': '/builddir', 'HOSTNAME': 'mock', 'PATH': '/usr/bin:/bin:/usr/sbin:/sbin', 'LANG': 'C.UTF-8', 'SYSTEMD_NSPAWN_TMPFS_TMP': '0', 'SYSTEMD_SECCOMP': '0'} and shell False
DEBUG util.py:537:  rpm-4.11.3-45.el7.x86_64
DEBUG util.py:537:  package rpm-sequoia is not installed
DEBUG util.py:537:  package python3-dnf is not installed
DEBUG util.py:537:  package python3-dnf-plugins-core is not installed
DEBUG util.py:537:  yum-3.4.3-168.el7.centos.noarch
DEBUG util.py:537:  yum-utils-1.1.31-54.el7_8.noarch
DEBUG util.py:537:  package dnf5 is not installed
DEBUG util.py:537:  package dnf5-plugins is not installed
DEBUG util.py:688:  Child return code was: 5
INFO package_manager.py:202:  Buildroot is handled by package management downloaded with a bootstrap image:
  rpm-4.11.3-45.el7.x86_64
  yum-3.4.3-168.el7.centos.noarch
  yum-utils-1.1.31-54.el7_8.noarch
DEBUG file_util.py:17:  ensuring that dir exists: /var/lib/mock/centos-7-x86_64/root/etc
DEBUG file_util.py:17:  ensuring that dir exists: /var/lib/mock/centos-7-x86_64/root/proc
DEBUG util.py:717:  child environment: None
DEBUG util.py:636:  Executing command: ['/bin/mount', '-n', '-t', 'tmpfs', '-o', 'rprivate,mode=0755', 'tmpfs', '/var/lib/mock/centos-7-x86_64/root/proc'] with env {'TERM': 'vt100', 'SHELL': '/bin/sh', 'HOME': '/builddir', 'HOSTNAME': 'mock', 'PATH': '/usr/bin:/bin:/usr/sbin:/sbin', 'LANG': 'C.UTF-8'} and shell False
DEBUG util.py:688:  Child return code was: 0
DEBUG file_util.py:17:  ensuring that dir exists: /var/lib/mock/centos-7-x86_64/root/proc
DEBUG util.py:717:  child environment: None
DEBUG util.py:636:  Executing command: ['/bin/mount', '-n', '-o', 'rbind', '/proc', '/var/lib/mock/centos-7-x86_64/root/proc'] with env {'TERM': 'vt100', 'SHELL': '/bin/sh', 'HOME': '/builddir', 'HOSTNAME': 'mock', 'PATH': '/usr/bin:/bin:/usr/sbin:/sbin', 'LANG': 'C.UTF-8'} and shell False
DEBUG util.py:688:  Child return code was: 0
DEBUG util.py:717:  child environment: None
DEBUG util.py:636:  Executing command: ['/bin/mount', '-n', '-o', 'remount,nodev,noexec,nosuid,readonly,rprivate,rbind', '--target', '/var/lib/mock/centos-7-x86_64/root/proc'] with env {'TERM': 'vt100', 'SHELL': '/bin/sh', 'HOME': '/builddir', 'HOSTNAME': 'mock', 'PATH': '/usr/bin:/bin:/usr/sbin:/sbin', 'LANG': 'C.UTF-8'} and shell False
DEBUG util.py:688:  Child return code was: 0
DEBUG file_util.py:17:  ensuring that dir exists: /var/lib/mock/centos-7-x86_64/root/sys
DEBUG util.py:717:  child environment: None
DEBUG util.py:636:  Executing command: ['/bin/mount', '-n', '-t', 'tmpfs', '-o', 'rprivate,mode=0755', 'tmpfs', '/var/lib/mock/centos-7-x86_64/root/sys'] with env {'TERM': 'vt100', 'SHELL': '/bin/sh', 'HOME': '/builddir', 'HOSTNAME': 'mock', 'PATH': '/usr/bin:/bin:/usr/sbin:/sbin', 'LANG': 'C.UTF-8'} and shell False
DEBUG util.py:688:  Child return code was: 0
DEBUG file_util.py:17:  ensuring that dir exists: /var/lib/mock/centos-7-x86_64/root/sys
DEBUG util.py:717:  child environment: None
DEBUG util.py:636:  Executing command: ['/bin/mount', '-n', '-o', 'rbind', '/sys', '/var/lib/mock/centos-7-x86_64/root/sys'] with env {'TERM': 'vt100', 'SHELL': '/bin/sh', 'HOME': '/builddir', 'HOSTNAME': 'mock', 'PATH': '/usr/bin:/bin:/usr/sbin:/sbin', 'LANG': 'C.UTF-8'} and shell False
DEBUG util.py:688:  Child return code was: 0
DEBUG util.py:717:  child environment: None
DEBUG util.py:636:  Executing command: ['/bin/mount', '-n', '-o', 'remount,nodev,noexec,nosuid,readonly,rprivate,rbind', '--target', '/var/lib/mock/centos-7-x86_64/root/sys'] with env {'TERM': 'vt100', 'SHELL': '/bin/sh', 'HOME': '/builddir', 'HOSTNAME': 'mock', 'PATH': '/usr/bin:/bin:/usr/sbin:/sbin', 'LANG': 'C.UTF-8'} and shell False
DEBUG util.py:688:  Child return code was: 0
DEBUG file_util.py:17:  ensuring that dir exists: /var/lib/mock/centos-7-x86_64/root/dev/shm
DEBUG util.py:717:  child environment: None
DEBUG util.py:636:  Executing command: ['/bin/mount', '-n', '-t', 'tmpfs', 'tmpfs', '/var/lib/mock/centos-7-x86_64/root/dev/shm'] with env {'TERM': 'vt100', 'SHELL': '/bin/sh', 'HOME': '/builddir', 'HOSTNAME': 'mock', 'PATH': '/usr/bin:/bin:/usr/sbin:/sbin', 'LANG': 'C.UTF-8'} and shell False
DEBUG util.py:688:  Child return code was: 0
DEBUG file_util.py:17:  ensuring that dir exists: /var/lib/mock/centos-7-x86_64/root/dev/pts
DEBUG util.py:717:  child environment: None
DEBUG util.py:636:  Executing command: ['/bin/mount', '-n', '-t', 'devpts', '-o', 'gid=5,mode=0620,ptmxmode=0666,newinstance', 'devpts', '/var/lib/mock/centos-7-x86_64/root/dev/pts'] with env {'TERM': 'vt100', 'SHELL': '/bin/sh', 'HOME': '/builddir', 'HOSTNAME': 'mock', 'PATH': '/usr/bin:/bin:/usr/sbin:/sbin', 'LANG': 'C.UTF-8'} and shell False
DEBUG util.py:688:  Child return code was: 0
DEBUG util.py:717:  child environment: None
DEBUG util.py:636:  Executing command: ['/bin/mount', '-n', '-o', 'bind', '/tmp/mock-selinux-plugin.2l_i7hf4', '/var/lib/mock/centos-7-x86_64/root/proc/filesystems'] with env {'TERM': 'vt100', 'SHELL': '/bin/sh', 'HOME': '/builddir', 'HOSTNAME': 'mock', 'PATH': '/usr/bin:/bin:/usr/sbin:/sbin', 'LANG': 'C.UTF-8'} and shell False
DEBUG util.py:688:  Child return code was: 0
DEBUG file_util.py:17:  ensuring that dir exists: /var/lib/mock/centos-7-x86_64/root/sys/fs/selinux
DEBUG util.py:717:  child environment: None
DEBUG util.py:636:  Executing command: ['/bin/mount', '-n', '-t', 'tmpfs', 'tmpfs', '/var/lib/mock/centos-7-x86_64/root/sys/fs/selinux'] with env {'TERM': 'vt100', 'SHELL': '/bin/sh', 'HOME': '/builddir', 'HOSTNAME': 'mock', 'PATH': '/usr/bin:/bin:/usr/sbin:/sbin', 'LANG': 'C.UTF-8'} and shell False
DEBUG util.py:688:  Child return code was: 0
DEBUG file_util.py:17:  ensuring that dir exists: /var/lib/mock/centos-7-x86_64-bootstrap/root/var/lib/mock/centos-7-x86_64/root
DEBUG util.py:717:  child environment: None
DEBUG util.py:636:  Executing command: ['/bin/mount', '-n', '-t', 'tmpfs', '-o', 'private,mode=0755', 'tmpfs', '/var/lib/mock/centos-7-x86_64-bootstrap/root/var/lib/mock/centos-7-x86_64/root'] with env {'TERM': 'vt100', 'SHELL': '/bin/sh', 'HOME': '/builddir', 'HOSTNAME': 'mock', 'PATH': '/usr/bin:/bin:/usr/sbin:/sbin', 'LANG': 'C.UTF-8'} and shell False
DEBUG util.py:688:  Child return code was: 0
DEBUG file_util.py:17:  ensuring that dir exists: /var/lib/mock/centos-7-x86_64-bootstrap/root/var/lib/mock/centos-7-x86_64/root
DEBUG util.py:717:  child environment: None
DEBUG util.py:636:  Executing command: ['/bin/mount', '-n', '-o', 'rbind', '/var/lib/mock/centos-7-x86_64/root', '/var/lib/mock/centos-7-x86_64-bootstrap/root/var/lib/mock/centos-7-x86_64/root'] with env {'TERM': 'vt100', 'SHELL': '/bin/sh', 'HOME': '/builddir', 'HOSTNAME': 'mock', 'PATH': '/usr/bin:/bin:/usr/sbin:/sbin', 'LANG': 'C.UTF-8'} and shell False
DEBUG util.py:688:  Child return code was: 0
DEBUG util.py:717:  child environment: None
DEBUG util.py:636:  Executing command: ['/bin/mount', '-n', '-o', 'remount,private,rbind', '--target', '/var/lib/mock/centos-7-x86_64-bootstrap/root/var/lib/mock/centos-7-x86_64/root'] with env {'TERM': 'vt100', 'SHELL': '/bin/sh', 'HOME': '/builddir', 'HOSTNAME': 'mock', 'PATH': '/usr/bin:/bin:/usr/sbin:/sbin', 'LANG': 'C.UTF-8'} and shell False
DEBUG util.py:688:  Child return code was: 0
DEBUG file_util.py:17:  ensuring that dir exists: /var/lib/mock/centos-7-x86_64/root/installation-homedir
DEBUG file_util.py:20:  created dir: /var/lib/mock/centos-7-x86_64/root/installation-homedir
DEBUG package_manager.py:296:  ['/usr/bin/yum', '--installroot', '/var/lib/mock/centos-7-x86_64/root/', '--releasever', '7', 'install', 'bash', 'bzip2', 'coreutils', 'cpio', 'diffutils', 'findutils', 'gawk', 'gcc', 'gcc-c++', 'grep', 'gzip', 'info', 'make', 'patch', 'redhat-rpm-config', 'rpm-build', 'sed', 'tar', 'unzip', 'util-linux', 'which', 'xz']
DEBUG util.py:717:  child environment: None
DEBUG util.py:631:  Using nspawn with args ['--capability=cap_ipc_lock', '--resolv-conf=off']
DEBUG util.py:636:  Executing command: ['/usr/bin/systemd-nspawn', '-q', '-M', 'e83c9fdd10994beda321484eb3b8807f', '-D', '/var/lib/mock/centos-7-x86_64-bootstrap/root', '-a', '--capability=cap_ipc_lock', '--resolv-conf=off', '--setenv=TERM=vt100', '--setenv=SHELL=/bin/bash', '--setenv=HOME=/var/lib/mock/centos-7-x86_64/root/installation-homedir', '--setenv=HOSTNAME=mock', '--setenv=PATH=/usr/bin:/bin:/usr/sbin:/sbin', '--setenv=PROMPT_COMMAND=printf "\\033]0;<mock-chroot>\\007"', '--setenv=PS1=<mock-chroot> \\s-\\v\\$ ', '--setenv=LANG=C.UTF-8', '--setenv=LC_MESSAGES=C.UTF-8', '/usr/bin/yum', '--installroot', '/var/lib/mock/centos-7-x86_64/root/', '--releasever', '7', 'install', 'bash', 'bzip2', 'coreutils', 'cpio', 'diffutils', 'findutils', 'gawk', 'gcc', 'gcc-c++', 'grep', 'gzip', 'info', 'make', 'patch', 'redhat-rpm-config', 'rpm-build', 'sed', 'tar', 'unzip', 'util-linux', 'which', 'xz', '--setopt=tsflags=nocontexts'] with env {'TERM': 'vt100', 'SHELL': '/bin/bash', 'HOME': '/var/lib/mock/centos-7-x86_64/root/installation-homedir', 'HOSTNAME': 'mock', 'PATH': '/usr/bin:/bin:/usr/sbin:/sbin', 'PROMPT_COMMAND': 'printf "\\033]0;<mock-chroot>\\007"', 'PS1': '<mock-chroot> \\s-\\v\\$ ', 'LANG': 'C.UTF-8', 'LC_MESSAGES': 'C.UTF-8', 'SYSTEMD_NSPAWN_TMPFS_TMP': '0', 'SYSTEMD_SECCOMP': '0'} and shell False
DEBUG util.py:535:  Failed to set locale, defaulting to C
DEBUG util.py:537:  base                                                                                                                                                                  | 3.6 kB  00:00:00     
DEBUG util.py:537:  centos-sclo-rh                                                                                                                                                        | 3.0 kB  00:00:00     
DEBUG util.py:537:  centos-sclo-sclo                                                                                                                                                      | 3.0 kB  00:00:00     
DEBUG util.py:537:  extras                                                                                                                                                                | 2.9 kB  00:00:00     
DEBUG util.py:537:  updates                                                                                                                                                               | 2.9 kB  00:00:00     
DEBUG util.py:537:  (1/5): centos-sclo-sclo/x86_64/primary_db                                                                                                                             | 300 kB  00:00:00     
DEBUG util.py:537:  (2/5): extras/x86_64/primary_db                                                                                                                                       | 253 kB  00:00:00     
DEBUG util.py:537:  (3/5): centos-sclo-rh/x86_64/primary_db                                                                                                                               | 3.4 MB  00:00:01     
DEBUG util.py:537:  (4/5): base/x86_64/primary_db                                                                                                                                         | 6.1 MB  00:00:01     
DEBUG util.py:537:  (5/5): updates/x86_64/primary_db                                                                                                                                      |  27 MB  00:00:03     
DEBUG util.py:537:  Resolving Dependencies
DEBUG util.py:537:  --> Running transaction check
DEBUG util.py:537:  ---> Package bash.x86_64 0:4.2.46-35.el7_9 will be installed
DEBUG util.py:537:  --> Processing Dependency: rtld(GNU_HASH) for package: bash-4.2.46-35.el7_9.x86_64
DEBUG util.py:537:  --> Processing Dependency: libdl.so.2(GLIBC_2.2.5)(64bit) for package: bash-4.2.46-35.el7_9.x86_64
DEBUG util.py:537:  --> Processing Dependency: libc.so.6(GLIBC_2.15)(64bit) for package: bash-4.2.46-35.el7_9.x86_64
DEBUG util.py:537:  --> Processing Dependency: libtinfo.so.5()(64bit) for package: bash-4.2.46-35.el7_9.x86_64
DEBUG util.py:537:  --> Processing Dependency: libdl.so.2()(64bit) for package: bash-4.2.46-35.el7_9.x86_64
DEBUG util.py:537:  ---> Package bzip2.x86_64 0:1.0.6-13.el7 will be installed
DEBUG util.py:537:  --> Processing Dependency: bzip2-libs = 1.0.6-13.el7 for package: bzip2-1.0.6-13.el7.x86_64
DEBUG util.py:537:  --> Processing Dependency: libbz2.so.1()(64bit) for package: bzip2-1.0.6-13.el7.x86_64
DEBUG util.py:537:  ---> Package coreutils.x86_64 0:8.22-24.el7_9.2 will be installed
DEBUG util.py:537:  --> Processing Dependency: ncurses for package: coreutils-8.22-24.el7_9.2.x86_64
DEBUG util.py:537:  --> Processing Dependency: libcrypto.so.10(libcrypto.so.10)(64bit) for package: coreutils-8.22-24.el7_9.2.x86_64
DEBUG util.py:537:  --> Processing Dependency: libattr.so.1(ATTR_1.1)(64bit) for package: coreutils-8.22-24.el7_9.2.x86_64
DEBUG util.py:537:  --> Processing Dependency: libacl.so.1(ACL_1.0)(64bit) for package: coreutils-8.22-24.el7_9.2.x86_64
DEBUG util.py:537:  --> Processing Dependency: gmp for package: coreutils-8.22-24.el7_9.2.x86_64
DEBUG util.py:537:  --> Processing Dependency: libselinux.so.1()(64bit) for package: coreutils-8.22-24.el7_9.2.x86_64
DEBUG util.py:537:  --> Processing Dependency: libgmp.so.10()(64bit) for package: coreutils-8.22-24.el7_9.2.x86_64
DEBUG util.py:537:  --> Processing Dependency: libcrypto.so.10()(64bit) for package: coreutils-8.22-24.el7_9.2.x86_64
DEBUG util.py:537:  --> Processing Dependency: libcap.so.2()(64bit) for package: coreutils-8.22-24.el7_9.2.x86_64
DEBUG util.py:537:  --> Processing Dependency: libattr.so.1()(64bit) for package: coreutils-8.22-24.el7_9.2.x86_64
DEBUG util.py:537:  --> Processing Dependency: libacl.so.1()(64bit) for package: coreutils-8.22-24.el7_9.2.x86_64
DEBUG util.py:537:  ---> Package cpio.x86_64 0:2.11-28.el7 will be installed
DEBUG util.py:537:  ---> Package diffutils.x86_64 0:3.3-6.el7_9 will be installed
DEBUG util.py:537:  ---> Package findutils.x86_64 1:4.5.11-6.el7 will be installed
DEBUG util.py:537:  ---> Package gawk.x86_64 0:4.0.2-4.el7_3.1 will be installed
DEBUG util.py:537:  ---> Package gcc.x86_64 0:4.8.5-44.el7 will be installed
DEBUG util.py:537:  --> Processing Dependency: libgomp = 4.8.5-44.el7 for package: gcc-4.8.5-44.el7.x86_64
DEBUG util.py:537:  --> Processing Dependency: cpp = 4.8.5-44.el7 for package: gcc-4.8.5-44.el7.x86_64
DEBUG util.py:537:  --> Processing Dependency: libgcc >= 4.8.5-44.el7 for package: gcc-4.8.5-44.el7.x86_64
DEBUG util.py:537:  --> Processing Dependency: glibc-devel >= 2.2.90-12 for package: gcc-4.8.5-44.el7.x86_64
DEBUG util.py:537:  --> Processing Dependency: binutils >= 2.20.51.0.2-12 for package: gcc-4.8.5-44.el7.x86_64
DEBUG util.py:537:  --> Processing Dependency: libz.so.1()(64bit) for package: gcc-4.8.5-44.el7.x86_64
DEBUG util.py:537:  --> Processing Dependency: libmpfr.so.4()(64bit) for package: gcc-4.8.5-44.el7.x86_64
DEBUG util.py:537:  --> Processing Dependency: libmpc.so.3()(64bit) for package: gcc-4.8.5-44.el7.x86_64
DEBUG util.py:537:  --> Processing Dependency: libgomp.so.1()(64bit) for package: gcc-4.8.5-44.el7.x86_64
DEBUG util.py:537:  --> Processing Dependency: libgcc_s.so.1()(64bit) for package: gcc-4.8.5-44.el7.x86_64
DEBUG util.py:537:  ---> Package gcc-c++.x86_64 0:4.8.5-44.el7 will be installed
DEBUG util.py:537:  --> Processing Dependency: libstdc++-devel = 4.8.5-44.el7 for package: gcc-c++-4.8.5-44.el7.x86_64
DEBUG util.py:537:  --> Processing Dependency: libstdc++ = 4.8.5-44.el7 for package: gcc-c++-4.8.5-44.el7.x86_64
DEBUG util.py:537:  --> Processing Dependency: libstdc++.so.6()(64bit) for package: gcc-c++-4.8.5-44.el7.x86_64
DEBUG util.py:537:  ---> Package grep.x86_64 0:2.20-3.el7 will be installed
DEBUG util.py:537:  --> Processing Dependency: libpcre.so.1()(64bit) for package: grep-2.20-3.el7.x86_64
DEBUG util.py:537:  ---> Package gzip.x86_64 0:1.5-11.el7_9 will be installed
DEBUG util.py:537:  ---> Package info.x86_64 0:5.1-5.el7 will be installed
DEBUG util.py:537:  ---> Package make.x86_64 1:3.82-24.el7 will be installed
DEBUG util.py:537:  ---> Package patch.x86_64 0:2.7.1-12.el7_7 will be installed
DEBUG util.py:537:  ---> Package redhat-rpm-config.noarch 0:9.1.0-88.el7.centos will be installed
DEBUG util.py:537:  --> Processing Dependency: rpm >= 4.9.0 for package: redhat-rpm-config-9.1.0-88.el7.centos.noarch
DEBUG util.py:537:  --> Processing Dependency: dwz >= 0.4 for package: redhat-rpm-config-9.1.0-88.el7.centos.noarch
DEBUG util.py:537:  --> Processing Dependency: zip for package: redhat-rpm-config-9.1.0-88.el7.centos.noarch
DEBUG util.py:537:  --> Processing Dependency: python-srpm-macros for package: redhat-rpm-config-9.1.0-88.el7.centos.noarch
DEBUG util.py:537:  --> Processing Dependency: perl-srpm-macros for package: redhat-rpm-config-9.1.0-88.el7.centos.noarch
DEBUG util.py:537:  --> Processing Dependency: perl(Getopt::Long) for package: redhat-rpm-config-9.1.0-88.el7.centos.noarch
DEBUG util.py:537:  --> Processing Dependency: /usr/bin/perl for package: redhat-rpm-config-9.1.0-88.el7.centos.noarch
DEBUG util.py:537:  ---> Package rpm-build.x86_64 0:4.11.3-48.el7_9 will be installed
DEBUG util.py:537:  --> Processing Dependency: pkgconfig >= 1:0.24 for package: rpm-build-4.11.3-48.el7_9.x86_64
DEBUG util.py:537:  --> Processing Dependency: elfutils >= 0.128 for package: rpm-build-4.11.3-48.el7_9.x86_64
DEBUG util.py:537:  --> Processing Dependency: perl(threads) for package: rpm-build-4.11.3-48.el7_9.x86_64
DEBUG util.py:537:  --> Processing Dependency: perl(Thread::Queue) for package: rpm-build-4.11.3-48.el7_9.x86_64
DEBUG util.py:537:  --> Processing Dependency: perl(File::Temp) for package: rpm-build-4.11.3-48.el7_9.x86_64
DEBUG util.py:537:  --> Processing Dependency: libpopt.so.0(LIBPOPT_0)(64bit) for package: rpm-build-4.11.3-48.el7_9.x86_64
DEBUG util.py:537:  --> Processing Dependency: libelf.so.1(ELFUTILS_1.0)(64bit) for package: rpm-build-4.11.3-48.el7_9.x86_64
DEBUG util.py:537:  --> Processing Dependency: file for package: rpm-build-4.11.3-48.el7_9.x86_64
DEBUG util.py:537:  --> Processing Dependency: /usr/bin/gdb-add-index for package: rpm-build-4.11.3-48.el7_9.x86_64
DEBUG util.py:537:  --> Processing Dependency: librpmio.so.3()(64bit) for package: rpm-build-4.11.3-48.el7_9.x86_64
DEBUG util.py:537:  --> Processing Dependency: librpmbuild.so.3()(64bit) for package: rpm-build-4.11.3-48.el7_9.x86_64
DEBUG util.py:537:  --> Processing Dependency: librpm.so.3()(64bit) for package: rpm-build-4.11.3-48.el7_9.x86_64
DEBUG util.py:537:  --> Processing Dependency: libpopt.so.0()(64bit) for package: rpm-build-4.11.3-48.el7_9.x86_64
DEBUG util.py:537:  --> Processing Dependency: libnss3.so()(64bit) for package: rpm-build-4.11.3-48.el7_9.x86_64
DEBUG util.py:537:  --> Processing Dependency: libmagic.so.1()(64bit) for package: rpm-build-4.11.3-48.el7_9.x86_64
DEBUG util.py:537:  --> Processing Dependency: liblzma.so.5()(64bit) for package: rpm-build-4.11.3-48.el7_9.x86_64
DEBUG util.py:537:  --> Processing Dependency: liblua-5.1.so()(64bit) for package: rpm-build-4.11.3-48.el7_9.x86_64
DEBUG util.py:537:  --> Processing Dependency: libelf.so.1()(64bit) for package: rpm-build-4.11.3-48.el7_9.x86_64
DEBUG util.py:537:  --> Processing Dependency: libdb-5.3.so()(64bit) for package: rpm-build-4.11.3-48.el7_9.x86_64
DEBUG util.py:537:  --> Processing Dependency: libaudit.so.1()(64bit) for package: rpm-build-4.11.3-48.el7_9.x86_64
DEBUG util.py:537:  ---> Package sed.x86_64 0:4.2.2-7.el7 will be installed
DEBUG util.py:537:  ---> Package tar.x86_64 2:1.26-35.el7 will be installed
DEBUG util.py:537:  ---> Package unzip.x86_64 0:6.0-24.el7_9 will be installed
DEBUG util.py:537:  ---> Package util-linux.x86_64 0:2.23.2-65.el7_9.1 will be installed
DEBUG util.py:537:  --> Processing Dependency: libuuid = 2.23.2-65.el7_9.1 for package: util-linux-2.23.2-65.el7_9.1.x86_64
DEBUG util.py:537:  --> Processing Dependency: libsmartcols = 2.23.2-65.el7_9.1 for package: util-linux-2.23.2-65.el7_9.1.x86_64
DEBUG util.py:537:  --> Processing Dependency: libmount = 2.23.2-65.el7_9.1 for package: util-linux-2.23.2-65.el7_9.1.x86_64
DEBUG util.py:537:  --> Processing Dependency: libblkid = 2.23.2-65.el7_9.1 for package: util-linux-2.23.2-65.el7_9.1.x86_64
DEBUG util.py:537:  --> Processing Dependency: pam >= 1.1.3-7 for package: util-linux-2.23.2-65.el7_9.1.x86_64
DEBUG util.py:537:  --> Processing Dependency: libuuid.so.1(UUID_1.0)(64bit) for package: util-linux-2.23.2-65.el7_9.1.x86_64
DEBUG util.py:537:  --> Processing Dependency: libutempter.so.0(UTEMPTER_1.1)(64bit) for package: util-linux-2.23.2-65.el7_9.1.x86_64
DEBUG util.py:537:  --> Processing Dependency: libudev.so.1(LIBUDEV_183)(64bit) for package: util-linux-2.23.2-65.el7_9.1.x86_64
DEBUG util.py:537:  --> Processing Dependency: libsystemd.so.0(LIBSYSTEMD_209)(64bit) for package: util-linux-2.23.2-65.el7_9.1.x86_64
DEBUG util.py:537:  --> Processing Dependency: libsmartcols.so.1(SMARTCOLS_2.25)(64bit) for package: util-linux-2.23.2-65.el7_9.1.x86_64
DEBUG util.py:537:  --> Processing Dependency: libpam_misc.so.0(LIBPAM_MISC_1.0)(64bit) for package: util-linux-2.23.2-65.el7_9.1.x86_64
DEBUG util.py:537:  --> Processing Dependency: libpam.so.0(LIBPAM_1.0)(64bit) for package: util-linux-2.23.2-65.el7_9.1.x86_64
DEBUG util.py:537:  --> Processing Dependency: libmount.so.1(MOUNT_2.25)(64bit) for package: util-linux-2.23.2-65.el7_9.1.x86_64
DEBUG util.py:537:  --> Processing Dependency: libmount.so.1(MOUNT_2.23)(64bit) for package: util-linux-2.23.2-65.el7_9.1.x86_64
DEBUG util.py:537:  --> Processing Dependency: libmount.so.1(MOUNT_2.22)(64bit) for package: util-linux-2.23.2-65.el7_9.1.x86_64
DEBUG util.py:537:  --> Processing Dependency: libmount.so.1(MOUNT_2.21)(64bit) for package: util-linux-2.23.2-65.el7_9.1.x86_64
DEBUG util.py:537:  --> Processing Dependency: libmount.so.1(MOUNT_2.20)(64bit) for package: util-linux-2.23.2-65.el7_9.1.x86_64
DEBUG util.py:537:  --> Processing Dependency: libmount.so.1(MOUNT_2.19)(64bit) for package: util-linux-2.23.2-65.el7_9.1.x86_64
DEBUG util.py:537:  --> Processing Dependency: libblkid.so.1(BLKID_2.21)(64bit) for package: util-linux-2.23.2-65.el7_9.1.x86_64
DEBUG util.py:537:  --> Processing Dependency: libblkid.so.1(BLKID_2.20)(64bit) for package: util-linux-2.23.2-65.el7_9.1.x86_64
DEBUG util.py:537:  --> Processing Dependency: libblkid.so.1(BLKID_2.18)(64bit) for package: util-linux-2.23.2-65.el7_9.1.x86_64
DEBUG util.py:537:  --> Processing Dependency: libblkid.so.1(BLKID_2.17)(64bit) for package: util-linux-2.23.2-65.el7_9.1.x86_64
DEBUG util.py:537:  --> Processing Dependency: libblkid.so.1(BLKID_2.15)(64bit) for package: util-linux-2.23.2-65.el7_9.1.x86_64
DEBUG util.py:537:  --> Processing Dependency: libblkid.so.1(BLKID_1.0)(64bit) for package: util-linux-2.23.2-65.el7_9.1.x86_64
DEBUG util.py:537:  --> Processing Dependency: /etc/pam.d/system-auth for package: util-linux-2.23.2-65.el7_9.1.x86_64
DEBUG util.py:537:  --> Processing Dependency: libuuid.so.1()(64bit) for package: util-linux-2.23.2-65.el7_9.1.x86_64
DEBUG util.py:537:  --> Processing Dependency: libutempter.so.0()(64bit) for package: util-linux-2.23.2-65.el7_9.1.x86_64
DEBUG util.py:537:  --> Processing Dependency: libuser.so.1()(64bit) for package: util-linux-2.23.2-65.el7_9.1.x86_64
DEBUG util.py:537:  --> Processing Dependency: libudev.so.1()(64bit) for package: util-linux-2.23.2-65.el7_9.1.x86_64
DEBUG util.py:537:  --> Processing Dependency: libsystemd.so.0()(64bit) for package: util-linux-2.23.2-65.el7_9.1.x86_64
DEBUG util.py:537:  --> Processing Dependency: libsmartcols.so.1()(64bit) for package: util-linux-2.23.2-65.el7_9.1.x86_64
DEBUG util.py:537:  --> Processing Dependency: libpam_misc.so.0()(64bit) for package: util-linux-2.23.2-65.el7_9.1.x86_64
DEBUG util.py:537:  --> Processing Dependency: libpam.so.0()(64bit) for package: util-linux-2.23.2-65.el7_9.1.x86_64
DEBUG util.py:537:  --> Processing Dependency: libmount.so.1()(64bit) for package: util-linux-2.23.2-65.el7_9.1.x86_64
DEBUG util.py:537:  --> Processing Dependency: libcap-ng.so.0()(64bit) for package: util-linux-2.23.2-65.el7_9.1.x86_64
DEBUG util.py:537:  --> Processing Dependency: libblkid.so.1()(64bit) for package: util-linux-2.23.2-65.el7_9.1.x86_64
DEBUG util.py:537:  ---> Package which.x86_64 0:2.20-7.el7 will be installed
DEBUG util.py:537:  ---> Package xz.x86_64 0:5.2.2-2.el7_9 will be installed
DEBUG util.py:537:  --> Running transaction check
DEBUG util.py:537:  ---> Package audit-libs.x86_64 0:2.8.5-4.el7 will be installed
DEBUG util.py:537:  ---> Package binutils.x86_64 0:2.27-44.base.el7_9.1 will be installed
DEBUG util.py:537:  --> Processing Dependency: /usr/sbin/alternatives for package: binutils-2.27-44.base.el7_9.1.x86_64
DEBUG util.py:537:  --> Processing Dependency: /usr/sbin/alternatives for package: binutils-2.27-44.base.el7_9.1.x86_64
DEBUG util.py:537:  ---> Package bzip2-libs.x86_64 0:1.0.6-13.el7 will be installed
DEBUG util.py:537:  ---> Package cpp.x86_64 0:4.8.5-44.el7 will be installed
DEBUG util.py:537:  --> Processing Dependency: filesystem >= 3 for package: cpp-4.8.5-44.el7.x86_64
DEBUG util.py:537:  ---> Package dwz.x86_64 0:0.11-3.el7 will be installed
DEBUG util.py:537:  ---> Package elfutils.x86_64 0:0.176-5.el7 will be installed
DEBUG util.py:537:  --> Processing Dependency: elfutils-libs(x86-64) = 0.176-5.el7 for package: elfutils-0.176-5.el7.x86_64
DEBUG util.py:537:  --> Processing Dependency: libdw.so.1(ELFUTILS_0.175)(64bit) for package: elfutils-0.176-5.el7.x86_64
DEBUG util.py:537:  --> Processing Dependency: libdw.so.1(ELFUTILS_0.173)(64bit) for package: elfutils-0.176-5.el7.x86_64
DEBUG util.py:537:  --> Processing Dependency: libdw.so.1(ELFUTILS_0.171)(64bit) for package: elfutils-0.176-5.el7.x86_64
DEBUG util.py:537:  --> Processing Dependency: libdw.so.1(ELFUTILS_0.167)(64bit) for package: elfutils-0.176-5.el7.x86_64
DEBUG util.py:537:  --> Processing Dependency: libdw.so.1(ELFUTILS_0.165)(64bit) for package: elfutils-0.176-5.el7.x86_64
DEBUG util.py:537:  --> Processing Dependency: libdw.so.1(ELFUTILS_0.161)(64bit) for package: elfutils-0.176-5.el7.x86_64
DEBUG util.py:537:  --> Processing Dependency: libdw.so.1(ELFUTILS_0.160)(64bit) for package: elfutils-0.176-5.el7.x86_64
DEBUG util.py:537:  --> Processing Dependency: libdw.so.1(ELFUTILS_0.159)(64bit) for package: elfutils-0.176-5.el7.x86_64
DEBUG util.py:537:  --> Processing Dependency: libdw.so.1(ELFUTILS_0.158)(64bit) for package: elfutils-0.176-5.el7.x86_64
DEBUG util.py:537:  --> Processing Dependency: libdw.so.1(ELFUTILS_0.149)(64bit) for package: elfutils-0.176-5.el7.x86_64
DEBUG util.py:537:  --> Processing Dependency: libdw.so.1(ELFUTILS_0.148)(64bit) for package: elfutils-0.176-5.el7.x86_64
DEBUG util.py:537:  --> Processing Dependency: libdw.so.1(ELFUTILS_0.138)(64bit) for package: elfutils-0.176-5.el7.x86_64
DEBUG util.py:537:  --> Processing Dependency: libdw.so.1(ELFUTILS_0.130)(64bit) for package: elfutils-0.176-5.el7.x86_64
DEBUG util.py:537:  --> Processing Dependency: libdw.so.1(ELFUTILS_0.127)(64bit) for package: elfutils-0.176-5.el7.x86_64
DEBUG util.py:537:  --> Processing Dependency: libdw.so.1(ELFUTILS_0.126)(64bit) for package: elfutils-0.176-5.el7.x86_64
DEBUG util.py:537:  --> Processing Dependency: libdw.so.1(ELFUTILS_0.122)(64bit) for package: elfutils-0.176-5.el7.x86_64
DEBUG util.py:537:  --> Processing Dependency: libasm.so.1(ELFUTILS_1.0)(64bit) for package: elfutils-0.176-5.el7.x86_64
DEBUG util.py:537:  --> Processing Dependency: libdw.so.1()(64bit) for package: elfutils-0.176-5.el7.x86_64
DEBUG util.py:537:  --> Processing Dependency: libasm.so.1()(64bit) for package: elfutils-0.176-5.el7.x86_64
DEBUG util.py:537:  ---> Package elfutils-libelf.x86_64 0:0.176-5.el7 will be installed
DEBUG util.py:537:  ---> Package file.x86_64 0:5.11-37.el7 will be installed
DEBUG util.py:537:  ---> Package file-libs.x86_64 0:5.11-37.el7 will be installed
DEBUG util.py:537:  ---> Package gdb.x86_64 0:7.6.1-120.el7 will be installed
DEBUG util.py:537:  --> Processing Dependency: libreadline.so.6()(64bit) for package: gdb-7.6.1-120.el7.x86_64
DEBUG util.py:537:  --> Processing Dependency: libpython2.7.so.1.0()(64bit) for package: gdb-7.6.1-120.el7.x86_64
DEBUG util.py:537:  --> Processing Dependency: libexpat.so.1()(64bit) for package: gdb-7.6.1-120.el7.x86_64
DEBUG util.py:537:  ---> Package glibc.x86_64 0:2.17-326.el7_9.3 will be installed
DEBUG util.py:537:  --> Processing Dependency: glibc-common = 2.17-326.el7_9.3 for package: glibc-2.17-326.el7_9.3.x86_64
DEBUG util.py:537:  --> Processing Dependency: libfreebl3.so(NSSRAWHASH_3.12.3)(64bit) for package: glibc-2.17-326.el7_9.3.x86_64
DEBUG util.py:537:  --> Processing Dependency: basesystem for package: glibc-2.17-326.el7_9.3.x86_64
DEBUG util.py:537:  --> Processing Dependency: libfreebl3.so()(64bit) for package: glibc-2.17-326.el7_9.3.x86_64
DEBUG util.py:537:  ---> Package glibc-devel.x86_64 0:2.17-326.el7_9.3 will be installed
DEBUG util.py:537:  --> Processing Dependency: glibc-headers = 2.17-326.el7_9.3 for package: glibc-devel-2.17-326.el7_9.3.x86_64
DEBUG util.py:537:  --> Processing Dependency: glibc-headers for package: glibc-devel-2.17-326.el7_9.3.x86_64
DEBUG util.py:537:  ---> Package gmp.x86_64 1:6.0.0-15.el7 will be installed
DEBUG util.py:537:  ---> Package libacl.x86_64 0:2.2.51-15.el7 will be installed
DEBUG util.py:537:  ---> Package libattr.x86_64 0:2.4.46-13.el7 will be installed
DEBUG util.py:537:  ---> Package libblkid.x86_64 0:2.23.2-65.el7_9.1 will be installed
DEBUG util.py:537:  ---> Package libcap.x86_64 0:2.22-11.el7 will be installed
DEBUG util.py:537:  ---> Package libcap-ng.x86_64 0:0.7.5-4.el7 will be installed
DEBUG util.py:537:  ---> Package libdb.x86_64 0:5.3.21-25.el7 will be installed
DEBUG util.py:537:  ---> Package libgcc.x86_64 0:4.8.5-44.el7 will be installed
DEBUG util.py:537:  ---> Package libgomp.x86_64 0:4.8.5-44.el7 will be installed
DEBUG util.py:537:  ---> Package libmount.x86_64 0:2.23.2-65.el7_9.1 will be installed
DEBUG util.py:537:  ---> Package libmpc.x86_64 0:1.0.1-3.el7 will be installed
DEBUG util.py:537:  ---> Package libselinux.x86_64 0:2.5-15.el7 will be installed
DEBUG util.py:537:  --> Processing Dependency: libsepol(x86-64) >= 2.5-10 for package: libselinux-2.5-15.el7.x86_64
DEBUG util.py:537:  --> Processing Dependency: libsepol.so.1(LIBSEPOL_1.0)(64bit) for package: libselinux-2.5-15.el7.x86_64
DEBUG util.py:537:  --> Processing Dependency: libsepol.so.1()(64bit) for package: libselinux-2.5-15.el7.x86_64
DEBUG util.py:537:  ---> Package libsmartcols.x86_64 0:2.23.2-65.el7_9.1 will be installed
DEBUG util.py:537:  ---> Package libstdc++.x86_64 0:4.8.5-44.el7 will be installed
DEBUG util.py:537:  ---> Package libstdc++-devel.x86_64 0:4.8.5-44.el7 will be installed
DEBUG util.py:537:  ---> Package libuser.x86_64 0:0.60-9.el7 will be installed
DEBUG util.py:537:  --> Processing Dependency: libldap-2.4.so.2()(64bit) for package: libuser-0.60-9.el7.x86_64
DEBUG util.py:537:  --> Processing Dependency: libgobject-2.0.so.0()(64bit) for package: libuser-0.60-9.el7.x86_64
DEBUG util.py:537:  --> Processing Dependency: libgmodule-2.0.so.0()(64bit) for package: libuser-0.60-9.el7.x86_64
DEBUG util.py:537:  --> Processing Dependency: libglib-2.0.so.0()(64bit) for package: libuser-0.60-9.el7.x86_64
DEBUG util.py:537:  ---> Package libutempter.x86_64 0:1.1.6-4.el7 will be installed
DEBUG util.py:537:  --> Processing Dependency: shadow-utils for package: libutempter-1.1.6-4.el7.x86_64
DEBUG util.py:537:  ---> Package libuuid.x86_64 0:2.23.2-65.el7_9.1 will be installed
DEBUG util.py:537:  ---> Package lua.x86_64 0:5.1.4-15.el7 will be installed
DEBUG util.py:537:  ---> Package mpfr.x86_64 0:3.1.1-4.el7 will be installed
DEBUG util.py:537:  ---> Package ncurses.x86_64 0:5.9-14.20130511.el7_4 will be installed
DEBUG util.py:537:  ---> Package ncurses-libs.x86_64 0:5.9-14.20130511.el7_4 will be installed
DEBUG util.py:537:  --> Processing Dependency: ncurses-base = 5.9-14.20130511.el7_4 for package: ncurses-libs-5.9-14.20130511.el7_4.x86_64
DEBUG util.py:537:  ---> Package nss.x86_64 0:3.90.0-2.el7_9 will be installed
DEBUG util.py:537:  --> Processing Dependency: nss-util >= 3.90.0-1 for package: nss-3.90.0-2.el7_9.x86_64
DEBUG util.py:537:  --> Processing Dependency: nss-softokn(x86-64) >= 3.90.0-1 for package: nss-3.90.0-2.el7_9.x86_64
DEBUG util.py:537:  --> Processing Dependency: nspr >= 4.35.0 for package: nss-3.90.0-2.el7_9.x86_64
DEBUG util.py:537:  --> Processing Dependency: nss-system-init for package: nss-3.90.0-2.el7_9.x86_64
DEBUG util.py:537:  --> Processing Dependency: nss-pem(x86-64) for package: nss-3.90.0-2.el7_9.x86_64
DEBUG util.py:537:  --> Processing Dependency: libnssutil3.so(NSSUTIL_3.82)(64bit) for package: nss-3.90.0-2.el7_9.x86_64
DEBUG util.py:537:  --> Processing Dependency: libnssutil3.so(NSSUTIL_3.59)(64bit) for package: nss-3.90.0-2.el7_9.x86_64
DEBUG util.py:537:  --> Processing Dependency: libnssutil3.so(NSSUTIL_3.39)(64bit) for package: nss-3.90.0-2.el7_9.x86_64
DEBUG util.py:537:  --> Processing Dependency: libnssutil3.so(NSSUTIL_3.38)(64bit) for package: nss-3.90.0-2.el7_9.x86_64
DEBUG util.py:537:  --> Processing Dependency: libnssutil3.so(NSSUTIL_3.31)(64bit) for package: nss-3.90.0-2.el7_9.x86_64
DEBUG util.py:537:  --> Processing Dependency: libnssutil3.so(NSSUTIL_3.24)(64bit) for package: nss-3.90.0-2.el7_9.x86_64
DEBUG util.py:537:  --> Processing Dependency: libnssutil3.so(NSSUTIL_3.21)(64bit) for package: nss-3.90.0-2.el7_9.x86_64
DEBUG util.py:537:  --> Processing Dependency: libnssutil3.so(NSSUTIL_3.17.1)(64bit) for package: nss-3.90.0-2.el7_9.x86_64
DEBUG util.py:537:  --> Processing Dependency: libnssutil3.so(NSSUTIL_3.15)(64bit) for package: nss-3.90.0-2.el7_9.x86_64
DEBUG util.py:537:  --> Processing Dependency: libnssutil3.so(NSSUTIL_3.14)(64bit) for package: nss-3.90.0-2.el7_9.x86_64
DEBUG util.py:537:  --> Processing Dependency: libnssutil3.so(NSSUTIL_3.13)(64bit) for package: nss-3.90.0-2.el7_9.x86_64
DEBUG util.py:537:  --> Processing Dependency: libnssutil3.so(NSSUTIL_3.12.5)(64bit) for package: nss-3.90.0-2.el7_9.x86_64
DEBUG util.py:537:  --> Processing Dependency: libnssutil3.so(NSSUTIL_3.12.3)(64bit) for package: nss-3.90.0-2.el7_9.x86_64
DEBUG util.py:537:  --> Processing Dependency: libnssutil3.so(NSSUTIL_3.12)(64bit) for package: nss-3.90.0-2.el7_9.x86_64
DEBUG util.py:537:  --> Processing Dependency: libplds4.so()(64bit) for package: nss-3.90.0-2.el7_9.x86_64
DEBUG util.py:537:  --> Processing Dependency: libplc4.so()(64bit) for package: nss-3.90.0-2.el7_9.x86_64
DEBUG util.py:537:  --> Processing Dependency: libnssutil3.so()(64bit) for package: nss-3.90.0-2.el7_9.x86_64
DEBUG util.py:537:  --> Processing Dependency: libnspr4.so()(64bit) for package: nss-3.90.0-2.el7_9.x86_64
DEBUG util.py:537:  ---> Package openssl-libs.x86_64 1:1.0.2k-26.el7_9 will be installed
DEBUG util.py:537:  --> Processing Dependency: ca-certificates >= 2008-5 for package: 1:openssl-libs-1.0.2k-26.el7_9.x86_64
DEBUG util.py:537:  --> Processing Dependency: libkrb5.so.3(krb5_3_MIT)(64bit) for package: 1:openssl-libs-1.0.2k-26.el7_9.x86_64
DEBUG util.py:537:  --> Processing Dependency: libk5crypto.so.3(k5crypto_3_MIT)(64bit) for package: 1:openssl-libs-1.0.2k-26.el7_9.x86_64
DEBUG util.py:537:  --> Processing Dependency: libkrb5.so.3()(64bit) for package: 1:openssl-libs-1.0.2k-26.el7_9.x86_64
DEBUG util.py:537:  --> Processing Dependency: libk5crypto.so.3()(64bit) for package: 1:openssl-libs-1.0.2k-26.el7_9.x86_64
DEBUG util.py:537:  --> Processing Dependency: libgssapi_krb5.so.2()(64bit) for package: 1:openssl-libs-1.0.2k-26.el7_9.x86_64
DEBUG util.py:537:  --> Processing Dependency: libcom_err.so.2()(64bit) for package: 1:openssl-libs-1.0.2k-26.el7_9.x86_64
DEBUG util.py:537:  ---> Package pam.x86_64 0:1.1.8-23.el7 will be installed
DEBUG util.py:537:  --> Processing Dependency: libpwquality >= 0.9.9 for package: pam-1.1.8-23.el7.x86_64
DEBUG util.py:537:  --> Processing Dependency: cracklib-dicts >= 2.8 for package: pam-1.1.8-23.el7.x86_64
DEBUG util.py:537:  --> Processing Dependency: libcrack.so.2()(64bit) for package: pam-1.1.8-23.el7.x86_64
DEBUG util.py:537:  ---> Package pcre.x86_64 0:8.32-17.el7 will be installed
DEBUG util.py:537:  ---> Package perl.x86_64 4:5.16.3-299.el7_9 will be installed
DEBUG util.py:537:  --> Processing Dependency: perl-libs = 4:5.16.3-299.el7_9 for package: 4:perl-5.16.3-299.el7_9.x86_64
DEBUG util.py:537:  --> Processing Dependency: perl(Socket) >= 1.3 for package: 4:perl-5.16.3-299.el7_9.x86_64
DEBUG util.py:537:  --> Processing Dependency: perl(Scalar::Util) >= 1.10 for package: 4:perl-5.16.3-299.el7_9.x86_64
DEBUG util.py:537:  --> Processing Dependency: perl-macros for package: 4:perl-5.16.3-299.el7_9.x86_64
DEBUG util.py:537:  --> Processing Dependency: perl-libs for package: 4:perl-5.16.3-299.el7_9.x86_64
DEBUG util.py:537:  --> Processing Dependency: perl(threads::shared) for package: 4:perl-5.16.3-299.el7_9.x86_64
DEBUG util.py:537:  --> Processing Dependency: perl(constant) for package: 4:perl-5.16.3-299.el7_9.x86_64
DEBUG util.py:537:  --> Processing Dependency: perl(Time::Local) for package: 4:perl-5.16.3-299.el7_9.x86_64
DEBUG util.py:537:  --> Processing Dependency: perl(Time::HiRes) for package: 4:perl-5.16.3-299.el7_9.x86_64
DEBUG util.py:537:  --> Processing Dependency: perl(Storable) for package: 4:perl-5.16.3-299.el7_9.x86_64
DEBUG util.py:537:  --> Processing Dependency: perl(Socket) for package: 4:perl-5.16.3-299.el7_9.x86_64
DEBUG util.py:537:  --> Processing Dependency: perl(Scalar::Util) for package: 4:perl-5.16.3-299.el7_9.x86_64
DEBUG util.py:537:  --> Processing Dependency: perl(Pod::Simple::XHTML) for package: 4:perl-5.16.3-299.el7_9.x86_64
DEBUG util.py:537:  --> Processing Dependency: perl(Pod::Simple::Search) for package: 4:perl-5.16.3-299.el7_9.x86_64
DEBUG util.py:537:  --> Processing Dependency: perl(Filter::Util::Call) for package: 4:perl-5.16.3-299.el7_9.x86_64
DEBUG util.py:537:  --> Processing Dependency: perl(File::Spec::Unix) for package: 4:perl-5.16.3-299.el7_9.x86_64
DEBUG util.py:537:  --> Processing Dependency: perl(File::Spec::Functions) for package: 4:perl-5.16.3-299.el7_9.x86_64
DEBUG util.py:537:  --> Processing Dependency: perl(File::Spec) for package: 4:perl-5.16.3-299.el7_9.x86_64
DEBUG util.py:537:  --> Processing Dependency: perl(File::Path) for package: 4:perl-5.16.3-299.el7_9.x86_64
DEBUG util.py:537:  --> Processing Dependency: perl(Exporter) for package: 4:perl-5.16.3-299.el7_9.x86_64
DEBUG util.py:537:  --> Processing Dependency: perl(Cwd) for package: 4:perl-5.16.3-299.el7_9.x86_64
DEBUG util.py:537:  --> Processing Dependency: perl(Carp) for package: 4:perl-5.16.3-299.el7_9.x86_64
DEBUG util.py:537:  --> Processing Dependency: libperl.so()(64bit) for package: 4:perl-5.16.3-299.el7_9.x86_64
DEBUG util.py:537:  --> Processing Dependency: libgdbm_compat.so.4()(64bit) for package: 4:perl-5.16.3-299.el7_9.x86_64
DEBUG util.py:537:  --> Processing Dependency: libgdbm.so.4()(64bit) for package: 4:perl-5.16.3-299.el7_9.x86_64
DEBUG util.py:537:  ---> Package perl-File-Temp.noarch 0:0.23.01-3.el7 will be installed
DEBUG util.py:537:  ---> Package perl-Getopt-Long.noarch 0:2.40-3.el7 will be installed
DEBUG util.py:537:  --> Processing Dependency: perl(Pod::Usage) >= 1.14 for package: perl-Getopt-Long-2.40-3.el7.noarch
DEBUG util.py:537:  --> Processing Dependency: perl(Text::ParseWords) for package: perl-Getopt-Long-2.40-3.el7.noarch
DEBUG util.py:537:  ---> Package perl-Thread-Queue.noarch 0:3.02-2.el7 will be installed
DEBUG util.py:537:  ---> Package perl-srpm-macros.noarch 0:1-8.el7 will be installed
DEBUG util.py:537:  ---> Package perl-threads.x86_64 0:1.87-4.el7 will be installed
DEBUG util.py:537:  ---> Package pkgconfig.x86_64 1:0.27.1-4.el7 will be installed
DEBUG util.py:537:  ---> Package popt.x86_64 0:1.13-16.el7 will be installed
DEBUG util.py:537:  ---> Package python-srpm-macros.noarch 0:3-34.el7 will be installed
DEBUG util.py:537:  ---> Package rpm.x86_64 0:4.11.3-48.el7_9 will be installed
DEBUG util.py:537:  --> Processing Dependency: curl for package: rpm-4.11.3-48.el7_9.x86_64
DEBUG util.py:537:  --> Processing Dependency: /usr/bin/db_stat for package: rpm-4.11.3-48.el7_9.x86_64
DEBUG util.py:537:  ---> Package rpm-build-libs.x86_64 0:4.11.3-48.el7_9 will be installed
DEBUG util.py:537:  --> Processing Dependency: /usr/bin/gpg2 for package: rpm-build-libs-4.11.3-48.el7_9.x86_64
DEBUG util.py:537:  ---> Package rpm-libs.x86_64 0:4.11.3-48.el7_9 will be installed
DEBUG util.py:537:  ---> Package systemd-libs.x86_64 0:219-78.el7_9.9 will be installed
DEBUG util.py:537:  --> Processing Dependency: libgcrypt.so.11(GCRYPT_1.2)(64bit) for package: systemd-libs-219-78.el7_9.9.x86_64
DEBUG util.py:537:  --> Processing Dependency: liblz4.so.1()(64bit) for package: systemd-libs-219-78.el7_9.9.x86_64
DEBUG util.py:537:  --> Processing Dependency: libgpg-error.so.0()(64bit) for package: systemd-libs-219-78.el7_9.9.x86_64
DEBUG util.py:537:  --> Processing Dependency: libgcrypt.so.11()(64bit) for package: systemd-libs-219-78.el7_9.9.x86_64
DEBUG util.py:537:  ---> Package xz-libs.x86_64 0:5.2.2-2.el7_9 will be installed
DEBUG util.py:537:  ---> Package zip.x86_64 0:3.0-11.el7 will be installed
DEBUG util.py:537:  ---> Package zlib.x86_64 0:1.2.7-21.el7_9 will be installed
DEBUG util.py:537:  --> Running transaction check
DEBUG util.py:537:  ---> Package basesystem.noarch 0:10.0-7.el7.centos will be installed
DEBUG util.py:537:  --> Processing Dependency: setup for package: basesystem-10.0-7.el7.centos.noarch
DEBUG util.py:537:  ---> Package ca-certificates.noarch 0:2023.2.60_v7.0.306-72.el7_9 will be installed
DEBUG util.py:537:  --> Processing Dependency: p11-kit-trust >= 0.23.5 for package: ca-certificates-2023.2.60_v7.0.306-72.el7_9.noarch
DEBUG util.py:537:  --> Processing Dependency: p11-kit >= 0.23.5 for package: ca-certificates-2023.2.60_v7.0.306-72.el7_9.noarch
DEBUG util.py:537:  ---> Package chkconfig.x86_64 0:1.7.6-1.el7 will be installed
DEBUG util.py:537:  ---> Package cracklib.x86_64 0:2.9.0-11.el7 will be installed
DEBUG util.py:537:  ---> Package cracklib-dicts.x86_64 0:2.9.0-11.el7 will be installed
DEBUG util.py:537:  ---> Package curl.x86_64 0:7.29.0-59.el7_9.2 will be installed
DEBUG util.py:537:  --> Processing Dependency: libcurl = 7.29.0-59.el7_9.2 for package: curl-7.29.0-59.el7_9.2.x86_64
DEBUG util.py:537:  --> Processing Dependency: libcurl.so.4()(64bit) for package: curl-7.29.0-59.el7_9.2.x86_64
DEBUG util.py:537:  ---> Package elfutils-libs.x86_64 0:0.176-5.el7 will be installed
DEBUG util.py:537:  --> Processing Dependency: default-yama-scope for package: elfutils-libs-0.176-5.el7.x86_64
DEBUG util.py:537:  ---> Package expat.x86_64 0:2.1.0-15.el7_9 will be installed
DEBUG util.py:537:  ---> Package filesystem.x86_64 0:3.2-25.el7 will be installed
DEBUG util.py:537:  ---> Package gdbm.x86_64 0:1.10-8.el7 will be installed
DEBUG util.py:537:  ---> Package glib2.x86_64 0:2.56.1-9.el7_9 will be installed
DEBUG util.py:537:  --> Processing Dependency: shared-mime-info for package: glib2-2.56.1-9.el7_9.x86_64
DEBUG util.py:537:  --> Processing Dependency: libffi.so.6()(64bit) for package: glib2-2.56.1-9.el7_9.x86_64
DEBUG util.py:537:  ---> Package glibc-common.x86_64 0:2.17-326.el7_9.3 will be installed
DEBUG util.py:537:  --> Processing Dependency: tzdata >= 2003a for package: glibc-common-2.17-326.el7_9.3.x86_64
DEBUG util.py:537:  ---> Package glibc-headers.x86_64 0:2.17-326.el7_9.3 will be installed
DEBUG util.py:537:  --> Processing Dependency: kernel-headers >= 2.2.1 for package: glibc-headers-2.17-326.el7_9.3.x86_64
DEBUG util.py:537:  --> Processing Dependency: kernel-headers for package: glibc-headers-2.17-326.el7_9.3.x86_64
DEBUG util.py:537:  ---> Package gnupg2.x86_64 0:2.0.22-5.el7_5 will be installed
DEBUG util.py:537:  --> Processing Dependency: pinentry for package: gnupg2-2.0.22-5.el7_5.x86_64
DEBUG util.py:537:  --> Processing Dependency: libassuan.so.0(LIBASSUAN_1.0)(64bit) for package: gnupg2-2.0.22-5.el7_5.x86_64
DEBUG util.py:537:  --> Processing Dependency: libpth.so.20()(64bit) for package: gnupg2-2.0.22-5.el7_5.x86_64
DEBUG util.py:537:  --> Processing Dependency: libassuan.so.0()(64bit) for package: gnupg2-2.0.22-5.el7_5.x86_64
DEBUG util.py:537:  ---> Package krb5-libs.x86_64 0:1.15.1-55.el7_9 will be installed
DEBUG util.py:537:  --> Processing Dependency: keyutils-libs >= 1.5.8 for package: krb5-libs-1.15.1-55.el7_9.x86_64
DEBUG util.py:537:  --> Processing Dependency: libkeyutils.so.1(KEYUTILS_1.5)(64bit) for package: krb5-libs-1.15.1-55.el7_9.x86_64
DEBUG util.py:537:  --> Processing Dependency: libkeyutils.so.1(KEYUTILS_1.0)(64bit) for package: krb5-libs-1.15.1-55.el7_9.x86_64
DEBUG util.py:537:  --> Processing Dependency: libkeyutils.so.1(KEYUTILS_0.3)(64bit) for package: krb5-libs-1.15.1-55.el7_9.x86_64
DEBUG util.py:537:  --> Processing Dependency: libverto.so.1()(64bit) for package: krb5-libs-1.15.1-55.el7_9.x86_64
DEBUG util.py:537:  --> Processing Dependency: libkeyutils.so.1()(64bit) for package: krb5-libs-1.15.1-55.el7_9.x86_64
DEBUG util.py:537:  ---> Package libcom_err.x86_64 0:1.42.9-19.el7 will be installed
DEBUG util.py:537:  ---> Package libdb-utils.x86_64 0:5.3.21-25.el7 will be installed
DEBUG util.py:537:  ---> Package libgcrypt.x86_64 0:1.5.3-14.el7 will be installed
DEBUG util.py:537:  ---> Package libgpg-error.x86_64 0:1.12-3.el7 will be installed
DEBUG util.py:537:  ---> Package libpwquality.x86_64 0:1.2.3-5.el7 will be installed
DEBUG util.py:537:  ---> Package libsepol.x86_64 0:2.5-10.el7 will be installed
DEBUG util.py:537:  ---> Package lz4.x86_64 0:1.8.3-1.el7 will be installed
DEBUG util.py:537:  ---> Package ncurses-base.noarch 0:5.9-14.20130511.el7_4 will be installed
DEBUG util.py:537:  ---> Package nspr.x86_64 0:4.35.0-1.el7_9 will be installed
DEBUG util.py:537:  ---> Package nss-pem.x86_64 0:1.0.3-7.el7_9.1 will be installed
DEBUG util.py:537:  ---> Package nss-softokn.x86_64 0:3.90.0-6.el7_9 will be installed
DEBUG util.py:537:  --> Processing Dependency: libsqlite3.so.0()(64bit) for package: nss-softokn-3.90.0-6.el7_9.x86_64
DEBUG util.py:537:  ---> Package nss-softokn-freebl.x86_64 0:3.90.0-6.el7_9 will be installed
DEBUG util.py:537:  ---> Package nss-sysinit.x86_64 0:3.90.0-2.el7_9 will be installed
DEBUG util.py:537:  ---> Package nss-util.x86_64 0:3.90.0-1.el7_9 will be installed
DEBUG util.py:537:  ---> Package openldap.x86_64 0:2.4.44-25.el7_9 will be installed
DEBUG util.py:537:  --> Processing Dependency: nss-tools for package: openldap-2.4.44-25.el7_9.x86_64
DEBUG util.py:537:  --> Processing Dependency: libsasl2.so.3()(64bit) for package: openldap-2.4.44-25.el7_9.x86_64
DEBUG util.py:537:  ---> Package perl-Carp.noarch 0:1.26-244.el7 will be installed
DEBUG util.py:537:  ---> Package perl-Exporter.noarch 0:5.68-3.el7 will be installed
DEBUG util.py:537:  ---> Package perl-File-Path.noarch 0:2.09-2.el7 will be installed
DEBUG util.py:537:  ---> Package perl-Filter.x86_64 0:1.49-3.el7 will be installed
DEBUG util.py:537:  ---> Package perl-PathTools.x86_64 0:3.40-5.el7 will be installed
DEBUG util.py:537:  ---> Package perl-Pod-Simple.noarch 1:3.28-4.el7 will be installed
DEBUG util.py:537:  --> Processing Dependency: perl(Pod::Escapes) >= 1.04 for package: 1:perl-Pod-Simple-3.28-4.el7.noarch
DEBUG util.py:537:  --> Processing Dependency: perl(Encode) for package: 1:perl-Pod-Simple-3.28-4.el7.noarch
DEBUG util.py:537:  ---> Package perl-Pod-Usage.noarch 0:1.63-3.el7 will be installed
DEBUG util.py:537:  --> Processing Dependency: perl(Pod::Text) >= 3.15 for package: perl-Pod-Usage-1.63-3.el7.noarch
DEBUG util.py:537:  --> Processing Dependency: perl-Pod-Perldoc for package: perl-Pod-Usage-1.63-3.el7.noarch
DEBUG util.py:537:  ---> Package perl-Scalar-List-Utils.x86_64 0:1.27-248.el7 will be installed
DEBUG util.py:537:  ---> Package perl-Socket.x86_64 0:2.010-5.el7 will be installed
DEBUG util.py:537:  ---> Package perl-Storable.x86_64 0:2.45-3.el7 will be installed
DEBUG util.py:537:  ---> Package perl-Text-ParseWords.noarch 0:3.29-4.el7 will be installed
DEBUG util.py:537:  ---> Package perl-Time-HiRes.x86_64 4:1.9725-3.el7 will be installed
DEBUG util.py:537:  ---> Package perl-Time-Local.noarch 0:1.2300-2.el7 will be installed
DEBUG util.py:537:  ---> Package perl-constant.noarch 0:1.27-2.el7 will be installed
DEBUG util.py:537:  ---> Package perl-libs.x86_64 4:5.16.3-299.el7_9 will be installed
DEBUG util.py:537:  ---> Package perl-macros.x86_64 4:5.16.3-299.el7_9 will be installed
DEBUG util.py:537:  ---> Package perl-threads-shared.x86_64 0:1.43-6.el7 will be installed
DEBUG util.py:537:  ---> Package python-libs.x86_64 0:2.7.5-94.el7_9 will be installed
DEBUG util.py:537:  ---> Package readline.x86_64 0:6.2-11.el7 will be installed
DEBUG util.py:537:  ---> Package shadow-utils.x86_64 2:4.6-5.el7 will be installed
DEBUG util.py:537:  --> Processing Dependency: libsemanage.so.1(LIBSEMANAGE_1.0)(64bit) for package: 2:shadow-utils-4.6-5.el7.x86_64
DEBUG util.py:537:  --> Processing Dependency: libsemanage.so.1()(64bit) for package: 2:shadow-utils-4.6-5.el7.x86_64
DEBUG util.py:537:  --> Running transaction check
DEBUG util.py:537:  ---> Package cyrus-sasl-lib.x86_64 0:2.1.26-24.el7_9 will be installed
DEBUG util.py:537:  ---> Package elfutils-default-yama-scope.noarch 0:0.176-5.el7 will be installed
DEBUG util.py:537:  --> Processing Dependency: systemd for package: elfutils-default-yama-scope-0.176-5.el7.noarch
DEBUG util.py:537:  --> Processing Dependency: systemd for package: elfutils-default-yama-scope-0.176-5.el7.noarch
DEBUG util.py:537:  ---> Package kernel-headers.x86_64 0:3.10.0-1160.119.1.el7 will be installed
DEBUG util.py:537:  ---> Package keyutils-libs.x86_64 0:1.5.8-3.el7 will be installed
DEBUG util.py:537:  ---> Package libassuan.x86_64 0:2.1.0-3.el7 will be installed
DEBUG util.py:537:  ---> Package libcurl.x86_64 0:7.29.0-59.el7_9.2 will be installed
DEBUG util.py:537:  --> Processing Dependency: libssh2(x86-64) >= 1.8.0 for package: libcurl-7.29.0-59.el7_9.2.x86_64
DEBUG util.py:537:  --> Processing Dependency: libidn.so.11(LIBIDN_1.0)(64bit) for package: libcurl-7.29.0-59.el7_9.2.x86_64
DEBUG util.py:537:  --> Processing Dependency: libssh2.so.1()(64bit) for package: libcurl-7.29.0-59.el7_9.2.x86_64
DEBUG util.py:537:  --> Processing Dependency: libidn.so.11()(64bit) for package: libcurl-7.29.0-59.el7_9.2.x86_64
DEBUG util.py:537:  ---> Package libffi.x86_64 0:3.0.13-19.el7 will be installed
DEBUG util.py:537:  ---> Package libsemanage.x86_64 0:2.5-14.el7 will be installed
DEBUG util.py:537:  --> Processing Dependency: libustr-1.0.so.1(USTR_1.0.1)(64bit) for package: libsemanage-2.5-14.el7.x86_64
DEBUG util.py:537:  --> Processing Dependency: libustr-1.0.so.1(USTR_1.0)(64bit) for package: libsemanage-2.5-14.el7.x86_64
DEBUG util.py:537:  --> Processing Dependency: libustr-1.0.so.1()(64bit) for package: libsemanage-2.5-14.el7.x86_64
DEBUG util.py:537:  ---> Package libverto.x86_64 0:0.2.5-4.el7 will be installed
DEBUG util.py:537:  ---> Package nss-tools.x86_64 0:3.90.0-2.el7_9 will be installed
DEBUG util.py:537:  ---> Package p11-kit.x86_64 0:0.23.5-3.el7 will be installed
DEBUG util.py:537:  ---> Package p11-kit-trust.x86_64 0:0.23.5-3.el7 will be installed
DEBUG util.py:537:  --> Processing Dependency: libtasn1.so.6(LIBTASN1_0_3)(64bit) for package: p11-kit-trust-0.23.5-3.el7.x86_64
DEBUG util.py:537:  --> Processing Dependency: libtasn1.so.6()(64bit) for package: p11-kit-trust-0.23.5-3.el7.x86_64
DEBUG util.py:537:  ---> Package perl-Encode.x86_64 0:2.51-7.el7 will be installed
DEBUG util.py:537:  ---> Package perl-Pod-Escapes.noarch 1:1.04-299.el7_9 will be installed
DEBUG util.py:537:  ---> Package perl-Pod-Perldoc.noarch 0:3.20-4.el7 will be installed
DEBUG util.py:537:  --> Processing Dependency: perl(parent) for package: perl-Pod-Perldoc-3.20-4.el7.noarch
DEBUG util.py:537:  --> Processing Dependency: perl(HTTP::Tiny) for package: perl-Pod-Perldoc-3.20-4.el7.noarch
DEBUG util.py:537:  --> Processing Dependency: groff-base for package: perl-Pod-Perldoc-3.20-4.el7.noarch
DEBUG util.py:537:  ---> Package perl-podlators.noarch 0:2.5.1-3.el7 will be installed
DEBUG util.py:537:  ---> Package pinentry.x86_64 0:0.8.1-17.el7 will be installed
DEBUG util.py:537:  ---> Package pth.x86_64 0:2.0.7-23.el7 will be installed
DEBUG util.py:537:  ---> Package setup.noarch 0:2.8.71-11.el7 will be installed
DEBUG util.py:537:  --> Processing Dependency: system-release for package: setup-2.8.71-11.el7.noarch
DEBUG util.py:537:  ---> Package shared-mime-info.x86_64 0:1.8-5.el7 will be installed
DEBUG util.py:537:  --> Processing Dependency: libxml2.so.2(LIBXML2_2.4.30)(64bit) for package: shared-mime-info-1.8-5.el7.x86_64
DEBUG util.py:537:  --> Processing Dependency: libxml2.so.2()(64bit) for package: shared-mime-info-1.8-5.el7.x86_64
DEBUG util.py:537:  ---> Package sqlite.x86_64 0:3.7.17-8.el7_7.1 will be installed
DEBUG util.py:537:  ---> Package tzdata.noarch 0:2024a-1.el7 will be installed
DEBUG util.py:537:  --> Running transaction check
DEBUG util.py:537:  ---> Package centos-release.x86_64 0:7-9.2009.2.el7.centos will be installed
DEBUG util.py:537:  ---> Package groff-base.x86_64 0:1.22.2-8.el7 will be installed
DEBUG util.py:537:  ---> Package libidn.x86_64 0:1.28-4.el7 will be installed
DEBUG util.py:537:  ---> Package libssh2.x86_64 0:1.8.0-4.el7_9.1 will be installed
DEBUG util.py:537:  ---> Package libtasn1.x86_64 0:4.10-1.el7 will be installed
DEBUG util.py:537:  ---> Package libxml2.x86_64 0:2.9.1-6.el7_9.6 will be installed
DEBUG util.py:537:  ---> Package perl-HTTP-Tiny.noarch 0:0.033-3.el7 will be installed
DEBUG util.py:537:  ---> Package perl-parent.noarch 1:0.225-244.el7 will be installed
DEBUG util.py:537:  ---> Package systemd.x86_64 0:219-78.el7_9.9 will be installed
DEBUG util.py:537:  --> Processing Dependency: kmod >= 18-4 for package: systemd-219-78.el7_9.9.x86_64
DEBUG util.py:537:  --> Processing Dependency: libkmod.so.2(LIBKMOD_5)(64bit) for package: systemd-219-78.el7_9.9.x86_64
DEBUG util.py:537:  --> Processing Dependency: libcryptsetup.so.12(CRYPTSETUP_2.0)(64bit) for package: systemd-219-78.el7_9.9.x86_64
DEBUG util.py:537:  --> Processing Dependency: dbus for package: systemd-219-78.el7_9.9.x86_64
DEBUG util.py:537:  --> Processing Dependency: acl for package: systemd-219-78.el7_9.9.x86_64
DEBUG util.py:537:  --> Processing Dependency: libqrencode.so.3()(64bit) for package: systemd-219-78.el7_9.9.x86_64
DEBUG util.py:537:  --> Processing Dependency: libkmod.so.2()(64bit) for package: systemd-219-78.el7_9.9.x86_64
DEBUG util.py:537:  --> Processing Dependency: libcryptsetup.so.12()(64bit) for package: systemd-219-78.el7_9.9.x86_64
DEBUG util.py:537:  ---> Package ustr.x86_64 0:1.0.4-16.el7 will be installed
DEBUG util.py:537:  --> Running transaction check
DEBUG util.py:537:  ---> Package acl.x86_64 0:2.2.51-15.el7 will be installed
DEBUG util.py:537:  ---> Package cryptsetup-libs.x86_64 0:2.0.3-6.el7 will be installed
DEBUG util.py:537:  --> Processing Dependency: libdevmapper.so.1.02(DM_1_02_97)(64bit) for package: cryptsetup-libs-2.0.3-6.el7.x86_64
DEBUG util.py:537:  --> Processing Dependency: libdevmapper.so.1.02(Base)(64bit) for package: cryptsetup-libs-2.0.3-6.el7.x86_64
DEBUG util.py:537:  --> Processing Dependency: libjson-c.so.2()(64bit) for package: cryptsetup-libs-2.0.3-6.el7.x86_64
DEBUG util.py:537:  --> Processing Dependency: libdevmapper.so.1.02()(64bit) for package: cryptsetup-libs-2.0.3-6.el7.x86_64
DEBUG util.py:537:  ---> Package dbus.x86_64 1:1.10.24-15.el7 will be installed
DEBUG util.py:537:  --> Processing Dependency: dbus-libs(x86-64) = 1:1.10.24-15.el7 for package: 1:dbus-1.10.24-15.el7.x86_64
DEBUG util.py:537:  --> Processing Dependency: libdbus-1.so.3(LIBDBUS_PRIVATE_1.10.24)(64bit) for package: 1:dbus-1.10.24-15.el7.x86_64
DEBUG util.py:537:  --> Processing Dependency: libdbus-1.so.3(LIBDBUS_1_3)(64bit) for package: 1:dbus-1.10.24-15.el7.x86_64
DEBUG util.py:537:  --> Processing Dependency: libdbus-1.so.3()(64bit) for package: 1:dbus-1.10.24-15.el7.x86_64
DEBUG util.py:537:  ---> Package kmod.x86_64 0:20-28.el7 will be installed
DEBUG util.py:537:  --> Processing Dependency: dracut for package: kmod-20-28.el7.x86_64
DEBUG util.py:537:  ---> Package kmod-libs.x86_64 0:20-28.el7 will be installed
DEBUG util.py:537:  ---> Package qrencode-libs.x86_64 0:3.4.1-3.el7 will be installed
DEBUG util.py:537:  --> Running transaction check
DEBUG util.py:537:  ---> Package dbus-libs.x86_64 1:1.10.24-15.el7 will be installed
DEBUG util.py:537:  ---> Package device-mapper-libs.x86_64 7:1.02.170-6.el7_9.5 will be installed
DEBUG util.py:537:  --> Processing Dependency: device-mapper = 7:1.02.170-6.el7_9.5 for package: 7:device-mapper-libs-1.02.170-6.el7_9.5.x86_64
DEBUG util.py:537:  ---> Package dracut.x86_64 0:033-572.el7 will be installed
DEBUG util.py:537:  --> Processing Dependency: procps-ng for package: dracut-033-572.el7.x86_64
DEBUG util.py:537:  --> Processing Dependency: kpartx for package: dracut-033-572.el7.x86_64
DEBUG util.py:537:  --> Processing Dependency: hardlink for package: dracut-033-572.el7.x86_64
DEBUG util.py:537:  ---> Package json-c.x86_64 0:0.11-4.el7_0 will be installed
DEBUG util.py:537:  --> Running transaction check
DEBUG util.py:537:  ---> Package device-mapper.x86_64 7:1.02.170-6.el7_9.5 will be installed
DEBUG util.py:537:  ---> Package hardlink.x86_64 1:1.0-19.el7 will be installed
DEBUG util.py:537:  ---> Package kpartx.x86_64 0:0.4.9-136.el7_9 will be installed
DEBUG util.py:537:  ---> Package procps-ng.x86_64 0:3.3.10-28.el7 will be installed
DEBUG util.py:537:  --> Finished Dependency Resolution
DEBUG util.py:537:  Dependencies Resolved
DEBUG util.py:537:  =============================================================================================================================================================================================
DEBUG util.py:537:   Package                                                Arch                              Version                                                   Repository                          Size
DEBUG util.py:537:  =============================================================================================================================================================================================
DEBUG util.py:537:  Installing:
DEBUG util.py:537:   bash                                                   x86_64                            4.2.46-35.el7_9                                           updates                            1.0 M
DEBUG util.py:537:   bzip2                                                  x86_64                            1.0.6-13.el7                                              base                                52 k
DEBUG util.py:537:   coreutils                                              x86_64                            8.22-24.el7_9.2                                           updates                            3.3 M
DEBUG util.py:537:   cpio                                                   x86_64                            2.11-28.el7                                               base                               211 k
DEBUG util.py:537:   diffutils                                              x86_64                            3.3-6.el7_9                                               updates                            322 k
DEBUG util.py:537:   findutils                                              x86_64                            1:4.5.11-6.el7                                            base                               559 k
DEBUG util.py:537:   gawk                                                   x86_64                            4.0.2-4.el7_3.1                                           base                               874 k
DEBUG util.py:537:   gcc                                                    x86_64                            4.8.5-44.el7                                              base                                16 M
DEBUG util.py:537:   gcc-c++                                                x86_64                            4.8.5-44.el7                                              base                               7.2 M
DEBUG util.py:537:   grep                                                   x86_64                            2.20-3.el7                                                base                               344 k
DEBUG util.py:537:   gzip                                                   x86_64                            1.5-11.el7_9                                              updates                            130 k
DEBUG util.py:537:   info                                                   x86_64                            5.1-5.el7                                                 base                               233 k
DEBUG util.py:537:   make                                                   x86_64                            1:3.82-24.el7                                             base                               421 k
DEBUG util.py:537:   patch                                                  x86_64                            2.7.1-12.el7_7                                            base                               111 k
DEBUG util.py:537:   redhat-rpm-config                                      noarch                            9.1.0-88.el7.centos                                       base                                81 k
DEBUG util.py:537:   rpm-build                                              x86_64                            4.11.3-48.el7_9                                           updates                            150 k
DEBUG util.py:537:   sed                                                    x86_64                            4.2.2-7.el7                                               base                               231 k
DEBUG util.py:537:   tar                                                    x86_64                            2:1.26-35.el7                                             base                               846 k
DEBUG util.py:537:   unzip                                                  x86_64                            6.0-24.el7_9                                              updates                            172 k
DEBUG util.py:537:   util-linux                                             x86_64                            2.23.2-65.el7_9.1                                         updates                            2.0 M
DEBUG util.py:537:   which                                                  x86_64                            2.20-7.el7                                                base                                41 k
DEBUG util.py:537:   xz                                                     x86_64                            5.2.2-2.el7_9                                             updates                            229 k
DEBUG util.py:537:  Installing for dependencies:
DEBUG util.py:537:   acl                                                    x86_64                            2.2.51-15.el7                                             base                                81 k
DEBUG util.py:537:   audit-libs                                             x86_64                            2.8.5-4.el7                                               base                               102 k
DEBUG util.py:537:   basesystem                                             noarch                            10.0-7.el7.centos                                         base                               5.0 k
DEBUG util.py:537:   binutils                                               x86_64                            2.27-44.base.el7_9.1                                      updates                            5.9 M
DEBUG util.py:537:   bzip2-libs                                             x86_64                            1.0.6-13.el7                                              base                                40 k
DEBUG util.py:537:   ca-certificates                                        noarch                            2023.2.60_v7.0.306-72.el7_9                               updates                            923 k
DEBUG util.py:537:   centos-release                                         x86_64                            7-9.2009.2.el7.centos                                     updates                             27 k
DEBUG util.py:537:   chkconfig                                              x86_64                            1.7.6-1.el7                                               base                               182 k
DEBUG util.py:537:   cpp                                                    x86_64                            4.8.5-44.el7                                              base                               5.9 M
DEBUG util.py:537:   cracklib                                               x86_64                            2.9.0-11.el7                                              base                                80 k
DEBUG util.py:537:   cracklib-dicts                                         x86_64                            2.9.0-11.el7                                              base                               3.6 M
DEBUG util.py:537:   cryptsetup-libs                                        x86_64                            2.0.3-6.el7                                               base                               339 k
DEBUG util.py:537:   curl                                                   x86_64                            7.29.0-59.el7_9.2                                         updates                            271 k
DEBUG util.py:537:   cyrus-sasl-lib                                         x86_64                            2.1.26-24.el7_9                                           updates                            156 k
DEBUG util.py:537:   dbus                                                   x86_64                            1:1.10.24-15.el7                                          base                               245 k
DEBUG util.py:537:   dbus-libs                                              x86_64                            1:1.10.24-15.el7                                          base                               169 k
DEBUG util.py:537:   device-mapper                                          x86_64                            7:1.02.170-6.el7_9.5                                      updates                            297 k
DEBUG util.py:537:   device-mapper-libs                                     x86_64                            7:1.02.170-6.el7_9.5                                      updates                            325 k
DEBUG util.py:537:   dracut                                                 x86_64                            033-572.el7                                               base                               329 k
DEBUG util.py:537:   dwz                                                    x86_64                            0.11-3.el7                                                base                                99 k
DEBUG util.py:537:   elfutils                                               x86_64                            0.176-5.el7                                               base                               308 k
DEBUG util.py:537:   elfutils-default-yama-scope                            noarch                            0.176-5.el7                                               base                                33 k
DEBUG util.py:537:   elfutils-libelf                                        x86_64                            0.176-5.el7                                               base                               195 k
DEBUG util.py:537:   elfutils-libs                                          x86_64                            0.176-5.el7                                               base                               291 k
DEBUG util.py:537:   expat                                                  x86_64                            2.1.0-15.el7_9                                            updates                             83 k
DEBUG util.py:537:   file                                                   x86_64                            5.11-37.el7                                               base                                57 k
DEBUG util.py:537:   file-libs                                              x86_64                            5.11-37.el7                                               base                               340 k
DEBUG util.py:537:   filesystem                                             x86_64                            3.2-25.el7                                                base                               1.0 M
DEBUG util.py:537:   gdb                                                    x86_64                            7.6.1-120.el7                                             base                               2.4 M
DEBUG util.py:537:   gdbm                                                   x86_64                            1.10-8.el7                                                base                                70 k
DEBUG util.py:537:   glib2                                                  x86_64                            2.56.1-9.el7_9                                            updates                            2.5 M
DEBUG util.py:537:   glibc                                                  x86_64                            2.17-326.el7_9.3                                          updates                            3.6 M
DEBUG util.py:537:   glibc-common                                           x86_64                            2.17-326.el7_9.3                                          updates                             12 M
DEBUG util.py:537:   glibc-devel                                            x86_64                            2.17-326.el7_9.3                                          updates                            1.1 M
DEBUG util.py:537:   glibc-headers                                          x86_64                            2.17-326.el7_9.3                                          updates                            692 k
DEBUG util.py:537:   gmp                                                    x86_64                            1:6.0.0-15.el7                                            base                               281 k
DEBUG util.py:537:   gnupg2                                                 x86_64                            2.0.22-5.el7_5                                            base                               1.5 M
DEBUG util.py:537:   groff-base                                             x86_64                            1.22.2-8.el7                                              base                               942 k
DEBUG util.py:537:   hardlink                                               x86_64                            1:1.0-19.el7                                              base                                14 k
DEBUG util.py:537:   json-c                                                 x86_64                            0.11-4.el7_0                                              base                                31 k
DEBUG util.py:537:   kernel-headers                                         x86_64                            3.10.0-1160.119.1.el7                                     updates                            9.1 M
DEBUG util.py:537:   keyutils-libs                                          x86_64                            1.5.8-3.el7                                               base                                25 k
DEBUG util.py:537:   kmod                                                   x86_64                            20-28.el7                                                 base                               123 k
DEBUG util.py:537:   kmod-libs                                              x86_64                            20-28.el7                                                 base                                51 k
DEBUG util.py:537:   kpartx                                                 x86_64                            0.4.9-136.el7_9                                           updates                             81 k
DEBUG util.py:537:   krb5-libs                                              x86_64                            1.15.1-55.el7_9                                           updates                            810 k
DEBUG util.py:537:   libacl                                                 x86_64                            2.2.51-15.el7                                             base                                27 k
DEBUG util.py:537:   libassuan                                              x86_64                            2.1.0-3.el7                                               base                                63 k
DEBUG util.py:537:   libattr                                                x86_64                            2.4.46-13.el7                                             base                                18 k
DEBUG util.py:537:   libblkid                                               x86_64                            2.23.2-65.el7_9.1                                         updates                            183 k
DEBUG util.py:537:   libcap                                                 x86_64                            2.22-11.el7                                               base                                47 k
DEBUG util.py:537:   libcap-ng                                              x86_64                            0.7.5-4.el7                                               base                                25 k
DEBUG util.py:537:   libcom_err                                             x86_64                            1.42.9-19.el7                                             base                                42 k
DEBUG util.py:537:   libcurl                                                x86_64                            7.29.0-59.el7_9.2                                         updates                            223 k
DEBUG util.py:537:   libdb                                                  x86_64                            5.3.21-25.el7                                             base                               720 k
DEBUG util.py:537:   libdb-utils                                            x86_64                            5.3.21-25.el7                                             base                               132 k
DEBUG util.py:537:   libffi                                                 x86_64                            3.0.13-19.el7                                             base                                30 k
DEBUG util.py:537:   libgcc                                                 x86_64                            4.8.5-44.el7                                              base                               103 k
DEBUG util.py:537:   libgcrypt                                              x86_64                            1.5.3-14.el7                                              base                               263 k
DEBUG util.py:537:   libgomp                                                x86_64                            4.8.5-44.el7                                              base                               159 k
DEBUG util.py:537:   libgpg-error                                           x86_64                            1.12-3.el7                                                base                                87 k
DEBUG util.py:537:   libidn                                                 x86_64                            1.28-4.el7                                                base                               209 k
DEBUG util.py:537:   libmount                                               x86_64                            2.23.2-65.el7_9.1                                         updates                            185 k
DEBUG util.py:537:   libmpc                                                 x86_64                            1.0.1-3.el7                                               base                                51 k
DEBUG util.py:537:   libpwquality                                           x86_64                            1.2.3-5.el7                                               base                                85 k
DEBUG util.py:537:   libselinux                                             x86_64                            2.5-15.el7                                                base                               162 k
DEBUG util.py:537:   libsemanage                                            x86_64                            2.5-14.el7                                                base                               151 k
DEBUG util.py:537:   libsepol                                               x86_64                            2.5-10.el7                                                base                               297 k
DEBUG util.py:537:   libsmartcols                                           x86_64                            2.23.2-65.el7_9.1                                         updates                            143 k
DEBUG util.py:537:   libssh2                                                x86_64                            1.8.0-4.el7_9.1                                           updates                             88 k
DEBUG util.py:537:   libstdc++                                              x86_64                            4.8.5-44.el7                                              base                               306 k
DEBUG util.py:537:   libstdc++-devel                                        x86_64                            4.8.5-44.el7                                              base                               1.5 M
DEBUG util.py:537:   libtasn1                                               x86_64                            4.10-1.el7                                                base                               320 k
DEBUG util.py:537:   libuser                                                x86_64                            0.60-9.el7                                                base                               400 k
DEBUG util.py:537:   libutempter                                            x86_64                            1.1.6-4.el7                                               base                                25 k
DEBUG util.py:537:   libuuid                                                x86_64                            2.23.2-65.el7_9.1                                         updates                             84 k
DEBUG util.py:537:   libverto                                               x86_64                            0.2.5-4.el7                                               base                                16 k
DEBUG util.py:537:   libxml2                                                x86_64                            2.9.1-6.el7_9.6                                           updates                            668 k
DEBUG util.py:537:   lua                                                    x86_64                            5.1.4-15.el7                                              base                               201 k
DEBUG util.py:537:   lz4                                                    x86_64                            1.8.3-1.el7                                               base                                85 k
DEBUG util.py:537:   mpfr                                                   x86_64                            3.1.1-4.el7                                               base                               203 k
DEBUG util.py:537:   ncurses                                                x86_64                            5.9-14.20130511.el7_4                                     base                               304 k
DEBUG util.py:537:   ncurses-base                                           noarch                            5.9-14.20130511.el7_4                                     base                                68 k
DEBUG util.py:537:   ncurses-libs                                           x86_64                            5.9-14.20130511.el7_4                                     base                               316 k
DEBUG util.py:537:   nspr                                                   x86_64                            4.35.0-1.el7_9                                            updates                            128 k
DEBUG util.py:537:   nss                                                    x86_64                            3.90.0-2.el7_9                                            updates                            905 k
DEBUG util.py:537:   nss-pem                                                x86_64                            1.0.3-7.el7_9.1                                           updates                             75 k
DEBUG util.py:537:   nss-softokn                                            x86_64                            3.90.0-6.el7_9                                            updates                            383 k
DEBUG util.py:537:   nss-softokn-freebl                                     x86_64                            3.90.0-6.el7_9                                            updates                            321 k
DEBUG util.py:537:   nss-sysinit                                            x86_64                            3.90.0-2.el7_9                                            updates                             67 k
DEBUG util.py:537:   nss-tools                                              x86_64                            3.90.0-2.el7_9                                            updates                            557 k
DEBUG util.py:537:   nss-util                                               x86_64                            3.90.0-1.el7_9                                            updates                             80 k
DEBUG util.py:537:   openldap                                               x86_64                            2.4.44-25.el7_9                                           updates                            356 k
DEBUG util.py:537:   openssl-libs                                           x86_64                            1:1.0.2k-26.el7_9                                         updates                            1.2 M
DEBUG util.py:537:   p11-kit                                                x86_64                            0.23.5-3.el7                                              base                               252 k
DEBUG util.py:537:   p11-kit-trust                                          x86_64                            0.23.5-3.el7                                              base                               129 k
DEBUG util.py:537:   pam                                                    x86_64                            1.1.8-23.el7                                              base                               721 k
DEBUG util.py:537:   pcre                                                   x86_64                            8.32-17.el7                                               base                               422 k
DEBUG util.py:537:   perl                                                   x86_64                            4:5.16.3-299.el7_9                                        updates                            8.0 M
DEBUG util.py:537:   perl-Carp                                              noarch                            1.26-244.el7                                              base                                19 k
DEBUG util.py:537:   perl-Encode                                            x86_64                            2.51-7.el7                                                base                               1.5 M
DEBUG util.py:537:   perl-Exporter                                          noarch                            5.68-3.el7                                                base                                28 k
DEBUG util.py:537:   perl-File-Path                                         noarch                            2.09-2.el7                                                base                                26 k
DEBUG util.py:537:   perl-File-Temp                                         noarch                            0.23.01-3.el7                                             base                                56 k
DEBUG util.py:537:   perl-Filter                                            x86_64                            1.49-3.el7                                                base                                76 k
DEBUG util.py:537:   perl-Getopt-Long                                       noarch                            2.40-3.el7                                                base                                56 k
DEBUG util.py:537:   perl-HTTP-Tiny                                         noarch                            0.033-3.el7                                               base                                38 k
DEBUG util.py:537:   perl-PathTools                                         x86_64                            3.40-5.el7                                                base                                82 k
DEBUG util.py:537:   perl-Pod-Escapes                                       noarch                            1:1.04-299.el7_9                                          updates                             52 k
DEBUG util.py:537:   perl-Pod-Perldoc                                       noarch                            3.20-4.el7                                                base                                87 k
DEBUG util.py:537:   perl-Pod-Simple                                        noarch                            1:3.28-4.el7                                              base                               216 k
DEBUG util.py:537:   perl-Pod-Usage                                         noarch                            1.63-3.el7                                                base                                27 k
DEBUG util.py:537:   perl-Scalar-List-Utils                                 x86_64                            1.27-248.el7                                              base                                36 k
DEBUG util.py:537:   perl-Socket                                            x86_64                            2.010-5.el7                                               base                                49 k
DEBUG util.py:537:   perl-Storable                                          x86_64                            2.45-3.el7                                                base                                77 k
DEBUG util.py:537:   perl-Text-ParseWords                                   noarch                            3.29-4.el7                                                base                                14 k
DEBUG util.py:537:   perl-Thread-Queue                                      noarch                            3.02-2.el7                                                base                                17 k
DEBUG util.py:537:   perl-Time-HiRes                                        x86_64                            4:1.9725-3.el7                                            base                                45 k
DEBUG util.py:537:   perl-Time-Local                                        noarch                            1.2300-2.el7                                              base                                24 k
DEBUG util.py:537:   perl-constant                                          noarch                            1.27-2.el7                                                base                                19 k
DEBUG util.py:537:   perl-libs                                              x86_64                            4:5.16.3-299.el7_9                                        updates                            690 k
DEBUG util.py:537:   perl-macros                                            x86_64                            4:5.16.3-299.el7_9                                        updates                             44 k
DEBUG util.py:537:   perl-parent                                            noarch                            1:0.225-244.el7                                           base                                12 k
DEBUG util.py:537:   perl-podlators                                         noarch                            2.5.1-3.el7                                               base                               112 k
DEBUG util.py:537:   perl-srpm-macros                                       noarch                            1-8.el7                                                   base                               4.6 k
DEBUG util.py:537:   perl-threads                                           x86_64                            1.87-4.el7                                                base                                49 k
DEBUG util.py:537:   perl-threads-shared                                    x86_64                            1.43-6.el7                                                base                                39 k
DEBUG util.py:537:   pinentry                                               x86_64                            0.8.1-17.el7                                              base                                73 k
DEBUG util.py:537:   pkgconfig                                              x86_64                            1:0.27.1-4.el7                                            base                                54 k
DEBUG util.py:537:   popt                                                   x86_64                            1.13-16.el7                                               base                                42 k
DEBUG util.py:537:   procps-ng                                              x86_64                            3.3.10-28.el7                                             base                               291 k
DEBUG util.py:537:   pth                                                    x86_64                            2.0.7-23.el7                                              base                                89 k
DEBUG util.py:537:   python-libs                                            x86_64                            2.7.5-94.el7_9                                            updates                            5.6 M
DEBUG util.py:537:   python-srpm-macros                                     noarch                            3-34.el7                                                  base                               8.8 k
DEBUG util.py:537:   qrencode-libs                                          x86_64                            3.4.1-3.el7                                               base                                50 k
DEBUG util.py:537:   readline                                               x86_64                            6.2-11.el7                                                base                               193 k
DEBUG util.py:537:   rpm                                                    x86_64                            4.11.3-48.el7_9                                           updates                            1.2 M
DEBUG util.py:537:   rpm-build-libs                                         x86_64                            4.11.3-48.el7_9                                           updates                            108 k
DEBUG util.py:537:   rpm-libs                                               x86_64                            4.11.3-48.el7_9                                           updates                            279 k
DEBUG util.py:537:   setup                                                  noarch                            2.8.71-11.el7                                             base                               166 k
DEBUG util.py:537:   shadow-utils                                           x86_64                            2:4.6-5.el7                                               base                               1.2 M
DEBUG util.py:537:   shared-mime-info                                       x86_64                            1.8-5.el7                                                 base                               312 k
DEBUG util.py:537:   sqlite                                                 x86_64                            3.7.17-8.el7_7.1                                          base                               394 k
DEBUG util.py:537:   systemd                                                x86_64                            219-78.el7_9.9                                            updates                            5.1 M
DEBUG util.py:537:   systemd-libs                                           x86_64                            219-78.el7_9.9                                            updates                            419 k
DEBUG util.py:537:   tzdata                                                 noarch                            2024a-1.el7                                               updates                            497 k
DEBUG util.py:537:   ustr                                                   x86_64                            1.0.4-16.el7                                              base                                92 k
DEBUG util.py:537:   xz-libs                                                x86_64                            5.2.2-2.el7_9                                             updates                            103 k
DEBUG util.py:537:   zip                                                    x86_64                            3.0-11.el7                                                base                               260 k
DEBUG util.py:537:   zlib                                                   x86_64                            1.2.7-21.el7_9                                            updates                             90 k
DEBUG util.py:537:  Transaction Summary
DEBUG util.py:537:  =============================================================================================================================================================================================
DEBUG util.py:537:  Install  22 Packages (+150 Dependent packages)
DEBUG util.py:537:  Total download size: 132 M
DEBUG util.py:537:  Installed size: 564 M
DEBUG util.py:537:  Downloading packages:
DEBUG util.py:535:  warning: /var/lib/mock/centos-7-x86_64/root/var/cache/yum/base/packages/audit-libs-2.8.5-4.el7.x86_64.rpm: Header V3 RSA/SHA256 Signature, key ID f4a80eb5: NOKEY
DEBUG util.py:537:  Public key for audit-libs-2.8.5-4.el7.x86_64.rpm is not installed
DEBUG util.py:537:  (1/172): audit-libs-2.8.5-4.el7.x86_64.rpm                                                                                                                            | 102 kB  00:00:00     
DEBUG util.py:537:  (2/172): basesystem-10.0-7.el7.centos.noarch.rpm                                                                                                                      | 5.0 kB  00:00:00     
DEBUG util.py:537:  (3/172): acl-2.2.51-15.el7.x86_64.rpm                                                                                                                                 |  81 kB  00:00:00     
DEBUG util.py:537:  (4/172): bzip2-libs-1.0.6-13.el7.x86_64.rpm                                                                                                                           |  40 kB  00:00:00     
DEBUG util.py:537:  Public key for bash-4.2.46-35.el7_9.x86_64.rpm is not installed
DEBUG util.py:537:  (5/172): bash-4.2.46-35.el7_9.x86_64.rpm                                                                                                                              | 1.0 MB  00:00:00     
DEBUG util.py:537:  (6/172): bzip2-1.0.6-13.el7.x86_64.rpm                                                                                                                                |  52 kB  00:00:00     
DEBUG util.py:537:  (7/172): ca-certificates-2023.2.60_v7.0.306-72.el7_9.noarch.rpm                                                                                                       | 923 kB  00:00:00     
DEBUG util.py:537:  (8/172): centos-release-7-9.2009.2.el7.centos.x86_64.rpm                                                                                                              |  27 kB  00:00:00     
DEBUG util.py:537:  (9/172): binutils-2.27-44.base.el7_9.1.x86_64.rpm                                                                                                                     | 5.9 MB  00:00:01     
DEBUG util.py:537:  (10/172): coreutils-8.22-24.el7_9.2.x86_64.rpm                                                                                                                        | 3.3 MB  00:00:00     
DEBUG util.py:537:  (11/172): chkconfig-1.7.6-1.el7.x86_64.rpm                                                                                                                            | 182 kB  00:00:00     
DEBUG util.py:537:  (12/172): cpio-2.11-28.el7.x86_64.rpm                                                                                                                                 | 211 kB  00:00:00     
DEBUG util.py:537:  (13/172): cracklib-2.9.0-11.el7.x86_64.rpm                                                                                                                            |  80 kB  00:00:00     
DEBUG util.py:537:  (14/172): cpp-4.8.5-44.el7.x86_64.rpm                                                                                                                                 | 5.9 MB  00:00:00     
DEBUG util.py:537:  (15/172): cryptsetup-libs-2.0.3-6.el7.x86_64.rpm                                                                                                                      | 339 kB  00:00:00     
DEBUG util.py:537:  (16/172): dbus-1.10.24-15.el7.x86_64.rpm                                                                                                                              | 245 kB  00:00:00     
DEBUG util.py:537:  (17/172): cracklib-dicts-2.9.0-11.el7.x86_64.rpm                                                                                                                      | 3.6 MB  00:00:00     
DEBUG util.py:537:  (18/172): curl-7.29.0-59.el7_9.2.x86_64.rpm                                                                                                                           | 271 kB  00:00:00     
DEBUG util.py:537:  (19/172): cyrus-sasl-lib-2.1.26-24.el7_9.x86_64.rpm                                                                                                                   | 156 kB  00:00:00     
DEBUG util.py:537:  (20/172): device-mapper-1.02.170-6.el7_9.5.x86_64.rpm                                                                                                                 | 297 kB  00:00:00     
DEBUG util.py:537:  (21/172): dbus-libs-1.10.24-15.el7.x86_64.rpm                                                                                                                         | 169 kB  00:00:00     
DEBUG util.py:537:  (22/172): diffutils-3.3-6.el7_9.x86_64.rpm                                                                                                                            | 322 kB  00:00:00     
DEBUG util.py:537:  (23/172): device-mapper-libs-1.02.170-6.el7_9.5.x86_64.rpm                                                                                                            | 325 kB  00:00:00     
DEBUG util.py:537:  (24/172): dwz-0.11-3.el7.x86_64.rpm                                                                                                                                   |  99 kB  00:00:00     
DEBUG util.py:537:  (25/172): elfutils-0.176-5.el7.x86_64.rpm                                                                                                                             | 308 kB  00:00:00     
DEBUG util.py:537:  (26/172): elfutils-default-yama-scope-0.176-5.el7.noarch.rpm                                                                                                          |  33 kB  00:00:00     
DEBUG util.py:537:  (27/172): elfutils-libelf-0.176-5.el7.x86_64.rpm                                                                                                                      | 195 kB  00:00:00     
DEBUG util.py:537:  (28/172): dracut-033-572.el7.x86_64.rpm                                                                                                                               | 329 kB  00:00:00     
DEBUG util.py:537:  (29/172): file-5.11-37.el7.x86_64.rpm                                                                                                                                 |  57 kB  00:00:00     
DEBUG util.py:537:  (30/172): elfutils-libs-0.176-5.el7.x86_64.rpm                                                                                                                        | 291 kB  00:00:00     
DEBUG util.py:537:  (31/172): file-libs-5.11-37.el7.x86_64.rpm                                                                                                                            | 340 kB  00:00:00     
DEBUG util.py:537:  (32/172): findutils-4.5.11-6.el7.x86_64.rpm                                                                                                                           | 559 kB  00:00:00     
DEBUG util.py:537:  (33/172): expat-2.1.0-15.el7_9.x86_64.rpm                                                                                                                             |  83 kB  00:00:00     
DEBUG util.py:537:  (34/172): gawk-4.0.2-4.el7_3.1.x86_64.rpm                                                                                                                             | 874 kB  00:00:00     
DEBUG util.py:537:  (35/172): filesystem-3.2-25.el7.x86_64.rpm                                                                                                                            | 1.0 MB  00:00:01     
DEBUG util.py:537:  (36/172): gcc-4.8.5-44.el7.x86_64.rpm                                                                                                                                 |  16 MB  00:00:02     
DEBUG util.py:537:  (37/172): gcc-c++-4.8.5-44.el7.x86_64.rpm                                                                                                                             | 7.2 MB  00:00:01     
DEBUG util.py:537:  (38/172): gdbm-1.10-8.el7.x86_64.rpm                                                                                                                                  |  70 kB  00:00:00     
DEBUG util.py:537:  (39/172): gdb-7.6.1-120.el7.x86_64.rpm                                                                                                                                | 2.4 MB  00:00:00     
DEBUG util.py:537:  (40/172): glib2-2.56.1-9.el7_9.x86_64.rpm                                                                                                                             | 2.5 MB  00:00:01     
DEBUG util.py:537:  (41/172): glibc-2.17-326.el7_9.3.x86_64.rpm                                                                                                                           | 3.6 MB  00:00:01     
DEBUG util.py:537:  (42/172): glibc-devel-2.17-326.el7_9.3.x86_64.rpm                                                                                                                     | 1.1 MB  00:00:00     
DEBUG util.py:537:  (43/172): glibc-headers-2.17-326.el7_9.3.x86_64.rpm                                                                                                                   | 692 kB  00:00:00     
DEBUG util.py:537:  (44/172): glibc-common-2.17-326.el7_9.3.x86_64.rpm                                                                                                                    |  12 MB  00:00:00     
DEBUG util.py:537:  (45/172): gnupg2-2.0.22-5.el7_5.x86_64.rpm                                                                                                                            | 1.5 MB  00:00:00     
DEBUG util.py:537:  (46/172): gmp-6.0.0-15.el7.x86_64.rpm                                                                                                                                 | 281 kB  00:00:00     
DEBUG util.py:537:  (47/172): groff-base-1.22.2-8.el7.x86_64.rpm                                                                                                                          | 942 kB  00:00:00     
DEBUG util.py:537:  (48/172): grep-2.20-3.el7.x86_64.rpm                                                                                                                                  | 344 kB  00:00:00     
DEBUG util.py:537:  (49/172): hardlink-1.0-19.el7.x86_64.rpm                                                                                                                              |  14 kB  00:00:00     
DEBUG util.py:537:  (50/172): gzip-1.5-11.el7_9.x86_64.rpm                                                                                                                                | 130 kB  00:00:00     
DEBUG util.py:537:  (51/172): json-c-0.11-4.el7_0.x86_64.rpm                                                                                                                              |  31 kB  00:00:00     
DEBUG util.py:537:  (52/172): keyutils-libs-1.5.8-3.el7.x86_64.rpm                                                                                                                        |  25 kB  00:00:00     
DEBUG util.py:537:  (53/172): kmod-20-28.el7.x86_64.rpm                                                                                                                                   | 123 kB  00:00:00     
DEBUG util.py:537:  (54/172): info-5.1-5.el7.x86_64.rpm                                                                                                                                   | 233 kB  00:00:00     
DEBUG util.py:537:  (55/172): kmod-libs-20-28.el7.x86_64.rpm                                                                                                                              |  51 kB  00:00:00     
DEBUG util.py:537:  (56/172): kpartx-0.4.9-136.el7_9.x86_64.rpm                                                                                                                           |  81 kB  00:00:00     
DEBUG util.py:537:  (57/172): krb5-libs-1.15.1-55.el7_9.x86_64.rpm                                                                                                                        | 810 kB  00:00:00     
DEBUG util.py:537:  (58/172): kernel-headers-3.10.0-1160.119.1.el7.x86_64.rpm                                                                                                             | 9.1 MB  00:00:01     
DEBUG util.py:537:  (59/172): libacl-2.2.51-15.el7.x86_64.rpm                                                                                                                             |  27 kB  00:00:00     
DEBUG util.py:537:  (60/172): libassuan-2.1.0-3.el7.x86_64.rpm                                                                                                                            |  63 kB  00:00:00     
DEBUG util.py:537:  (61/172): libcap-2.22-11.el7.x86_64.rpm                                                                                                                               |  47 kB  00:00:00     
DEBUG util.py:537:  (62/172): libattr-2.4.46-13.el7.x86_64.rpm                                                                                                                            |  18 kB  00:00:00     
DEBUG util.py:537:  (63/172): libcap-ng-0.7.5-4.el7.x86_64.rpm                                                                                                                            |  25 kB  00:00:00     
DEBUG util.py:537:  (64/172): libblkid-2.23.2-65.el7_9.1.x86_64.rpm                                                                                                                       | 183 kB  00:00:00     
DEBUG util.py:537:  (65/172): libcom_err-1.42.9-19.el7.x86_64.rpm                                                                                                                         |  42 kB  00:00:00     
DEBUG util.py:537:  (66/172): libdb-utils-5.3.21-25.el7.x86_64.rpm                                                                                                                        | 132 kB  00:00:00     
DEBUG util.py:537:  (67/172): libcurl-7.29.0-59.el7_9.2.x86_64.rpm                                                                                                                        | 223 kB  00:00:00     
DEBUG util.py:537:  (68/172): libffi-3.0.13-19.el7.x86_64.rpm                                                                                                                             |  30 kB  00:00:00     
DEBUG util.py:537:  (69/172): libdb-5.3.21-25.el7.x86_64.rpm                                                                                                                              | 720 kB  00:00:00     
DEBUG util.py:537:  (70/172): libgcc-4.8.5-44.el7.x86_64.rpm                                                                                                                              | 103 kB  00:00:00     
DEBUG util.py:537:  (71/172): libgcrypt-1.5.3-14.el7.x86_64.rpm                                                                                                                           | 263 kB  00:00:00     
DEBUG util.py:537:  (72/172): libgomp-4.8.5-44.el7.x86_64.rpm                                                                                                                             | 159 kB  00:00:00     
DEBUG util.py:537:  (73/172): libgpg-error-1.12-3.el7.x86_64.rpm                                                                                                                          |  87 kB  00:00:00     
DEBUG util.py:537:  (74/172): libmpc-1.0.1-3.el7.x86_64.rpm                                                                                                                               |  51 kB  00:00:00     
DEBUG util.py:537:  (75/172): libidn-1.28-4.el7.x86_64.rpm                                                                                                                                | 209 kB  00:00:00     
DEBUG util.py:537:  (76/172): libpwquality-1.2.3-5.el7.x86_64.rpm                                                                                                                         |  85 kB  00:00:00     
DEBUG util.py:537:  (77/172): libselinux-2.5-15.el7.x86_64.rpm                                                                                                                            | 162 kB  00:00:00     
DEBUG util.py:537:  (78/172): libsemanage-2.5-14.el7.x86_64.rpm                                                                                                                           | 151 kB  00:00:00     
DEBUG util.py:537:  (79/172): libmount-2.23.2-65.el7_9.1.x86_64.rpm                                                                                                                       | 185 kB  00:00:00     
DEBUG util.py:537:  (80/172): libssh2-1.8.0-4.el7_9.1.x86_64.rpm                                                                                                                          |  88 kB  00:00:00     
DEBUG util.py:537:  (81/172): libsepol-2.5-10.el7.x86_64.rpm                                                                                                                              | 297 kB  00:00:00     
DEBUG util.py:537:  (82/172): libstdc++-devel-4.8.5-44.el7.x86_64.rpm                                                                                                                     | 1.5 MB  00:00:00     
DEBUG util.py:537:  (83/172): libtasn1-4.10-1.el7.x86_64.rpm                                                                                                                              | 320 kB  00:00:00     
DEBUG util.py:537:  (84/172): libsmartcols-2.23.2-65.el7_9.1.x86_64.rpm                                                                                                                   | 143 kB  00:00:00     
DEBUG util.py:537:  (85/172): libstdc++-4.8.5-44.el7.x86_64.rpm                                                                                                                           | 306 kB  00:00:00     
DEBUG util.py:537:  (86/172): libutempter-1.1.6-4.el7.x86_64.rpm                                                                                                                          |  25 kB  00:00:00     
DEBUG util.py:537:  (87/172): libverto-0.2.5-4.el7.x86_64.rpm                                                                                                                             |  16 kB  00:00:00     
DEBUG util.py:537:  (88/172): lua-5.1.4-15.el7.x86_64.rpm                                                                                                                                 | 201 kB  00:00:00     
DEBUG util.py:537:  (89/172): lz4-1.8.3-1.el7.x86_64.rpm                                                                                                                                  |  85 kB  00:00:00     
DEBUG util.py:537:  (90/172): libuser-0.60-9.el7.x86_64.rpm                                                                                                                               | 400 kB  00:00:00     
DEBUG util.py:537:  (91/172): libuuid-2.23.2-65.el7_9.1.x86_64.rpm                                                                                                                        |  84 kB  00:00:00     
DEBUG util.py:537:  (92/172): mpfr-3.1.1-4.el7.x86_64.rpm                                                                                                                                 | 203 kB  00:00:00     
DEBUG util.py:537:  (93/172): make-3.82-24.el7.x86_64.rpm                                                                                                                                 | 421 kB  00:00:00     
DEBUG util.py:537:  (94/172): ncurses-base-5.9-14.20130511.el7_4.noarch.rpm                                                                                                               |  68 kB  00:00:00     
DEBUG util.py:537:  (95/172): libxml2-2.9.1-6.el7_9.6.x86_64.rpm                                                                                                                          | 668 kB  00:00:00     
DEBUG util.py:537:  (96/172): ncurses-5.9-14.20130511.el7_4.x86_64.rpm                                                                                                                    | 304 kB  00:00:00     
DEBUG util.py:537:  (97/172): nss-3.90.0-2.el7_9.x86_64.rpm                                                                                                                               | 905 kB  00:00:00     
DEBUG util.py:537:  (98/172): nss-pem-1.0.3-7.el7_9.1.x86_64.rpm                                                                                                                          |  75 kB  00:00:00     
DEBUG util.py:537:  (99/172): nss-softokn-3.90.0-6.el7_9.x86_64.rpm                                                                                                                       | 383 kB  00:00:00     
DEBUG util.py:537:  (100/172): nss-softokn-freebl-3.90.0-6.el7_9.x86_64.rpm                                                                                                               | 321 kB  00:00:00     
DEBUG util.py:537:  (101/172): nss-sysinit-3.90.0-2.el7_9.x86_64.rpm                                                                                                                      |  67 kB  00:00:00     
DEBUG util.py:537:  (102/172): nspr-4.35.0-1.el7_9.x86_64.rpm                                                                                                                             | 128 kB  00:00:00     
DEBUG util.py:537:  (103/172): nss-tools-3.90.0-2.el7_9.x86_64.rpm                                                                                                                        | 557 kB  00:00:00     
DEBUG util.py:537:  (104/172): nss-util-3.90.0-1.el7_9.x86_64.rpm                                                                                                                         |  80 kB  00:00:00     
DEBUG util.py:537:  (105/172): openldap-2.4.44-25.el7_9.x86_64.rpm                                                                                                                        | 356 kB  00:00:00     
DEBUG util.py:537:  (106/172): ncurses-libs-5.9-14.20130511.el7_4.x86_64.rpm                                                                                                              | 316 kB  00:00:00     
DEBUG util.py:537:  (107/172): p11-kit-trust-0.23.5-3.el7.x86_64.rpm                                                                                                                      | 129 kB  00:00:00     
DEBUG util.py:537:  (108/172): openssl-libs-1.0.2k-26.el7_9.x86_64.rpm                                                                                                                    | 1.2 MB  00:00:00     
DEBUG util.py:537:  (109/172): pam-1.1.8-23.el7.x86_64.rpm                                                                                                                                | 721 kB  00:00:00     
DEBUG util.py:537:  (110/172): patch-2.7.1-12.el7_7.x86_64.rpm                                                                                                                            | 111 kB  00:00:00     
DEBUG util.py:537:  (111/172): p11-kit-0.23.5-3.el7.x86_64.rpm                                                                                                                            | 252 kB  00:00:00     
DEBUG util.py:537:  (112/172): pcre-8.32-17.el7.x86_64.rpm                                                                                                                                | 422 kB  00:00:00     
DEBUG util.py:537:  (113/172): perl-Carp-1.26-244.el7.noarch.rpm                                                                                                                          |  19 kB  00:00:00     
DEBUG util.py:537:  (114/172): perl-Exporter-5.68-3.el7.noarch.rpm                                                                                                                        |  28 kB  00:00:00     
DEBUG util.py:537:  (115/172): perl-Encode-2.51-7.el7.x86_64.rpm                                                                                                                          | 1.5 MB  00:00:00     
DEBUG util.py:537:  (116/172): perl-File-Path-2.09-2.el7.noarch.rpm                                                                                                                       |  26 kB  00:00:00     
DEBUG util.py:537:  (117/172): perl-File-Temp-0.23.01-3.el7.noarch.rpm                                                                                                                    |  56 kB  00:00:00     
DEBUG util.py:537:  (118/172): perl-Getopt-Long-2.40-3.el7.noarch.rpm                                                                                                                     |  56 kB  00:00:00     
DEBUG util.py:537:  (119/172): perl-HTTP-Tiny-0.033-3.el7.noarch.rpm                                                                                                                      |  38 kB  00:00:00     
DEBUG util.py:537:  (120/172): perl-Filter-1.49-3.el7.x86_64.rpm                                                                                                                          |  76 kB  00:00:00     
DEBUG util.py:537:  (121/172): perl-PathTools-3.40-5.el7.x86_64.rpm                                                                                                                       |  82 kB  00:00:00     
DEBUG util.py:537:  (122/172): perl-Pod-Perldoc-3.20-4.el7.noarch.rpm                                                                                                                     |  87 kB  00:00:00     
DEBUG util.py:537:  (123/172): perl-Pod-Simple-3.28-4.el7.noarch.rpm                                                                                                                      | 216 kB  00:00:00     
DEBUG util.py:537:  (124/172): perl-Pod-Usage-1.63-3.el7.noarch.rpm                                                                                                                       |  27 kB  00:00:00     
DEBUG util.py:537:  (125/172): perl-Scalar-List-Utils-1.27-248.el7.x86_64.rpm                                                                                                             |  36 kB  00:00:00     
DEBUG util.py:537:  (126/172): perl-Socket-2.010-5.el7.x86_64.rpm                                                                                                                         |  49 kB  00:00:00     
DEBUG util.py:537:  (127/172): perl-Storable-2.45-3.el7.x86_64.rpm                                                                                                                        |  77 kB  00:00:00     
DEBUG util.py:537:  (128/172): perl-Text-ParseWords-3.29-4.el7.noarch.rpm                                                                                                                 |  14 kB  00:00:00     
DEBUG util.py:537:  (129/172): perl-Time-HiRes-1.9725-3.el7.x86_64.rpm                                                                                                                    |  45 kB  00:00:00     
DEBUG util.py:537:  (130/172): perl-Thread-Queue-3.02-2.el7.noarch.rpm                                                                                                                    |  17 kB  00:00:00     
DEBUG util.py:537:  (131/172): perl-Pod-Escapes-1.04-299.el7_9.noarch.rpm                                                                                                                 |  52 kB  00:00:00     
DEBUG util.py:537:  (132/172): perl-5.16.3-299.el7_9.x86_64.rpm                                                                                                                           | 8.0 MB  00:00:01     
DEBUG util.py:537:  (133/172): perl-Time-Local-1.2300-2.el7.noarch.rpm                                                                                                                    |  24 kB  00:00:00     
DEBUG util.py:537:  (134/172): perl-constant-1.27-2.el7.noarch.rpm                                                                                                                        |  19 kB  00:00:00     
DEBUG util.py:537:  (135/172): perl-macros-5.16.3-299.el7_9.x86_64.rpm                                                                                                                    |  44 kB  00:00:00     
DEBUG util.py:537:  (136/172): perl-parent-0.225-244.el7.noarch.rpm                                                                                                                       |  12 kB  00:00:00     
DEBUG util.py:537:  (137/172): perl-podlators-2.5.1-3.el7.noarch.rpm                                                                                                                      | 112 kB  00:00:00     
DEBUG util.py:537:  (138/172): perl-srpm-macros-1-8.el7.noarch.rpm                                                                                                                        | 4.6 kB  00:00:00     
DEBUG util.py:537:  (139/172): perl-threads-1.87-4.el7.x86_64.rpm                                                                                                                         |  49 kB  00:00:00     
DEBUG util.py:537:  (140/172): perl-threads-shared-1.43-6.el7.x86_64.rpm                                                                                                                  |  39 kB  00:00:00     
DEBUG util.py:537:  (141/172): pinentry-0.8.1-17.el7.x86_64.rpm                                                                                                                           |  73 kB  00:00:00     
DEBUG util.py:537:  (142/172): popt-1.13-16.el7.x86_64.rpm                                                                                                                                |  42 kB  00:00:00     
DEBUG util.py:537:  (143/172): procps-ng-3.3.10-28.el7.x86_64.rpm                                                                                                                         | 291 kB  00:00:00     
DEBUG util.py:537:  (144/172): pth-2.0.7-23.el7.x86_64.rpm                                                                                                                                |  89 kB  00:00:00     
DEBUG util.py:537:  (145/172): perl-libs-5.16.3-299.el7_9.x86_64.rpm                                                                                                                      | 690 kB  00:00:00     
DEBUG util.py:537:  (146/172): python-srpm-macros-3-34.el7.noarch.rpm                                                                                                                     | 8.8 kB  00:00:00     
DEBUG util.py:537:  (147/172): pkgconfig-0.27.1-4.el7.x86_64.rpm                                                                                                                          |  54 kB  00:00:00     
DEBUG util.py:537:  (148/172): qrencode-libs-3.4.1-3.el7.x86_64.rpm                                                                                                                       |  50 kB  00:00:00     
DEBUG util.py:537:  (149/172): redhat-rpm-config-9.1.0-88.el7.centos.noarch.rpm                                                                                                           |  81 kB  00:00:00     
DEBUG util.py:537:  (150/172): readline-6.2-11.el7.x86_64.rpm                                                                                                                             | 193 kB  00:00:00     
DEBUG util.py:537:  (151/172): python-libs-2.7.5-94.el7_9.x86_64.rpm                                                                                                                      | 5.6 MB  00:00:01     
DEBUG util.py:537:  (152/172): rpm-build-4.11.3-48.el7_9.x86_64.rpm                                                                                                                       | 150 kB  00:00:00     
DEBUG util.py:537:  (153/172): rpm-build-libs-4.11.3-48.el7_9.x86_64.rpm                                                                                                                  | 108 kB  00:00:00     
DEBUG util.py:537:  (154/172): rpm-libs-4.11.3-48.el7_9.x86_64.rpm                                                                                                                        | 279 kB  00:00:00     
DEBUG util.py:537:  (155/172): rpm-4.11.3-48.el7_9.x86_64.rpm                                                                                                                             | 1.2 MB  00:00:00     
DEBUG util.py:537:  (156/172): setup-2.8.71-11.el7.noarch.rpm                                                                                                                             | 166 kB  00:00:00     
DEBUG util.py:537:  (157/172): sed-4.2.2-7.el7.x86_64.rpm                                                                                                                                 | 231 kB  00:00:00     
DEBUG util.py:537:  (158/172): shared-mime-info-1.8-5.el7.x86_64.rpm                                                                                                                      | 312 kB  00:00:00     
DEBUG util.py:537:  (159/172): shadow-utils-4.6-5.el7.x86_64.rpm                                                                                                                          | 1.2 MB  00:00:00     
DEBUG util.py:537:  (160/172): sqlite-3.7.17-8.el7_7.1.x86_64.rpm                                                                                                                         | 394 kB  00:00:00     
DEBUG util.py:537:  (161/172): tar-1.26-35.el7.x86_64.rpm                                                                                                                                 | 846 kB  00:00:00     
DEBUG util.py:537:  (162/172): systemd-libs-219-78.el7_9.9.x86_64.rpm                                                                                                                     | 419 kB  00:00:00     
DEBUG util.py:537:  (163/172): tzdata-2024a-1.el7.noarch.rpm                                                                                                                              | 497 kB  00:00:00     
DEBUG util.py:537:  (164/172): unzip-6.0-24.el7_9.x86_64.rpm                                                                                                                              | 172 kB  00:00:00     
DEBUG util.py:537:  (165/172): systemd-219-78.el7_9.9.x86_64.rpm                                                                                                                          | 5.1 MB  00:00:00     
DEBUG util.py:537:  (166/172): xz-5.2.2-2.el7_9.x86_64.rpm                                                                                                                                | 229 kB  00:00:00     
DEBUG util.py:537:  (167/172): util-linux-2.23.2-65.el7_9.1.x86_64.rpm                                                                                                                    | 2.0 MB  00:00:00     
DEBUG util.py:537:  (168/172): xz-libs-5.2.2-2.el7_9.x86_64.rpm                                                                                                                           | 103 kB  00:00:00     
DEBUG util.py:537:  (169/172): which-2.20-7.el7.x86_64.rpm                                                                                                                                |  41 kB  00:00:00     
DEBUG util.py:537:  (170/172): ustr-1.0.4-16.el7.x86_64.rpm                                                                                                                               |  92 kB  00:00:00     
DEBUG util.py:537:  (171/172): zip-3.0-11.el7.x86_64.rpm                                                                                                                                  | 260 kB  00:00:00     
DEBUG util.py:537:  (172/172): zlib-1.2.7-21.el7_9.x86_64.rpm                                                                                                                             |  90 kB  00:00:00     
DEBUG util.py:537:  ---------------------------------------------------------------------------------------------------------------------------------------------------------------------------------------------
DEBUG util.py:537:  Total                                                                                                                                                        6.4 MB/s | 132 MB  00:00:20     
DEBUG util.py:537:  Retrieving key from file:///usr/share/distribution-gpg-keys/centos/RPM-GPG-KEY-CentOS-7
DEBUG util.py:535:  Importing GPG key 0xF4A80EB5:
DEBUG util.py:535:   Userid     : "CentOS-7 Key (CentOS 7 Official Signing Key) <security@centos.org>"
DEBUG util.py:535:   Fingerprint: 6341 ab27 53d7 8a78 a7c2 7bb1 24c6 a8a7 f4a8 0eb5
DEBUG util.py:535:   From       : /usr/share/distribution-gpg-keys/centos/RPM-GPG-KEY-CentOS-7
DEBUG util.py:537:  Running transaction check
DEBUG util.py:537:  Running transaction test
DEBUG util.py:537:  Transaction test succeeded
DEBUG util.py:537:  Running transaction
DEBUG util.py:537:    Installing : libgcc-4.8.5-44.el7.x86_64                                                                                                                                              1/172 
DEBUG util.py:537:    Installing : centos-release-7-9.2009.2.el7.centos.x86_64                                                                                                                             2/172 
DEBUG util.py:537:    Installing : setup-2.8.71-11.el7.noarch                                                                                                                                              3/172 
DEBUG util.py:537:  warning: /etc/hosts created as /etc/hosts.rpmnew
DEBUG util.py:537:    Installing : filesystem-3.2-25.el7.x86_64                                                                                                                                            4/172 
DEBUG util.py:537:    Installing : basesystem-10.0-7.el7.centos.noarch                                                                                                                                     5/172 
DEBUG util.py:537:    Installing : ncurses-base-5.9-14.20130511.el7_4.noarch                                                                                                                               6/172 
DEBUG util.py:537:    Installing : perl-srpm-macros-1-8.el7.noarch                                                                                                                                         7/172 
DEBUG util.py:537:    Installing : kernel-headers-3.10.0-1160.119.1.el7.x86_64                                                                                                                             8/172 
DEBUG util.py:537:    Installing : tzdata-2024a-1.el7.noarch                                                                                                                                               9/172 
DEBUG util.py:537:    Installing : nss-softokn-freebl-3.90.0-6.el7_9.x86_64                                                                                                                               10/172 
DEBUG util.py:537:    Installing : glibc-common-2.17-326.el7_9.3.x86_64                                                                                                                                   11/172 
DEBUG util.py:537:    Installing : glibc-2.17-326.el7_9.3.x86_64                                                                                                                                          12/172 
DEBUG util.py:537:    Installing : nspr-4.35.0-1.el7_9.x86_64                                                                                                                                             13/172 
DEBUG util.py:537:    Installing : nss-util-3.90.0-1.el7_9.x86_64                                                                                                                                         14/172 
DEBUG util.py:537:    Installing : libstdc++-4.8.5-44.el7.x86_64                                                                                                                                          15/172 
DEBUG util.py:537:    Installing : ncurses-libs-5.9-14.20130511.el7_4.x86_64                                                                                                                              16/172 
DEBUG util.py:537:    Installing : bash-4.2.46-35.el7_9.x86_64                                                                                                                                            17/172 
DEBUG util.py:537:    Installing : libsepol-2.5-10.el7.x86_64                                                                                                                                             18/172 
DEBUG util.py:537:    Installing : pcre-8.32-17.el7.x86_64                                                                                                                                                19/172 
DEBUG util.py:537:    Installing : libselinux-2.5-15.el7.x86_64                                                                                                                                           20/172 
DEBUG util.py:537:    Installing : zlib-1.2.7-21.el7_9.x86_64                                                                                                                                             21/172 
DEBUG util.py:537:    Installing : info-5.1-5.el7.x86_64                                                                                                                                                  22/172 
DEBUG util.py:537:    Installing : bzip2-libs-1.0.6-13.el7.x86_64                                                                                                                                         23/172 
DEBUG util.py:537:    Installing : xz-libs-5.2.2-2.el7_9.x86_64                                                                                                                                           24/172 
DEBUG util.py:537:    Installing : elfutils-libelf-0.176-5.el7.x86_64                                                                                                                                     25/172 
DEBUG util.py:537:    Installing : libdb-5.3.21-25.el7.x86_64                                                                                                                                             26/172 
DEBUG util.py:537:    Installing : sed-4.2.2-7.el7.x86_64                                                                                                                                                 27/172 
DEBUG util.py:537:    Installing : 1:gmp-6.0.0-15.el7.x86_64                                                                                                                                              28/172 
DEBUG util.py:537:    Installing : popt-1.13-16.el7.x86_64                                                                                                                                                29/172 
DEBUG util.py:537:    Installing : libattr-2.4.46-13.el7.x86_64                                                                                                                                           30/172 
DEBUG util.py:537:    Installing : libacl-2.2.51-15.el7.x86_64                                                                                                                                            31/172 
DEBUG util.py:537:    Installing : libcap-2.22-11.el7.x86_64                                                                                                                                              32/172 
DEBUG util.py:537:    Installing : readline-6.2-11.el7.x86_64                                                                                                                                             33/172 
DEBUG util.py:537:    Installing : libgpg-error-1.12-3.el7.x86_64                                                                                                                                         34/172 
DEBUG util.py:537:    Installing : libgcrypt-1.5.3-14.el7.x86_64                                                                                                                                          35/172 
DEBUG util.py:537:    Installing : lua-5.1.4-15.el7.x86_64                                                                                                                                                36/172 
DEBUG util.py:537:    Installing : chkconfig-1.7.6-1.el7.x86_64                                                                                                                                           37/172 
DEBUG util.py:537:    Installing : mpfr-3.1.1-4.el7.x86_64                                                                                                                                                38/172 
DEBUG util.py:537:    Installing : grep-2.20-3.el7.x86_64                                                                                                                                                 39/172 
DEBUG util.py:537:    Installing : libffi-3.0.13-19.el7.x86_64                                                                                                                                            40/172 
DEBUG util.py:537:    Installing : libuuid-2.23.2-65.el7_9.1.x86_64                                                                                                                                       41/172 
DEBUG util.py:537:    Installing : libcom_err-1.42.9-19.el7.x86_64                                                                                                                                        42/172 
DEBUG util.py:537:    Installing : libmpc-1.0.1-3.el7.x86_64                                                                                                                                              43/172 
DEBUG util.py:537:    Installing : xz-5.2.2-2.el7_9.x86_64                                                                                                                                                44/172 
DEBUG util.py:537:    Installing : gawk-4.0.2-4.el7_3.1.x86_64                                                                                                                                            45/172 
DEBUG util.py:537:    Installing : 1:findutils-4.5.11-6.el7.x86_64                                                                                                                                        46/172 
DEBUG util.py:537:    Installing : diffutils-3.3-6.el7_9.x86_64                                                                                                                                           47/172 
DEBUG util.py:537:    Installing : cpio-2.11-28.el7.x86_64                                                                                                                                                48/172 
DEBUG util.py:537:    Installing : file-libs-5.11-37.el7.x86_64                                                                                                                                           49/172 
DEBUG util.py:537:    Installing : expat-2.1.0-15.el7_9.x86_64                                                                                                                                            50/172 
DEBUG util.py:537:    Installing : libcap-ng-0.7.5-4.el7.x86_64                                                                                                                                           51/172 
DEBUG util.py:537:    Installing : audit-libs-2.8.5-4.el7.x86_64                                                                                                                                          52/172 
DEBUG util.py:537:    Installing : p11-kit-0.23.5-3.el7.x86_64                                                                                                                                            53/172 
DEBUG util.py:537:    Installing : sqlite-3.7.17-8.el7_7.1.x86_64                                                                                                                                         54/172 
DEBUG util.py:537:    Installing : nss-softokn-3.90.0-6.el7_9.x86_64                                                                                                                                      55/172 
DEBUG util.py:537:    Installing : 2:tar-1.26-35.el7.x86_64                                                                                                                                               56/172 
DEBUG util.py:537:    Installing : gdbm-1.10-8.el7.x86_64                                                                                                                                                 57/172 
DEBUG util.py:537:    Installing : lz4-1.8.3-1.el7.x86_64                                                                                                                                                 58/172 
DEBUG util.py:537:    Installing : file-5.11-37.el7.x86_64                                                                                                                                                59/172 
DEBUG util.py:537:    Installing : cpp-4.8.5-44.el7.x86_64                                                                                                                                                60/172 
DEBUG util.py:537:    Installing : pinentry-0.8.1-17.el7.x86_64                                                                                                                                           61/172 
DEBUG util.py:537:    Installing : libassuan-2.1.0-3.el7.x86_64                                                                                                                                           62/172 
DEBUG util.py:537:    Installing : acl-2.2.51-15.el7.x86_64                                                                                                                                               63/172 
DEBUG util.py:537:    Installing : patch-2.7.1-12.el7_7.x86_64                                                                                                                                            64/172 
DEBUG util.py:537:    Installing : groff-base-1.22.2-8.el7.x86_64                                                                                                                                         65/172 
DEBUG util.py:537:    Installing : 1:perl-parent-0.225-244.el7.noarch                                                                                                                                     66/172 
DEBUG util.py:537:    Installing : perl-HTTP-Tiny-0.033-3.el7.noarch                                                                                                                                      67/172 
DEBUG util.py:537:    Installing : perl-podlators-2.5.1-3.el7.noarch                                                                                                                                      68/172 
DEBUG util.py:537:    Installing : perl-Pod-Perldoc-3.20-4.el7.noarch                                                                                                                                     69/172 
DEBUG util.py:537:    Installing : 1:perl-Pod-Escapes-1.04-299.el7_9.noarch                                                                                                                               70/172 
DEBUG util.py:537:    Installing : perl-Text-ParseWords-3.29-4.el7.noarch                                                                                                                                 71/172 
DEBUG util.py:537:    Installing : perl-Encode-2.51-7.el7.x86_64                                                                                                                                          72/172 
DEBUG util.py:537:    Installing : perl-Pod-Usage-1.63-3.el7.noarch                                                                                                                                       73/172 
DEBUG util.py:537:    Installing : 4:perl-Time-HiRes-1.9725-3.el7.x86_64                                                                                                                                  74/172 
DEBUG util.py:537:    Installing : perl-threads-1.87-4.el7.x86_64                                                                                                                                         75/172 
DEBUG util.py:537:    Installing : perl-Storable-2.45-3.el7.x86_64                                                                                                                                        76/172 
DEBUG util.py:537:    Installing : perl-Carp-1.26-244.el7.noarch                                                                                                                                          77/172 
DEBUG util.py:537:    Installing : perl-Filter-1.49-3.el7.x86_64                                                                                                                                          78/172 
DEBUG util.py:537:    Installing : perl-Exporter-5.68-3.el7.noarch                                                                                                                                        79/172 
DEBUG util.py:537:    Installing : perl-constant-1.27-2.el7.noarch                                                                                                                                        80/172 
DEBUG util.py:537:    Installing : perl-Socket-2.010-5.el7.x86_64                                                                                                                                         81/172 
DEBUG util.py:537:    Installing : 4:perl-macros-5.16.3-299.el7_9.x86_64                                                                                                                                  82/172 
DEBUG util.py:537:    Installing : perl-Time-Local-1.2300-2.el7.noarch                                                                                                                                    83/172 
DEBUG util.py:537:    Installing : perl-File-Temp-0.23.01-3.el7.noarch                                                                                                                                    84/172 
DEBUG util.py:537:    Installing : perl-File-Path-2.09-2.el7.noarch                                                                                                                                       85/172 
DEBUG util.py:537:    Installing : perl-PathTools-3.40-5.el7.x86_64                                                                                                                                       86/172 
DEBUG util.py:537:    Installing : perl-threads-shared-1.43-6.el7.x86_64                                                                                                                                  87/172 
DEBUG util.py:537:    Installing : perl-Scalar-List-Utils-1.27-248.el7.x86_64                                                                                                                             88/172 
DEBUG util.py:537:    Installing : 4:perl-libs-5.16.3-299.el7_9.x86_64                                                                                                                                    89/172 
DEBUG util.py:537:    Installing : 1:perl-Pod-Simple-3.28-4.el7.noarch                                                                                                                                    90/172 
DEBUG util.py:537:    Installing : perl-Getopt-Long-2.40-3.el7.noarch                                                                                                                                     91/172 
DEBUG util.py:537:    Installing : 4:perl-5.16.3-299.el7_9.x86_64                                                                                                                                         92/172 
DEBUG util.py:537:    Installing : perl-Thread-Queue-3.02-2.el7.noarch                                                                                                                                    93/172 
DEBUG util.py:537:    Installing : libdb-utils-5.3.21-25.el7.x86_64                                                                                                                                       94/172 
DEBUG util.py:537:    Installing : dwz-0.11-3.el7.x86_64                                                                                                                                                  95/172 
DEBUG util.py:537:    Installing : kmod-libs-20-28.el7.x86_64                                                                                                                                             96/172 
DEBUG util.py:537:    Installing : libxml2-2.9.1-6.el7_9.6.x86_64                                                                                                                                         97/172 
DEBUG util.py:537:    Installing : bzip2-1.0.6-13.el7.x86_64                                                                                                                                              98/172 
DEBUG util.py:537:    Installing : unzip-6.0-24.el7_9.x86_64                                                                                                                                              99/172 
DEBUG util.py:537:    Installing : zip-3.0-11.el7.x86_64                                                                                                                                                 100/172 
DEBUG util.py:537:    Installing : libidn-1.28-4.el7.x86_64                                                                                                                                              101/172 
DEBUG util.py:537:    Installing : libgomp-4.8.5-44.el7.x86_64                                                                                                                                           102/172 
DEBUG util.py:537:    Installing : glibc-headers-2.17-326.el7_9.3.x86_64                                                                                                                                 103/172 
DEBUG util.py:537:    Installing : glibc-devel-2.17-326.el7_9.3.x86_64                                                                                                                                   104/172 
DEBUG util.py:537:    Installing : ncurses-5.9-14.20130511.el7_4.x86_64                                                                                                                                  105/172 
DEBUG util.py:537:    Installing : libstdc++-devel-4.8.5-44.el7.x86_64                                                                                                                                   106/172 
DEBUG util.py:537:    Installing : pth-2.0.7-23.el7.x86_64                                                                                                                                               107/172 
DEBUG util.py:537:    Installing : libsmartcols-2.23.2-65.el7_9.1.x86_64                                                                                                                                 108/172 
DEBUG util.py:537:    Installing : ustr-1.0.4-16.el7.x86_64                                                                                                                                              109/172 
DEBUG util.py:537:    Installing : libsemanage-2.5-14.el7.x86_64                                                                                                                                         110/172 
DEBUG util.py:537:    Installing : libverto-0.2.5-4.el7.x86_64                                                                                                                                           111/172 
DEBUG util.py:537:    Installing : libtasn1-4.10-1.el7.x86_64                                                                                                                                            112/172 
DEBUG util.py:537:    Installing : p11-kit-trust-0.23.5-3.el7.x86_64                                                                                                                                     113/172 
DEBUG util.py:537:    Installing : ca-certificates-2023.2.60_v7.0.306-72.el7_9.noarch                                                                                                                    114/172 
DEBUG util.py:537:    Installing : 1:hardlink-1.0-19.el7.x86_64                                                                                                                                          115/172 
DEBUG util.py:537:    Installing : qrencode-libs-3.4.1-3.el7.x86_64                                                                                                                                      116/172 
DEBUG util.py:537:    Installing : keyutils-libs-1.5.8-3.el7.x86_64                                                                                                                                      117/172 
DEBUG util.py:537:    Installing : 1:openssl-libs-1.0.2k-26.el7_9.x86_64                                                                                                                                 118/172 
DEBUG util.py:537:    Installing : coreutils-8.22-24.el7_9.2.x86_64                                                                                                                                      119/172 
DEBUG util.py:537:    Installing : krb5-libs-1.15.1-55.el7_9.x86_64                                                                                                                                      120/172 
DEBUG util.py:537:    Installing : libblkid-2.23.2-65.el7_9.1.x86_64                                                                                                                                     121/172 
DEBUG util.py:537:    Installing : gzip-1.5-11.el7_9.x86_64                                                                                                                                              122/172 
DEBUG util.py:537:    Installing : cracklib-2.9.0-11.el7.x86_64                                                                                                                                          123/172 
DEBUG util.py:537:    Installing : libmount-2.23.2-65.el7_9.1.x86_64                                                                                                                                     124/172 
DEBUG util.py:537:    Installing : glib2-2.56.1-9.el7_9.x86_64                                                                                                                                           125/172 
DEBUG util.py:537:    Installing : shared-mime-info-1.8-5.el7.x86_64                                                                                                                                     126/172 
DEBUG util.py:537:    Installing : 2:shadow-utils-4.6-5.el7.x86_64                                                                                                                                       127/172 
DEBUG util.py:537:    Installing : binutils-2.27-44.base.el7_9.1.x86_64                                                                                                                                  128/172 
DEBUG util.py:537:    Installing : 1:pkgconfig-0.27.1-4.el7.x86_64                                                                                                                                       129/172 
DEBUG util.py:537:    Installing : cracklib-dicts-2.9.0-11.el7.x86_64                                                                                                                                    130/172 
DEBUG util.py:537:    Installing : pam-1.1.8-23.el7.x86_64                                                                                                                                               131/172 
DEBUG util.py:537:    Installing : libpwquality-1.2.3-5.el7.x86_64                                                                                                                                       132/172 
DEBUG util.py:537:    Installing : gcc-4.8.5-44.el7.x86_64                                                                                                                                               133/172 
DEBUG util.py:537:    Installing : libutempter-1.1.6-4.el7.x86_64                                                                                                                                        134/172 
DEBUG util.py:537:    Installing : cyrus-sasl-lib-2.1.26-24.el7_9.x86_64                                                                                                                                 135/172 
DEBUG util.py:537:    Installing : nss-pem-1.0.3-7.el7_9.1.x86_64                                                                                                                                        136/172 
DEBUG util.py:537:    Installing : nss-3.90.0-2.el7_9.x86_64                                                                                                                                             137/172 
DEBUG util.py:537:    Installing : nss-sysinit-3.90.0-2.el7_9.x86_64                                                                                                                                     138/172 
DEBUG util.py:537:    Installing : nss-tools-3.90.0-2.el7_9.x86_64                                                                                                                                       139/172 
DEBUG util.py:537:    Installing : python-libs-2.7.5-94.el7_9.x86_64                                                                                                                                     140/172 
DEBUG util.py:537:    Installing : gdb-7.6.1-120.el7.x86_64                                                                                                                                              141/172 
DEBUG util.py:537:    Installing : libssh2-1.8.0-4.el7_9.1.x86_64                                                                                                                                        142/172 
DEBUG util.py:537:    Installing : libcurl-7.29.0-59.el7_9.2.x86_64                                                                                                                                      143/172 
DEBUG util.py:537:    Installing : curl-7.29.0-59.el7_9.2.x86_64                                                                                                                                         144/172 
DEBUG util.py:537:    Installing : rpm-libs-4.11.3-48.el7_9.x86_64                                                                                                                                       145/172 
DEBUG util.py:537:    Installing : rpm-4.11.3-48.el7_9.x86_64                                                                                                                                            146/172 
DEBUG util.py:537:    Installing : openldap-2.4.44-25.el7_9.x86_64                                                                                                                                       147/172 
DEBUG util.py:537:    Installing : libuser-0.60-9.el7.x86_64                                                                                                                                             148/172 
DEBUG util.py:537:    Installing : gnupg2-2.0.22-5.el7_5.x86_64                                                                                                                                          149/172 
DEBUG util.py:537:    Installing : rpm-build-libs-4.11.3-48.el7_9.x86_64                                                                                                                                 150/172 
DEBUG util.py:537:    Installing : json-c-0.11-4.el7_0.x86_64                                                                                                                                            151/172 
DEBUG util.py:537:    Installing : util-linux-2.23.2-65.el7_9.1.x86_64                                                                                                                                   152/172 
DEBUG util.py:537:    Installing : procps-ng-3.3.10-28.el7.x86_64                                                                                                                                        153/172 
DEBUG util.py:537:    Installing : 7:device-mapper-1.02.170-6.el7_9.5.x86_64                                                                                                                             154/172 
DEBUG util.py:537:    Installing : kpartx-0.4.9-136.el7_9.x86_64                                                                                                                                         155/172 
DEBUG util.py:537:    Installing : 7:device-mapper-libs-1.02.170-6.el7_9.5.x86_64                                                                                                                        156/172 
DEBUG util.py:537:    Installing : cryptsetup-libs-2.0.3-6.el7.x86_64                                                                                                                                    157/172 
DEBUG util.py:537:    Installing : dracut-033-572.el7.x86_64                                                                                                                                             158/172 
DEBUG util.py:537:    Installing : kmod-20-28.el7.x86_64                                                                                                                                                 159/172 
DEBUG util.py:537:    Installing : elfutils-libs-0.176-5.el7.x86_64                                                                                                                                      160/172 
DEBUG util.py:537:    Installing : systemd-libs-219-78.el7_9.9.x86_64                                                                                                                                    161/172 
DEBUG util.py:537:    Installing : 1:dbus-libs-1.10.24-15.el7.x86_64                                                                                                                                     162/172 
DEBUG util.py:537:    Installing : systemd-219-78.el7_9.9.x86_64                                                                                                                                         163/172 
DEBUG util.py:537:  Running in chroot, ignoring request.
DEBUG util.py:537:    Installing : 1:dbus-1.10.24-15.el7.x86_64                                                                                                                                          164/172 
DEBUG util.py:537:    Installing : elfutils-default-yama-scope-0.176-5.el7.noarch                                                                                                                        165/172 
DEBUG util.py:537:    Installing : elfutils-0.176-5.el7.x86_64                                                                                                                                           166/172 
DEBUG util.py:537:    Installing : python-srpm-macros-3-34.el7.noarch                                                                                                                                    167/172 
DEBUG util.py:537:    Installing : redhat-rpm-config-9.1.0-88.el7.centos.noarch                                                                                                                          168/172 
DEBUG util.py:537:    Installing : rpm-build-4.11.3-48.el7_9.x86_64                                                                                                                                      169/172 
DEBUG util.py:537:    Installing : gcc-c++-4.8.5-44.el7.x86_64                                                                                                                                           170/172 
DEBUG util.py:537:    Installing : which-2.20-7.el7.x86_64                                                                                                                                               171/172 
DEBUG util.py:537:    Installing : 1:make-3.82-24.el7.x86_64                                                                                                                                             172/172 
DEBUG util.py:537:    Verifying  : perl-HTTP-Tiny-0.033-3.el7.noarch                                                                                                                                       1/172 
DEBUG util.py:537:    Verifying  : gcc-c++-4.8.5-44.el7.x86_64                                                                                                                                             2/172 
DEBUG util.py:537:    Verifying  : acl-2.2.51-15.el7.x86_64                                                                                                                                                3/172 
DEBUG util.py:537:    Verifying  : libblkid-2.23.2-65.el7_9.1.x86_64                                                                                                                                       4/172 
DEBUG util.py:537:    Verifying  : 1:pkgconfig-0.27.1-4.el7.x86_64                                                                                                                                         5/172 
DEBUG util.py:537:    Verifying  : libacl-2.2.51-15.el7.x86_64                                                                                                                                             6/172 
DEBUG util.py:537:    Verifying  : libcurl-7.29.0-59.el7_9.2.x86_64                                                                                                                                        7/172 
DEBUG util.py:537:    Verifying  : libdb-utils-5.3.21-25.el7.x86_64                                                                                                                                        8/172 
DEBUG util.py:537:    Verifying  : libcap-2.22-11.el7.x86_64                                                                                                                                               9/172 
DEBUG util.py:537:    Verifying  : pcre-8.32-17.el7.x86_64                                                                                                                                                10/172 
DEBUG util.py:537:    Verifying  : pth-2.0.7-23.el7.x86_64                                                                                                                                                11/172 
DEBUG util.py:537:    Verifying  : readline-6.2-11.el7.x86_64                                                                                                                                             12/172 
DEBUG util.py:537:    Verifying  : sqlite-3.7.17-8.el7_7.1.x86_64                                                                                                                                         13/172 
DEBUG util.py:537:    Verifying  : which-2.20-7.el7.x86_64                                                                                                                                                14/172 
DEBUG util.py:537:    Verifying  : groff-base-1.22.2-8.el7.x86_64                                                                                                                                         15/172 
DEBUG util.py:537:    Verifying  : perl-File-Temp-0.23.01-3.el7.noarch                                                                                                                                    16/172 
DEBUG util.py:537:    Verifying  : libsmartcols-2.23.2-65.el7_9.1.x86_64                                                                                                                                  17/172 
DEBUG util.py:537:    Verifying  : shared-mime-info-1.8-5.el7.x86_64                                                                                                                                      18/172 
DEBUG util.py:537:    Verifying  : glibc-common-2.17-326.el7_9.3.x86_64                                                                                                                                   19/172 
DEBUG util.py:537:    Verifying  : 1:openssl-libs-1.0.2k-26.el7_9.x86_64                                                                                                                                  20/172 
DEBUG util.py:537:    Verifying  : 1:dbus-1.10.24-15.el7.x86_64                                                                                                                                           21/172 
DEBUG util.py:537:    Verifying  : 2:shadow-utils-4.6-5.el7.x86_64                                                                                                                                        22/172 
DEBUG util.py:537:    Verifying  : util-linux-2.23.2-65.el7_9.1.x86_64                                                                                                                                    23/172 
DEBUG util.py:537:    Verifying  : libsemanage-2.5-14.el7.x86_64                                                                                                                                          24/172 
DEBUG util.py:537:    Verifying  : kmod-libs-20-28.el7.x86_64                                                                                                                                             25/172 
DEBUG util.py:537:    Verifying  : procps-ng-3.3.10-28.el7.x86_64                                                                                                                                         26/172 
DEBUG util.py:537:    Verifying  : openldap-2.4.44-25.el7_9.x86_64                                                                                                                                        27/172 
DEBUG util.py:537:    Verifying  : cracklib-dicts-2.9.0-11.el7.x86_64                                                                                                                                     28/172 
DEBUG util.py:537:    Verifying  : perl-File-Path-2.09-2.el7.noarch                                                                                                                                       29/172 
DEBUG util.py:537:    Verifying  : libstdc++-4.8.5-44.el7.x86_64                                                                                                                                          30/172 
DEBUG util.py:537:    Verifying  : libassuan-2.1.0-3.el7.x86_64                                                                                                                                           31/172 
DEBUG util.py:537:    Verifying  : 7:device-mapper-1.02.170-6.el7_9.5.x86_64                                                                                                                              32/172 
DEBUG util.py:537:    Verifying  : perl-Text-ParseWords-3.29-4.el7.noarch                                                                                                                                 33/172 
DEBUG util.py:537:    Verifying  : python-srpm-macros-3-34.el7.noarch                                                                                                                                     34/172 
DEBUG util.py:537:    Verifying  : ustr-1.0.4-16.el7.x86_64                                                                                                                                               35/172 
DEBUG util.py:537:    Verifying  : lua-5.1.4-15.el7.x86_64                                                                                                                                                36/172 
DEBUG util.py:537:    Verifying  : libgcc-4.8.5-44.el7.x86_64                                                                                                                                             37/172 
DEBUG util.py:537:    Verifying  : libutempter-1.1.6-4.el7.x86_64                                                                                                                                         38/172 
DEBUG util.py:537:    Verifying  : file-5.11-37.el7.x86_64                                                                                                                                                39/172 
DEBUG util.py:537:    Verifying  : libidn-1.28-4.el7.x86_64                                                                                                                                               40/172 
DEBUG util.py:537:    Verifying  : libxml2-2.9.1-6.el7_9.6.x86_64                                                                                                                                         41/172 
DEBUG util.py:537:    Verifying  : setup-2.8.71-11.el7.noarch                                                                                                                                             42/172 
DEBUG util.py:537:    Verifying  : 4:perl-Time-HiRes-1.9725-3.el7.x86_64                                                                                                                                  43/172 
DEBUG util.py:537:    Verifying  : ncurses-libs-5.9-14.20130511.el7_4.x86_64                                                                                                                              44/172 
DEBUG util.py:537:    Verifying  : chkconfig-1.7.6-1.el7.x86_64                                                                                                                                           45/172 
DEBUG util.py:537:    Verifying  : pam-1.1.8-23.el7.x86_64                                                                                                                                                46/172 
DEBUG util.py:537:    Verifying  : elfutils-default-yama-scope-0.176-5.el7.noarch                                                                                                                         47/172 
DEBUG util.py:537:    Verifying  : libmount-2.23.2-65.el7_9.1.x86_64                                                                                                                                      48/172 
DEBUG util.py:537:    Verifying  : dracut-033-572.el7.x86_64                                                                                                                                              49/172 
DEBUG util.py:537:    Verifying  : 1:dbus-libs-1.10.24-15.el7.x86_64                                                                                                                                      50/172 
DEBUG util.py:537:    Verifying  : zlib-1.2.7-21.el7_9.x86_64                                                                                                                                             51/172 
DEBUG util.py:537:    Verifying  : cryptsetup-libs-2.0.3-6.el7.x86_64                                                                                                                                     52/172 
DEBUG util.py:537:    Verifying  : tzdata-2024a-1.el7.noarch                                                                                                                                              53/172 
DEBUG util.py:537:    Verifying  : libssh2-1.8.0-4.el7_9.1.x86_64                                                                                                                                         54/172 
DEBUG util.py:537:    Verifying  : bzip2-1.0.6-13.el7.x86_64                                                                                                                                              55/172 
DEBUG util.py:537:    Verifying  : basesystem-10.0-7.el7.centos.noarch                                                                                                                                    56/172 
DEBUG util.py:537:    Verifying  : libverto-0.2.5-4.el7.x86_64                                                                                                                                            57/172 
DEBUG util.py:537:    Verifying  : gdb-7.6.1-120.el7.x86_64                                                                                                                                               58/172 
DEBUG util.py:537:    Verifying  : nss-pem-1.0.3-7.el7_9.1.x86_64                                                                                                                                         59/172 
DEBUG util.py:537:    Verifying  : 1:make-3.82-24.el7.x86_64                                                                                                                                              60/172 
DEBUG util.py:537:    Verifying  : info-5.1-5.el7.x86_64                                                                                                                                                  61/172 
DEBUG util.py:537:    Verifying  : binutils-2.27-44.base.el7_9.1.x86_64                                                                                                                                   62/172 
DEBUG util.py:537:    Verifying  : bzip2-libs-1.0.6-13.el7.x86_64                                                                                                                                         63/172 
DEBUG util.py:537:    Verifying  : 1:perl-parent-0.225-244.el7.noarch                                                                                                                                     64/172 
DEBUG util.py:537:    Verifying  : libsepol-2.5-10.el7.x86_64                                                                                                                                             65/172 
DEBUG util.py:537:    Verifying  : bash-4.2.46-35.el7_9.x86_64                                                                                                                                            66/172 
DEBUG util.py:537:    Verifying  : libmpc-1.0.1-3.el7.x86_64                                                                                                                                              67/172 
DEBUG util.py:537:    Verifying  : nss-tools-3.90.0-2.el7_9.x86_64                                                                                                                                        68/172 
DEBUG util.py:537:    Verifying  : systemd-219-78.el7_9.9.x86_64                                                                                                                                          69/172 
DEBUG util.py:537:    Verifying  : perl-Pod-Usage-1.63-3.el7.noarch                                                                                                                                       70/172 
DEBUG util.py:537:    Verifying  : perl-Encode-2.51-7.el7.x86_64                                                                                                                                          71/172 
DEBUG util.py:537:    Verifying  : libuser-0.60-9.el7.x86_64                                                                                                                                              72/172 
DEBUG util.py:537:    Verifying  : libtasn1-4.10-1.el7.x86_64                                                                                                                                             73/172 
DEBUG util.py:537:    Verifying  : perl-threads-1.87-4.el7.x86_64                                                                                                                                         74/172 
DEBUG util.py:537:    Verifying  : 1:hardlink-1.0-19.el7.x86_64                                                                                                                                           75/172 
DEBUG util.py:537:    Verifying  : cracklib-2.9.0-11.el7.x86_64                                                                                                                                           76/172 
DEBUG util.py:537:    Verifying  : nss-sysinit-3.90.0-2.el7_9.x86_64                                                                                                                                      77/172 
DEBUG util.py:537:    Verifying  : perl-Getopt-Long-2.40-3.el7.noarch                                                                                                                                     78/172 
DEBUG util.py:537:    Verifying  : kernel-headers-3.10.0-1160.119.1.el7.x86_64                                                                                                                            79/172 
DEBUG util.py:537:    Verifying  : cyrus-sasl-lib-2.1.26-24.el7_9.x86_64                                                                                                                                  80/172 
DEBUG util.py:537:    Verifying  : libgomp-4.8.5-44.el7.x86_64                                                                                                                                            81/172 
DEBUG util.py:537:    Verifying  : gnupg2-2.0.22-5.el7_5.x86_64                                                                                                                                           82/172 
DEBUG util.py:537:    Verifying  : nss-softokn-3.90.0-6.el7_9.x86_64                                                                                                                                      83/172 
DEBUG util.py:537:    Verifying  : glibc-headers-2.17-326.el7_9.3.x86_64                                                                                                                                  84/172 
DEBUG util.py:537:    Verifying  : popt-1.13-16.el7.x86_64                                                                                                                                                85/172 
DEBUG util.py:537:    Verifying  : libffi-3.0.13-19.el7.x86_64                                                                                                                                            86/172 
DEBUG util.py:537:    Verifying  : p11-kit-0.23.5-3.el7.x86_64                                                                                                                                            87/172 
DEBUG util.py:537:    Verifying  : libselinux-2.5-15.el7.x86_64                                                                                                                                           88/172 
DEBUG util.py:537:    Verifying  : perl-Storable-2.45-3.el7.x86_64                                                                                                                                        89/172 
DEBUG util.py:537:    Verifying  : unzip-6.0-24.el7_9.x86_64                                                                                                                                              90/172 
DEBUG util.py:537:    Verifying  : cpp-4.8.5-44.el7.x86_64                                                                                                                                                91/172 
DEBUG util.py:537:    Verifying  : 7:device-mapper-libs-1.02.170-6.el7_9.5.x86_64                                                                                                                         92/172 
DEBUG util.py:537:    Verifying  : libattr-2.4.46-13.el7.x86_64                                                                                                                                           93/172 
DEBUG util.py:537:    Verifying  : gawk-4.0.2-4.el7_3.1.x86_64                                                                                                                                            94/172 
DEBUG util.py:537:    Verifying  : audit-libs-2.8.5-4.el7.x86_64                                                                                                                                          95/172 
DEBUG util.py:537:    Verifying  : perl-srpm-macros-1-8.el7.noarch                                                                                                                                        96/172 
DEBUG util.py:537:    Verifying  : qrencode-libs-3.4.1-3.el7.x86_64                                                                                                                                       97/172 
DEBUG util.py:537:    Verifying  : python-libs-2.7.5-94.el7_9.x86_64                                                                                                                                      98/172 
DEBUG util.py:537:    Verifying  : 1:perl-Pod-Escapes-1.04-299.el7_9.noarch                                                                                                                               99/172 
DEBUG util.py:537:    Verifying  : grep-2.20-3.el7.x86_64                                                                                                                                                100/172 
DEBUG util.py:537:    Verifying  : xz-libs-5.2.2-2.el7_9.x86_64                                                                                                                                          101/172 
DEBUG util.py:537:    Verifying  : nss-softokn-freebl-3.90.0-6.el7_9.x86_64                                                                                                                              102/172 
DEBUG util.py:537:    Verifying  : patch-2.7.1-12.el7_7.x86_64                                                                                                                                           103/172 
DEBUG util.py:537:    Verifying  : filesystem-3.2-25.el7.x86_64                                                                                                                                          104/172 
DEBUG util.py:537:    Verifying  : perl-Carp-1.26-244.el7.noarch                                                                                                                                         105/172 
DEBUG util.py:537:    Verifying  : libdb-5.3.21-25.el7.x86_64                                                                                                                                            106/172 
DEBUG util.py:537:    Verifying  : krb5-libs-1.15.1-55.el7_9.x86_64                                                                                                                                      107/172 
DEBUG util.py:537:    Verifying  : rpm-build-4.11.3-48.el7_9.x86_64                                                                                                                                      108/172 
DEBUG util.py:537:    Verifying  : file-libs-5.11-37.el7.x86_64                                                                                                                                          109/172 
DEBUG util.py:537:    Verifying  : glibc-2.17-326.el7_9.3.x86_64                                                                                                                                         110/172 
DEBUG util.py:537:    Verifying  : gdbm-1.10-8.el7.x86_64                                                                                                                                                111/172 
DEBUG util.py:537:    Verifying  : gcc-4.8.5-44.el7.x86_64                                                                                                                                               112/172 
DEBUG util.py:537:    Verifying  : coreutils-8.22-24.el7_9.2.x86_64                                                                                                                                      113/172 
DEBUG util.py:537:    Verifying  : elfutils-libelf-0.176-5.el7.x86_64                                                                                                                                    114/172 
DEBUG util.py:537:    Verifying  : 2:tar-1.26-35.el7.x86_64                                                                                                                                              115/172 
DEBUG util.py:537:    Verifying  : rpm-libs-4.11.3-48.el7_9.x86_64                                                                                                                                       116/172 
DEBUG util.py:537:    Verifying  : systemd-libs-219-78.el7_9.9.x86_64                                                                                                                                    117/172 
DEBUG util.py:537:    Verifying  : 1:findutils-4.5.11-6.el7.x86_64                                                                                                                                       118/172 
DEBUG util.py:537:    Verifying  : nss-util-3.90.0-1.el7_9.x86_64                                                                                                                                        119/172 
DEBUG util.py:537:    Verifying  : ca-certificates-2023.2.60_v7.0.306-72.el7_9.noarch                                                                                                                    120/172 
DEBUG util.py:537:    Verifying  : perl-Pod-Perldoc-3.20-4.el7.noarch                                                                                                                                    121/172 
DEBUG util.py:537:    Verifying  : libuuid-2.23.2-65.el7_9.1.x86_64                                                                                                                                      122/172 
DEBUG util.py:537:    Verifying  : 4:perl-5.16.3-299.el7_9.x86_64                                                                                                                                        123/172 
DEBUG util.py:537:    Verifying  : glibc-devel-2.17-326.el7_9.3.x86_64                                                                                                                                   124/172 
DEBUG util.py:537:    Verifying  : mpfr-3.1.1-4.el7.x86_64                                                                                                                                               125/172 
DEBUG util.py:537:    Verifying  : perl-Filter-1.49-3.el7.x86_64                                                                                                                                         126/172 
DEBUG util.py:537:    Verifying  : dwz-0.11-3.el7.x86_64                                                                                                                                                 127/172 
DEBUG util.py:537:    Verifying  : ncurses-5.9-14.20130511.el7_4.x86_64                                                                                                                                  128/172 
DEBUG util.py:537:    Verifying  : ncurses-base-5.9-14.20130511.el7_4.noarch                                                                                                                             129/172 
DEBUG util.py:537:    Verifying  : diffutils-3.3-6.el7_9.x86_64                                                                                                                                          130/172 
DEBUG util.py:537:    Verifying  : nss-3.90.0-2.el7_9.x86_64                                                                                                                                             131/172 
DEBUG util.py:537:    Verifying  : kpartx-0.4.9-136.el7_9.x86_64                                                                                                                                         132/172 
DEBUG util.py:537:    Verifying  : lz4-1.8.3-1.el7.x86_64                                                                                                                                                133/172 
DEBUG util.py:537:    Verifying  : rpm-4.11.3-48.el7_9.x86_64                                                                                                                                            134/172 
DEBUG util.py:537:    Verifying  : perl-Exporter-5.68-3.el7.noarch                                                                                                                                       135/172 
DEBUG util.py:537:    Verifying  : perl-constant-1.27-2.el7.noarch                                                                                                                                       136/172 
DEBUG util.py:537:    Verifying  : perl-PathTools-3.40-5.el7.x86_64                                                                                                                                      137/172 
DEBUG util.py:537:    Verifying  : keyutils-libs-1.5.8-3.el7.x86_64                                                                                                                                      138/172 
DEBUG util.py:537:    Verifying  : pinentry-0.8.1-17.el7.x86_64                                                                                                                                          139/172 
DEBUG util.py:537:    Verifying  : perl-Socket-2.010-5.el7.x86_64                                                                                                                                        140/172 
DEBUG util.py:537:    Verifying  : 4:perl-macros-5.16.3-299.el7_9.x86_64                                                                                                                                 141/172 
DEBUG util.py:537:    Verifying  : glib2-2.56.1-9.el7_9.x86_64                                                                                                                                           142/172 
DEBUG util.py:537:    Verifying  : libgpg-error-1.12-3.el7.x86_64                                                                                                                                        143/172 
DEBUG util.py:537:    Verifying  : libcom_err-1.42.9-19.el7.x86_64                                                                                                                                       144/172 
DEBUG util.py:537:    Verifying  : perl-Thread-Queue-3.02-2.el7.noarch                                                                                                                                   145/172 
DEBUG util.py:537:    Verifying  : 1:perl-Pod-Simple-3.28-4.el7.noarch                                                                                                                                   146/172 
DEBUG util.py:537:    Verifying  : perl-Time-Local-1.2300-2.el7.noarch                                                                                                                                   147/172 
DEBUG util.py:537:    Verifying  : perl-threads-shared-1.43-6.el7.x86_64                                                                                                                                 148/172 
DEBUG util.py:537:    Verifying  : curl-7.29.0-59.el7_9.2.x86_64                                                                                                                                         149/172 
DEBUG util.py:537:    Verifying  : json-c-0.11-4.el7_0.x86_64                                                                                                                                            150/172 
DEBUG util.py:537:    Verifying  : expat-2.1.0-15.el7_9.x86_64                                                                                                                                           151/172 
DEBUG util.py:537:    Verifying  : kmod-20-28.el7.x86_64                                                                                                                                                 152/172 
DEBUG util.py:537:    Verifying  : centos-release-7-9.2009.2.el7.centos.x86_64                                                                                                                           153/172 
DEBUG util.py:537:    Verifying  : libcap-ng-0.7.5-4.el7.x86_64                                                                                                                                          154/172 
DEBUG util.py:537:    Verifying  : 1:gmp-6.0.0-15.el7.x86_64                                                                                                                                             155/172 
DEBUG util.py:537:    Verifying  : perl-Scalar-List-Utils-1.27-248.el7.x86_64                                                                                                                            156/172 
DEBUG util.py:537:    Verifying  : p11-kit-trust-0.23.5-3.el7.x86_64                                                                                                                                     157/172 
DEBUG util.py:537:    Verifying  : sed-4.2.2-7.el7.x86_64                                                                                                                                                158/172 
DEBUG util.py:537:    Verifying  : libgcrypt-1.5.3-14.el7.x86_64                                                                                                                                         159/172 
DEBUG util.py:537:    Verifying  : cpio-2.11-28.el7.x86_64                                                                                                                                               160/172 
DEBUG util.py:537:    Verifying  : gzip-1.5-11.el7_9.x86_64                                                                                                                                              161/172 
DEBUG util.py:537:    Verifying  : perl-podlators-2.5.1-3.el7.noarch                                                                                                                                     162/172 
DEBUG util.py:537:    Verifying  : elfutils-0.176-5.el7.x86_64                                                                                                                                           163/172 
DEBUG util.py:537:    Verifying  : zip-3.0-11.el7.x86_64                                                                                                                                                 164/172 
DEBUG util.py:537:    Verifying  : nspr-4.35.0-1.el7_9.x86_64                                                                                                                                            165/172 
DEBUG util.py:537:    Verifying  : libstdc++-devel-4.8.5-44.el7.x86_64                                                                                                                                   166/172 
DEBUG util.py:537:    Verifying  : libpwquality-1.2.3-5.el7.x86_64                                                                                                                                       167/172 
DEBUG util.py:537:    Verifying  : xz-5.2.2-2.el7_9.x86_64                                                                                                                                               168/172 
DEBUG util.py:537:    Verifying  : 4:perl-libs-5.16.3-299.el7_9.x86_64                                                                                                                                   169/172 
DEBUG util.py:537:    Verifying  : rpm-build-libs-4.11.3-48.el7_9.x86_64                                                                                                                                 170/172 
DEBUG util.py:537:    Verifying  : elfutils-libs-0.176-5.el7.x86_64                                                                                                                                      171/172 
DEBUG util.py:537:    Verifying  : redhat-rpm-config-9.1.0-88.el7.centos.noarch                                                                                                                          172/172 
DEBUG util.py:537:  Installed:
DEBUG util.py:537:    bash.x86_64 0:4.2.46-35.el7_9        bzip2.x86_64 0:1.0.6-13.el7     coreutils.x86_64 0:8.22-24.el7_9.2   cpio.x86_64 0:2.11-28.el7       diffutils.x86_64 0:3.3-6.el7_9                  
DEBUG util.py:537:    findutils.x86_64 1:4.5.11-6.el7      gawk.x86_64 0:4.0.2-4.el7_3.1   gcc.x86_64 0:4.8.5-44.el7            gcc-c++.x86_64 0:4.8.5-44.el7   grep.x86_64 0:2.20-3.el7                        
DEBUG util.py:537:    gzip.x86_64 0:1.5-11.el7_9           info.x86_64 0:5.1-5.el7         make.x86_64 1:3.82-24.el7            patch.x86_64 0:2.7.1-12.el7_7   redhat-rpm-config.noarch 0:9.1.0-88.el7.centos  
DEBUG util.py:537:    rpm-build.x86_64 0:4.11.3-48.el7_9   sed.x86_64 0:4.2.2-7.el7        tar.x86_64 2:1.26-35.el7             unzip.x86_64 0:6.0-24.el7_9     util-linux.x86_64 0:2.23.2-65.el7_9.1           
DEBUG util.py:537:    which.x86_64 0:2.20-7.el7            xz.x86_64 0:5.2.2-2.el7_9      
DEBUG util.py:537:  Dependency Installed:
DEBUG util.py:537:    acl.x86_64 0:2.2.51-15.el7                                    audit-libs.x86_64 0:2.8.5-4.el7                            basesystem.noarch 0:10.0-7.el7.centos                            
DEBUG util.py:537:    binutils.x86_64 0:2.27-44.base.el7_9.1                        bzip2-libs.x86_64 0:1.0.6-13.el7                           ca-certificates.noarch 0:2023.2.60_v7.0.306-72.el7_9             
DEBUG util.py:537:    centos-release.x86_64 0:7-9.2009.2.el7.centos                 chkconfig.x86_64 0:1.7.6-1.el7                             cpp.x86_64 0:4.8.5-44.el7                                        
DEBUG util.py:537:    cracklib.x86_64 0:2.9.0-11.el7                                cracklib-dicts.x86_64 0:2.9.0-11.el7                       cryptsetup-libs.x86_64 0:2.0.3-6.el7                             
DEBUG util.py:537:    curl.x86_64 0:7.29.0-59.el7_9.2                               cyrus-sasl-lib.x86_64 0:2.1.26-24.el7_9                    dbus.x86_64 1:1.10.24-15.el7                                     
DEBUG util.py:537:    dbus-libs.x86_64 1:1.10.24-15.el7                             device-mapper.x86_64 7:1.02.170-6.el7_9.5                  device-mapper-libs.x86_64 7:1.02.170-6.el7_9.5                   
DEBUG util.py:537:    dracut.x86_64 0:033-572.el7                                   dwz.x86_64 0:0.11-3.el7                                    elfutils.x86_64 0:0.176-5.el7                                    
DEBUG util.py:537:    elfutils-default-yama-scope.noarch 0:0.176-5.el7              elfutils-libelf.x86_64 0:0.176-5.el7                       elfutils-libs.x86_64 0:0.176-5.el7                               
DEBUG util.py:537:    expat.x86_64 0:2.1.0-15.el7_9                                 file.x86_64 0:5.11-37.el7                                  file-libs.x86_64 0:5.11-37.el7                                   
DEBUG util.py:537:    filesystem.x86_64 0:3.2-25.el7                                gdb.x86_64 0:7.6.1-120.el7                                 gdbm.x86_64 0:1.10-8.el7                                         
DEBUG util.py:537:    glib2.x86_64 0:2.56.1-9.el7_9                                 glibc.x86_64 0:2.17-326.el7_9.3                            glibc-common.x86_64 0:2.17-326.el7_9.3                           
DEBUG util.py:537:    glibc-devel.x86_64 0:2.17-326.el7_9.3                         glibc-headers.x86_64 0:2.17-326.el7_9.3                    gmp.x86_64 1:6.0.0-15.el7                                        
DEBUG util.py:537:    gnupg2.x86_64 0:2.0.22-5.el7_5                                groff-base.x86_64 0:1.22.2-8.el7                           hardlink.x86_64 1:1.0-19.el7                                     
DEBUG util.py:537:    json-c.x86_64 0:0.11-4.el7_0                                  kernel-headers.x86_64 0:3.10.0-1160.119.1.el7              keyutils-libs.x86_64 0:1.5.8-3.el7                               
DEBUG util.py:537:    kmod.x86_64 0:20-28.el7                                       kmod-libs.x86_64 0:20-28.el7                               kpartx.x86_64 0:0.4.9-136.el7_9                                  
DEBUG util.py:537:    krb5-libs.x86_64 0:1.15.1-55.el7_9                            libacl.x86_64 0:2.2.51-15.el7                              libassuan.x86_64 0:2.1.0-3.el7                                   
DEBUG util.py:537:    libattr.x86_64 0:2.4.46-13.el7                                libblkid.x86_64 0:2.23.2-65.el7_9.1                        libcap.x86_64 0:2.22-11.el7                                      
DEBUG util.py:537:    libcap-ng.x86_64 0:0.7.5-4.el7                                libcom_err.x86_64 0:1.42.9-19.el7                          libcurl.x86_64 0:7.29.0-59.el7_9.2                               
DEBUG util.py:537:    libdb.x86_64 0:5.3.21-25.el7                                  libdb-utils.x86_64 0:5.3.21-25.el7                         libffi.x86_64 0:3.0.13-19.el7                                    
DEBUG util.py:537:    libgcc.x86_64 0:4.8.5-44.el7                                  libgcrypt.x86_64 0:1.5.3-14.el7                            libgomp.x86_64 0:4.8.5-44.el7                                    
DEBUG util.py:537:    libgpg-error.x86_64 0:1.12-3.el7                              libidn.x86_64 0:1.28-4.el7                                 libmount.x86_64 0:2.23.2-65.el7_9.1                              
DEBUG util.py:537:    libmpc.x86_64 0:1.0.1-3.el7                                   libpwquality.x86_64 0:1.2.3-5.el7                          libselinux.x86_64 0:2.5-15.el7                                   
DEBUG util.py:537:    libsemanage.x86_64 0:2.5-14.el7                               libsepol.x86_64 0:2.5-10.el7                               libsmartcols.x86_64 0:2.23.2-65.el7_9.1                          
DEBUG util.py:537:    libssh2.x86_64 0:1.8.0-4.el7_9.1                              libstdc++.x86_64 0:4.8.5-44.el7                            libstdc++-devel.x86_64 0:4.8.5-44.el7                            
DEBUG util.py:537:    libtasn1.x86_64 0:4.10-1.el7                                  libuser.x86_64 0:0.60-9.el7                                libutempter.x86_64 0:1.1.6-4.el7                                 
DEBUG util.py:537:    libuuid.x86_64 0:2.23.2-65.el7_9.1                            libverto.x86_64 0:0.2.5-4.el7                              libxml2.x86_64 0:2.9.1-6.el7_9.6                                 
DEBUG util.py:537:    lua.x86_64 0:5.1.4-15.el7                                     lz4.x86_64 0:1.8.3-1.el7                                   mpfr.x86_64 0:3.1.1-4.el7                                        
DEBUG util.py:537:    ncurses.x86_64 0:5.9-14.20130511.el7_4                        ncurses-base.noarch 0:5.9-14.20130511.el7_4                ncurses-libs.x86_64 0:5.9-14.20130511.el7_4                      
DEBUG util.py:537:    nspr.x86_64 0:4.35.0-1.el7_9                                  nss.x86_64 0:3.90.0-2.el7_9                                nss-pem.x86_64 0:1.0.3-7.el7_9.1                                 
DEBUG util.py:537:    nss-softokn.x86_64 0:3.90.0-6.el7_9                           nss-softokn-freebl.x86_64 0:3.90.0-6.el7_9                 nss-sysinit.x86_64 0:3.90.0-2.el7_9                              
DEBUG util.py:537:    nss-tools.x86_64 0:3.90.0-2.el7_9                             nss-util.x86_64 0:3.90.0-1.el7_9                           openldap.x86_64 0:2.4.44-25.el7_9                                
DEBUG util.py:537:    openssl-libs.x86_64 1:1.0.2k-26.el7_9                         p11-kit.x86_64 0:0.23.5-3.el7                              p11-kit-trust.x86_64 0:0.23.5-3.el7                              
DEBUG util.py:537:    pam.x86_64 0:1.1.8-23.el7                                     pcre.x86_64 0:8.32-17.el7                                  perl.x86_64 4:5.16.3-299.el7_9                                   
DEBUG util.py:537:    perl-Carp.noarch 0:1.26-244.el7                               perl-Encode.x86_64 0:2.51-7.el7                            perl-Exporter.noarch 0:5.68-3.el7                                
DEBUG util.py:537:    perl-File-Path.noarch 0:2.09-2.el7                            perl-File-Temp.noarch 0:0.23.01-3.el7                      perl-Filter.x86_64 0:1.49-3.el7                                  
DEBUG util.py:537:    perl-Getopt-Long.noarch 0:2.40-3.el7                          perl-HTTP-Tiny.noarch 0:0.033-3.el7                        perl-PathTools.x86_64 0:3.40-5.el7                               
DEBUG util.py:537:    perl-Pod-Escapes.noarch 1:1.04-299.el7_9                      perl-Pod-Perldoc.noarch 0:3.20-4.el7                       perl-Pod-Simple.noarch 1:3.28-4.el7                              
DEBUG util.py:537:    perl-Pod-Usage.noarch 0:1.63-3.el7                            perl-Scalar-List-Utils.x86_64 0:1.27-248.el7               perl-Socket.x86_64 0:2.010-5.el7                                 
DEBUG util.py:537:    perl-Storable.x86_64 0:2.45-3.el7                             perl-Text-ParseWords.noarch 0:3.29-4.el7                   perl-Thread-Queue.noarch 0:3.02-2.el7                            
DEBUG util.py:537:    perl-Time-HiRes.x86_64 4:1.9725-3.el7                         perl-Time-Local.noarch 0:1.2300-2.el7                      perl-constant.noarch 0:1.27-2.el7                                
DEBUG util.py:537:    perl-libs.x86_64 4:5.16.3-299.el7_9                           perl-macros.x86_64 4:5.16.3-299.el7_9                      perl-parent.noarch 1:0.225-244.el7                               
DEBUG util.py:537:    perl-podlators.noarch 0:2.5.1-3.el7                           perl-srpm-macros.noarch 0:1-8.el7                          perl-threads.x86_64 0:1.87-4.el7                                 
DEBUG util.py:537:    perl-threads-shared.x86_64 0:1.43-6.el7                       pinentry.x86_64 0:0.8.1-17.el7                             pkgconfig.x86_64 1:0.27.1-4.el7                                  
DEBUG util.py:537:    popt.x86_64 0:1.13-16.el7                                     procps-ng.x86_64 0:3.3.10-28.el7                           pth.x86_64 0:2.0.7-23.el7                                        
DEBUG util.py:537:    python-libs.x86_64 0:2.7.5-94.el7_9                           python-srpm-macros.noarch 0:3-34.el7                       qrencode-libs.x86_64 0:3.4.1-3.el7                               
DEBUG util.py:537:    readline.x86_64 0:6.2-11.el7                                  rpm.x86_64 0:4.11.3-48.el7_9                               rpm-build-libs.x86_64 0:4.11.3-48.el7_9                          
DEBUG util.py:537:    rpm-libs.x86_64 0:4.11.3-48.el7_9                             setup.noarch 0:2.8.71-11.el7                               shadow-utils.x86_64 2:4.6-5.el7                                  
DEBUG util.py:537:    shared-mime-info.x86_64 0:1.8-5.el7                           sqlite.x86_64 0:3.7.17-8.el7_7.1                           systemd.x86_64 0:219-78.el7_9.9                                  
DEBUG util.py:537:    systemd-libs.x86_64 0:219-78.el7_9.9                          tzdata.noarch 0:2024a-1.el7                                ustr.x86_64 0:1.0.4-16.el7                                       
DEBUG util.py:537:    xz-libs.x86_64 0:5.2.2-2.el7_9                                zip.x86_64 0:3.0-11.el7                                    zlib.x86_64 0:1.2.7-21.el7_9                                     
DEBUG util.py:537:  Complete!
DEBUG util.py:688:  Child return code was: 0
DEBUG util.py:200:  kill orphans in chroot /var/lib/mock/centos-7-x86_64/root
DEBUG util.py:200:  kill orphans in chroot /var/lib/mock/centos-7-x86_64-bootstrap/root/var/lib/mock/centos-7-x86_64/root
DEBUG util.py:717:  child environment: None
DEBUG util.py:636:  Executing command: ['/bin/umount', '-n', '-l', '/var/lib/mock/centos-7-x86_64-bootstrap/root/var/lib/mock/centos-7-x86_64/root'] with env {'TERM': 'vt100', 'SHELL': '/bin/sh', 'HOME': '/builddir', 'HOSTNAME': 'mock', 'PATH': '/usr/bin:/bin:/usr/sbin:/sbin', 'LANG': 'C.UTF-8'} and shell False
DEBUG util.py:688:  Child return code was: 0
DEBUG util.py:717:  child environment: None
DEBUG util.py:636:  Executing command: ['/bin/umount', '-n', '-l', '/var/lib/mock/centos-7-x86_64-bootstrap/root/var/lib/mock/centos-7-x86_64/root'] with env {'TERM': 'vt100', 'SHELL': '/bin/sh', 'HOME': '/builddir', 'HOSTNAME': 'mock', 'PATH': '/usr/bin:/bin:/usr/sbin:/sbin', 'LANG': 'C.UTF-8'} and shell False
DEBUG util.py:688:  Child return code was: 0
DEBUG util.py:717:  child environment: None
DEBUG util.py:636:  Executing command: ['/bin/umount', '-n', '-l', '/var/lib/mock/centos-7-x86_64/root/sys/fs/selinux'] with env {'TERM': 'vt100', 'SHELL': '/bin/sh', 'HOME': '/builddir', 'HOSTNAME': 'mock', 'PATH': '/usr/bin:/bin:/usr/sbin:/sbin', 'LANG': 'C.UTF-8'} and shell False
DEBUG util.py:688:  Child return code was: 0
DEBUG util.py:717:  child environment: None
DEBUG util.py:636:  Executing command: ['/bin/umount', '-n', '/var/lib/mock/centos-7-x86_64/root/proc/filesystems'] with env {'TERM': 'vt100', 'SHELL': '/bin/sh', 'HOME': '/builddir', 'HOSTNAME': 'mock', 'PATH': '/usr/bin:/bin:/usr/sbin:/sbin', 'LANG': 'C.UTF-8'} and shell False
DEBUG util.py:688:  Child return code was: 0
DEBUG util.py:717:  child environment: None
DEBUG util.py:636:  Executing command: ['/bin/umount', '-n', '-l', '/var/lib/mock/centos-7-x86_64/root/dev/pts'] with env {'TERM': 'vt100', 'SHELL': '/bin/sh', 'HOME': '/builddir', 'HOSTNAME': 'mock', 'PATH': '/usr/bin:/bin:/usr/sbin:/sbin', 'LANG': 'C.UTF-8'} and shell False
DEBUG util.py:688:  Child return code was: 0
DEBUG util.py:717:  child environment: None
DEBUG util.py:636:  Executing command: ['/bin/umount', '-n', '-l', '/var/lib/mock/centos-7-x86_64/root/dev/shm'] with env {'TERM': 'vt100', 'SHELL': '/bin/sh', 'HOME': '/builddir', 'HOSTNAME': 'mock', 'PATH': '/usr/bin:/bin:/usr/sbin:/sbin', 'LANG': 'C.UTF-8'} and shell False
DEBUG util.py:688:  Child return code was: 0
DEBUG util.py:717:  child environment: None
DEBUG util.py:636:  Executing command: ['/bin/umount', '-n', '-l', '/var/lib/mock/centos-7-x86_64/root/sys'] with env {'TERM': 'vt100', 'SHELL': '/bin/sh', 'HOME': '/builddir', 'HOSTNAME': 'mock', 'PATH': '/usr/bin:/bin:/usr/sbin:/sbin', 'LANG': 'C.UTF-8'} and shell False
DEBUG util.py:688:  Child return code was: 0
DEBUG util.py:717:  child environment: None
DEBUG util.py:636:  Executing command: ['/bin/umount', '-n', '-l', '/var/lib/mock/centos-7-x86_64/root/sys'] with env {'TERM': 'vt100', 'SHELL': '/bin/sh', 'HOME': '/builddir', 'HOSTNAME': 'mock', 'PATH': '/usr/bin:/bin:/usr/sbin:/sbin', 'LANG': 'C.UTF-8'} and shell False
DEBUG util.py:688:  Child return code was: 0
DEBUG util.py:717:  child environment: None
DEBUG util.py:636:  Executing command: ['/bin/umount', '-n', '-l', '/var/lib/mock/centos-7-x86_64/root/proc'] with env {'TERM': 'vt100', 'SHELL': '/bin/sh', 'HOME': '/builddir', 'HOSTNAME': 'mock', 'PATH': '/usr/bin:/bin:/usr/sbin:/sbin', 'LANG': 'C.UTF-8'} and shell False
DEBUG util.py:688:  Child return code was: 0
DEBUG util.py:717:  child environment: None
DEBUG util.py:636:  Executing command: ['/bin/umount', '-n', '-l', '/var/lib/mock/centos-7-x86_64/root/proc'] with env {'TERM': 'vt100', 'SHELL': '/bin/sh', 'HOME': '/builddir', 'HOSTNAME': 'mock', 'PATH': '/usr/bin:/bin:/usr/sbin:/sbin', 'LANG': 'C.UTF-8'} and shell False
DEBUG util.py:688:  Child return code was: 0
DEBUG file_util.py:29:  touching file: /var/lib/mock/centos-7-x86_64/root/etc/os-release
DEBUG file_util.py:17:  ensuring that dir exists: /var/lib/mock/centos-7-x86_64/root/builddir/build
DEBUG file_util.py:20:  created dir: /var/lib/mock/centos-7-x86_64/root/builddir/build
DEBUG file_util.py:17:  ensuring that dir exists: /var/lib/mock/centos-7-x86_64/root/builddir/build/RPMS
DEBUG file_util.py:20:  created dir: /var/lib/mock/centos-7-x86_64/root/builddir/build/RPMS
DEBUG file_util.py:17:  ensuring that dir exists: /var/lib/mock/centos-7-x86_64/root/builddir/build/SPECS
DEBUG file_util.py:20:  created dir: /var/lib/mock/centos-7-x86_64/root/builddir/build/SPECS
DEBUG file_util.py:17:  ensuring that dir exists: /var/lib/mock/centos-7-x86_64/root/builddir/build/SRPMS
DEBUG file_util.py:20:  created dir: /var/lib/mock/centos-7-x86_64/root/builddir/build/SRPMS
DEBUG file_util.py:17:  ensuring that dir exists: /var/lib/mock/centos-7-x86_64/root/builddir/build/SOURCES
DEBUG file_util.py:20:  created dir: /var/lib/mock/centos-7-x86_64/root/builddir/build/SOURCES
DEBUG file_util.py:17:  ensuring that dir exists: /var/lib/mock/centos-7-x86_64/root/builddir/build/BUILD
DEBUG file_util.py:20:  created dir: /var/lib/mock/centos-7-x86_64/root/builddir/build/BUILD
DEBUG file_util.py:17:  ensuring that dir exists: /var/lib/mock/centos-7-x86_64/root/builddir/build/BUILDROOT
DEBUG file_util.py:20:  created dir: /var/lib/mock/centos-7-x86_64/root/builddir/build/BUILDROOT
DEBUG file_util.py:17:  ensuring that dir exists: /var/lib/mock/centos-7-x86_64/root/builddir/build/originals
DEBUG file_util.py:20:  created dir: /var/lib/mock/centos-7-x86_64/root/builddir/build/originals
DEBUG file_util.py:17:  ensuring that dir exists: /var/lib/mock/centos-7-x86_64/root/builddir
DEBUG util.py:717:  child environment: None
DEBUG util.py:636:  Executing command: ['userdel', '-f', 'mockbuild', '--prefix', '/var/lib/mock/centos-7-x86_64/root'] with env {'TERM': 'vt100', 'SHELL': '/bin/sh', 'HOME': '/builddir', 'HOSTNAME': 'mock', 'PATH': '/usr/bin:/bin:/usr/sbin:/sbin', 'LANG': 'C.UTF-8'} and shell False
DEBUG util.py:535:  userdel: user 'mockbuild' does not exist
DEBUG util.py:688:  Child return code was: 6
DEBUG util.py:717:  child environment: None
DEBUG util.py:636:  Executing command: ['groupdel', 'mock', '--prefix', '/var/lib/mock/centos-7-x86_64/root'] with env {'TERM': 'vt100', 'SHELL': '/bin/sh', 'HOME': '/builddir', 'HOSTNAME': 'mock', 'PATH': '/usr/bin:/bin:/usr/sbin:/sbin', 'LANG': 'C.UTF-8'} and shell False
DEBUG util.py:535:  groupdel: group 'mock' does not exist
DEBUG util.py:688:  Child return code was: 6
DEBUG util.py:717:  child environment: None
DEBUG util.py:636:  Executing command: ['groupadd', 'mock', '-g', '135', '--prefix', '/var/lib/mock/centos-7-x86_64/root'] with env {'TERM': 'vt100', 'SHELL': '/bin/sh', 'HOME': '/builddir', 'HOSTNAME': 'mock', 'PATH': '/usr/bin:/bin:/usr/sbin:/sbin', 'LANG': 'C.UTF-8'} and shell False
DEBUG util.py:688:  Child return code was: 0
DEBUG util.py:717:  child environment: None
DEBUG util.py:636:  Executing command: ['useradd', 'mockbuild', '-o', '-u', '0', '-g', '135', '-N', '-d', '/builddir', '--prefix', '/var/lib/mock/centos-7-x86_64/root'] with env {'TERM': 'vt100', 'SHELL': '/bin/sh', 'HOME': '/builddir', 'HOSTNAME': 'mock', 'PATH': '/usr/bin:/bin:/usr/sbin:/sbin', 'LANG': 'C.UTF-8'} and shell False
DEBUG util.py:535:  useradd: warning: the home directory already exists.
DEBUG util.py:535:  Not copying any file from skel directory into it.
DEBUG util.py:688:  Child return code was: 0
DEBUG file_util.py:29:  touching file: /var/lib/mock/centos-7-x86_64/root/.initialized
DEBUG util.py:717:  child environment: None
DEBUG util.py:636:  Executing command: ['sync'] with env {'TERM': 'vt100', 'SHELL': '/bin/sh', 'HOME': '/builddir', 'HOSTNAME': 'mock', 'PATH': '/usr/bin:/bin:/usr/sbin:/sbin', 'LANG': 'C.UTF-8'} and shell False
DEBUG util.py:688:  Child return code was: 0
DEBUG util.py:717:  child environment: None
DEBUG util.py:636:  Executing command: ['/bin/tar', '--one-file-system', '--exclude-caches', '--exclude-caches-under', '--use-compress-program', 'pigz', '-cf', '/var/cache/mock/centos-7-x86_64/root_cache/cache.tar.gz', '-C', '/var/lib/mock/centos-7-x86_64/root', '--exclude=./proc', '--exclude=./sys', '--exclude=./dev', '--exclude=./tmp/ccache', '--exclude=./var/cache/yum', '--exclude=./var/cache/dnf', '--exclude=./var/log', '--exclude=.//proc', '--exclude=.//proc', '--exclude=.//sys', '--exclude=.//sys', '--exclude=.//dev/shm', '--exclude=.//dev/pts', '--exclude=.//proc/filesystems', '--exclude=.//sys/fs/selinux', '--exclude=.//var/cache/yum', '--exclude=.//var/cache/dnf', '.'] with env {'TERM': 'vt100', 'SHELL': '/bin/sh', 'HOME': '/builddir', 'HOSTNAME': 'mock', 'PATH': '/usr/bin:/bin:/usr/sbin:/sbin', 'LANG': 'C.UTF-8'} and shell False
DEBUG util.py:688:  Child return code was: 0
DEBUG file_util.py:17:  ensuring that dir exists: /var/lib/mock/centos-7-x86_64-bootstrap/root/var/lib/mock/centos-7-x86_64/root
DEBUG util.py:717:  child environment: None
DEBUG util.py:636:  Executing command: ['/bin/mount', '-n', '-t', 'tmpfs', '-o', 'private,mode=0755', 'tmpfs', '/var/lib/mock/centos-7-x86_64-bootstrap/root/var/lib/mock/centos-7-x86_64/root'] with env {'TERM': 'vt100', 'SHELL': '/bin/sh', 'HOME': '/builddir', 'HOSTNAME': 'mock', 'PATH': '/usr/bin:/bin:/usr/sbin:/sbin', 'LANG': 'C.UTF-8'} and shell False
DEBUG util.py:688:  Child return code was: 0
DEBUG file_util.py:17:  ensuring that dir exists: /var/lib/mock/centos-7-x86_64-bootstrap/root/var/lib/mock/centos-7-x86_64/root
DEBUG util.py:717:  child environment: None
DEBUG util.py:636:  Executing command: ['/bin/mount', '-n', '-o', 'rbind', '/var/lib/mock/centos-7-x86_64/root', '/var/lib/mock/centos-7-x86_64-bootstrap/root/var/lib/mock/centos-7-x86_64/root'] with env {'TERM': 'vt100', 'SHELL': '/bin/sh', 'HOME': '/builddir', 'HOSTNAME': 'mock', 'PATH': '/usr/bin:/bin:/usr/sbin:/sbin', 'LANG': 'C.UTF-8'} and shell False
DEBUG util.py:688:  Child return code was: 0
DEBUG util.py:717:  child environment: None
DEBUG util.py:636:  Executing command: ['/bin/mount', '-n', '-o', 'remount,private,rbind', '--target', '/var/lib/mock/centos-7-x86_64-bootstrap/root/var/lib/mock/centos-7-x86_64/root'] with env {'TERM': 'vt100', 'SHELL': '/bin/sh', 'HOME': '/builddir', 'HOSTNAME': 'mock', 'PATH': '/usr/bin:/bin:/usr/sbin:/sbin', 'LANG': 'C.UTF-8'} and shell False
DEBUG util.py:688:  Child return code was: 0
DEBUG buildroot.py:723:  removing 3 rpm db files
DEBUG buildroot.py:728:  nuke_rpm_db: removing /var/lib/mock/centos-7-x86_64-bootstrap/root/var/lib/rpm/__db.001
DEBUG buildroot.py:728:  nuke_rpm_db: removing /var/lib/mock/centos-7-x86_64-bootstrap/root/var/lib/rpm/__db.002
DEBUG buildroot.py:728:  nuke_rpm_db: removing /var/lib/mock/centos-7-x86_64-bootstrap/root/var/lib/rpm/__db.003
DEBUG util.py:717:  child environment: None
DEBUG util.py:631:  Using nspawn with args ['--capability=cap_ipc_lock', '--resolv-conf=off']
DEBUG util.py:636:  Executing command: ['/usr/bin/systemd-nspawn', '-q', '-M', '47ed621f7f504ee8ba543a5c00b6ede1', '-D', '/var/lib/mock/centos-7-x86_64-bootstrap/root', '-a', '--capability=cap_ipc_lock', '--resolv-conf=off', '--setenv=TERM=vt100', '--setenv=SHELL=/bin/bash', '--setenv=HOME=/builddir', '--setenv=HOSTNAME=mock', '--setenv=PATH=/usr/bin:/bin:/usr/sbin:/sbin', '--setenv=PROMPT_COMMAND=printf "\\033]0;<mock-chroot>\\007"', '--setenv=PS1=<mock-chroot> \\s-\\v\\$ ', '--setenv=LANG=C.UTF-8', '/bin/rpm', '-qa', '--root', '/var/lib/mock/centos-7-x86_64/root'] with env {'TERM': 'vt100', 'SHELL': '/bin/bash', 'HOME': '/builddir', 'HOSTNAME': 'mock', 'PATH': '/usr/bin:/bin:/usr/sbin:/sbin', 'PROMPT_COMMAND': 'printf "\\033]0;<mock-chroot>\\007"', 'PS1': '<mock-chroot> \\s-\\v\\$ ', 'LANG': 'C.UTF-8', 'SYSTEMD_NSPAWN_TMPFS_TMP': '0', 'SYSTEMD_SECCOMP': '0'} and shell False
DEBUG util.py:537:  libgcc-4.8.5-44.el7.x86_64
DEBUG util.py:537:  setup-2.8.71-11.el7.noarch
DEBUG util.py:537:  basesystem-10.0-7.el7.centos.noarch
DEBUG util.py:537:  perl-srpm-macros-1-8.el7.noarch
DEBUG util.py:537:  tzdata-2024a-1.el7.noarch
DEBUG util.py:537:  glibc-common-2.17-326.el7_9.3.x86_64
DEBUG util.py:537:  nspr-4.35.0-1.el7_9.x86_64
DEBUG util.py:537:  libstdc++-4.8.5-44.el7.x86_64
DEBUG util.py:537:  bash-4.2.46-35.el7_9.x86_64
DEBUG util.py:537:  pcre-8.32-17.el7.x86_64
DEBUG util.py:537:  zlib-1.2.7-21.el7_9.x86_64
DEBUG util.py:537:  bzip2-libs-1.0.6-13.el7.x86_64
DEBUG util.py:537:  elfutils-libelf-0.176-5.el7.x86_64
DEBUG util.py:537:  sed-4.2.2-7.el7.x86_64
DEBUG util.py:537:  popt-1.13-16.el7.x86_64
DEBUG util.py:537:  libacl-2.2.51-15.el7.x86_64
DEBUG util.py:537:  readline-6.2-11.el7.x86_64
DEBUG util.py:537:  libgcrypt-1.5.3-14.el7.x86_64
DEBUG util.py:537:  chkconfig-1.7.6-1.el7.x86_64
DEBUG util.py:537:  grep-2.20-3.el7.x86_64
DEBUG util.py:537:  libuuid-2.23.2-65.el7_9.1.x86_64
DEBUG util.py:537:  libmpc-1.0.1-3.el7.x86_64
DEBUG util.py:537:  gawk-4.0.2-4.el7_3.1.x86_64
DEBUG util.py:537:  diffutils-3.3-6.el7_9.x86_64
DEBUG util.py:537:  file-libs-5.11-37.el7.x86_64
DEBUG util.py:537:  libcap-ng-0.7.5-4.el7.x86_64
DEBUG util.py:537:  p11-kit-0.23.5-3.el7.x86_64
DEBUG util.py:537:  nss-softokn-3.90.0-6.el7_9.x86_64
DEBUG util.py:537:  gdbm-1.10-8.el7.x86_64
DEBUG util.py:537:  file-5.11-37.el7.x86_64
DEBUG util.py:537:  pinentry-0.8.1-17.el7.x86_64
DEBUG util.py:537:  acl-2.2.51-15.el7.x86_64
DEBUG util.py:537:  groff-base-1.22.2-8.el7.x86_64
DEBUG util.py:537:  perl-HTTP-Tiny-0.033-3.el7.noarch
DEBUG util.py:537:  perl-Pod-Perldoc-3.20-4.el7.noarch
DEBUG util.py:537:  perl-Text-ParseWords-3.29-4.el7.noarch
DEBUG util.py:537:  perl-Pod-Usage-1.63-3.el7.noarch
DEBUG util.py:537:  perl-threads-1.87-4.el7.x86_64
DEBUG util.py:537:  perl-Carp-1.26-244.el7.noarch
DEBUG util.py:537:  perl-Exporter-5.68-3.el7.noarch
DEBUG util.py:537:  perl-Socket-2.010-5.el7.x86_64
DEBUG util.py:537:  perl-Time-Local-1.2300-2.el7.noarch
DEBUG util.py:537:  perl-File-Path-2.09-2.el7.noarch
DEBUG util.py:537:  perl-threads-shared-1.43-6.el7.x86_64
DEBUG util.py:537:  perl-libs-5.16.3-299.el7_9.x86_64
DEBUG util.py:537:  perl-Getopt-Long-2.40-3.el7.noarch
DEBUG util.py:537:  perl-Thread-Queue-3.02-2.el7.noarch
DEBUG util.py:537:  dwz-0.11-3.el7.x86_64
DEBUG util.py:537:  libxml2-2.9.1-6.el7_9.6.x86_64
DEBUG util.py:537:  unzip-6.0-24.el7_9.x86_64
DEBUG util.py:537:  libidn-1.28-4.el7.x86_64
DEBUG util.py:537:  glibc-headers-2.17-326.el7_9.3.x86_64
DEBUG util.py:537:  ncurses-5.9-14.20130511.el7_4.x86_64
DEBUG util.py:537:  pth-2.0.7-23.el7.x86_64
DEBUG util.py:537:  ustr-1.0.4-16.el7.x86_64
DEBUG util.py:537:  libverto-0.2.5-4.el7.x86_64
DEBUG util.py:537:  p11-kit-trust-0.23.5-3.el7.x86_64
DEBUG util.py:537:  hardlink-1.0-19.el7.x86_64
DEBUG util.py:537:  keyutils-libs-1.5.8-3.el7.x86_64
DEBUG util.py:537:  coreutils-8.22-24.el7_9.2.x86_64
DEBUG util.py:537:  libblkid-2.23.2-65.el7_9.1.x86_64
DEBUG util.py:537:  cracklib-2.9.0-11.el7.x86_64
DEBUG util.py:537:  glib2-2.56.1-9.el7_9.x86_64
DEBUG util.py:537:  shadow-utils-4.6-5.el7.x86_64
DEBUG util.py:537:  pkgconfig-0.27.1-4.el7.x86_64
DEBUG util.py:537:  pam-1.1.8-23.el7.x86_64
DEBUG util.py:537:  gcc-4.8.5-44.el7.x86_64
DEBUG util.py:537:  cyrus-sasl-lib-2.1.26-24.el7_9.x86_64
DEBUG util.py:537:  nss-3.90.0-2.el7_9.x86_64
DEBUG util.py:537:  nss-tools-3.90.0-2.el7_9.x86_64
DEBUG util.py:537:  gdb-7.6.1-120.el7.x86_64
DEBUG util.py:537:  libcurl-7.29.0-59.el7_9.2.x86_64
DEBUG util.py:537:  rpm-libs-4.11.3-48.el7_9.x86_64
DEBUG util.py:537:  openldap-2.4.44-25.el7_9.x86_64
DEBUG util.py:537:  gnupg2-2.0.22-5.el7_5.x86_64
DEBUG util.py:537:  json-c-0.11-4.el7_0.x86_64
DEBUG util.py:537:  procps-ng-3.3.10-28.el7.x86_64
DEBUG util.py:537:  kpartx-0.4.9-136.el7_9.x86_64
DEBUG util.py:537:  cryptsetup-libs-2.0.3-6.el7.x86_64
DEBUG util.py:537:  kmod-20-28.el7.x86_64
DEBUG util.py:537:  systemd-libs-219-78.el7_9.9.x86_64
DEBUG util.py:537:  systemd-219-78.el7_9.9.x86_64
DEBUG util.py:537:  elfutils-default-yama-scope-0.176-5.el7.noarch
DEBUG util.py:537:  python-srpm-macros-3-34.el7.noarch
DEBUG util.py:537:  rpm-build-4.11.3-48.el7_9.x86_64
DEBUG util.py:537:  which-2.20-7.el7.x86_64
DEBUG util.py:537:  gpg-pubkey-f4a80eb5-53a7ff4b
DEBUG util.py:537:  centos-release-7-9.2009.2.el7.centos.x86_64
DEBUG util.py:537:  filesystem-3.2-25.el7.x86_64
DEBUG util.py:537:  ncurses-base-5.9-14.20130511.el7_4.noarch
DEBUG util.py:537:  kernel-headers-3.10.0-1160.119.1.el7.x86_64
DEBUG util.py:537:  nss-softokn-freebl-3.90.0-6.el7_9.x86_64
DEBUG util.py:537:  glibc-2.17-326.el7_9.3.x86_64
DEBUG util.py:537:  nss-util-3.90.0-1.el7_9.x86_64
DEBUG util.py:537:  ncurses-libs-5.9-14.20130511.el7_4.x86_64
DEBUG util.py:537:  libsepol-2.5-10.el7.x86_64
DEBUG util.py:537:  libselinux-2.5-15.el7.x86_64
DEBUG util.py:537:  info-5.1-5.el7.x86_64
DEBUG util.py:537:  xz-libs-5.2.2-2.el7_9.x86_64
DEBUG util.py:537:  libdb-5.3.21-25.el7.x86_64
DEBUG util.py:537:  gmp-6.0.0-15.el7.x86_64
DEBUG util.py:537:  libattr-2.4.46-13.el7.x86_64
DEBUG util.py:537:  libcap-2.22-11.el7.x86_64
DEBUG util.py:537:  libgpg-error-1.12-3.el7.x86_64
DEBUG util.py:537:  lua-5.1.4-15.el7.x86_64
DEBUG util.py:537:  mpfr-3.1.1-4.el7.x86_64
DEBUG util.py:537:  libffi-3.0.13-19.el7.x86_64
DEBUG util.py:537:  libcom_err-1.42.9-19.el7.x86_64
DEBUG util.py:537:  xz-5.2.2-2.el7_9.x86_64
DEBUG util.py:537:  findutils-4.5.11-6.el7.x86_64
DEBUG util.py:537:  cpio-2.11-28.el7.x86_64
DEBUG util.py:537:  expat-2.1.0-15.el7_9.x86_64
DEBUG util.py:537:  audit-libs-2.8.5-4.el7.x86_64
DEBUG util.py:537:  sqlite-3.7.17-8.el7_7.1.x86_64
DEBUG util.py:537:  tar-1.26-35.el7.x86_64
DEBUG util.py:537:  lz4-1.8.3-1.el7.x86_64
DEBUG util.py:537:  cpp-4.8.5-44.el7.x86_64
DEBUG util.py:537:  libassuan-2.1.0-3.el7.x86_64
DEBUG util.py:537:  patch-2.7.1-12.el7_7.x86_64
DEBUG util.py:537:  perl-parent-0.225-244.el7.noarch
DEBUG util.py:537:  perl-podlators-2.5.1-3.el7.noarch
DEBUG util.py:537:  perl-Pod-Escapes-1.04-299.el7_9.noarch
DEBUG util.py:537:  perl-Encode-2.51-7.el7.x86_64
DEBUG util.py:537:  perl-Time-HiRes-1.9725-3.el7.x86_64
DEBUG util.py:537:  perl-Storable-2.45-3.el7.x86_64
DEBUG util.py:537:  perl-Filter-1.49-3.el7.x86_64
DEBUG util.py:537:  perl-constant-1.27-2.el7.noarch
DEBUG util.py:537:  perl-macros-5.16.3-299.el7_9.x86_64
DEBUG util.py:537:  perl-File-Temp-0.23.01-3.el7.noarch
DEBUG util.py:537:  perl-PathTools-3.40-5.el7.x86_64
DEBUG util.py:537:  perl-Scalar-List-Utils-1.27-248.el7.x86_64
DEBUG util.py:537:  perl-Pod-Simple-3.28-4.el7.noarch
DEBUG util.py:537:  perl-5.16.3-299.el7_9.x86_64
DEBUG util.py:537:  libdb-utils-5.3.21-25.el7.x86_64
DEBUG util.py:537:  kmod-libs-20-28.el7.x86_64
DEBUG util.py:537:  bzip2-1.0.6-13.el7.x86_64
DEBUG util.py:537:  zip-3.0-11.el7.x86_64
DEBUG util.py:537:  libgomp-4.8.5-44.el7.x86_64
DEBUG util.py:537:  glibc-devel-2.17-326.el7_9.3.x86_64
DEBUG util.py:537:  libstdc++-devel-4.8.5-44.el7.x86_64
DEBUG util.py:537:  libsmartcols-2.23.2-65.el7_9.1.x86_64
DEBUG util.py:537:  libsemanage-2.5-14.el7.x86_64
DEBUG util.py:537:  libtasn1-4.10-1.el7.x86_64
DEBUG util.py:537:  ca-certificates-2023.2.60_v7.0.306-72.el7_9.noarch
DEBUG util.py:537:  qrencode-libs-3.4.1-3.el7.x86_64
DEBUG util.py:537:  openssl-libs-1.0.2k-26.el7_9.x86_64
DEBUG util.py:537:  krb5-libs-1.15.1-55.el7_9.x86_64
DEBUG util.py:537:  gzip-1.5-11.el7_9.x86_64
DEBUG util.py:537:  libmount-2.23.2-65.el7_9.1.x86_64
DEBUG util.py:537:  shared-mime-info-1.8-5.el7.x86_64
DEBUG util.py:537:  binutils-2.27-44.base.el7_9.1.x86_64
DEBUG util.py:537:  cracklib-dicts-2.9.0-11.el7.x86_64
DEBUG util.py:537:  libpwquality-1.2.3-5.el7.x86_64
DEBUG util.py:537:  libutempter-1.1.6-4.el7.x86_64
DEBUG util.py:537:  nss-pem-1.0.3-7.el7_9.1.x86_64
DEBUG util.py:537:  nss-sysinit-3.90.0-2.el7_9.x86_64
DEBUG util.py:537:  python-libs-2.7.5-94.el7_9.x86_64
DEBUG util.py:537:  libssh2-1.8.0-4.el7_9.1.x86_64
DEBUG util.py:537:  curl-7.29.0-59.el7_9.2.x86_64
DEBUG util.py:537:  rpm-4.11.3-48.el7_9.x86_64
DEBUG util.py:537:  libuser-0.60-9.el7.x86_64
DEBUG util.py:537:  rpm-build-libs-4.11.3-48.el7_9.x86_64
DEBUG util.py:537:  util-linux-2.23.2-65.el7_9.1.x86_64
DEBUG util.py:537:  device-mapper-1.02.170-6.el7_9.5.x86_64
DEBUG util.py:537:  device-mapper-libs-1.02.170-6.el7_9.5.x86_64
DEBUG util.py:537:  dracut-033-572.el7.x86_64
DEBUG util.py:537:  elfutils-libs-0.176-5.el7.x86_64
DEBUG util.py:537:  dbus-libs-1.10.24-15.el7.x86_64
DEBUG util.py:537:  dbus-1.10.24-15.el7.x86_64
DEBUG util.py:537:  elfutils-0.176-5.el7.x86_64
DEBUG util.py:537:  redhat-rpm-config-9.1.0-88.el7.centos.noarch
DEBUG util.py:537:  gcc-c++-4.8.5-44.el7.x86_64
DEBUG util.py:537:  make-3.82-24.el7.x86_64
DEBUG util.py:688:  Child return code was: 0
DEBUG util.py:200:  kill orphans in chroot /var/lib/mock/centos-7-x86_64/root
DEBUG util.py:200:  kill orphans in chroot /var/lib/mock/centos-7-x86_64-bootstrap/root/var/lib/mock/centos-7-x86_64/root
DEBUG util.py:717:  child environment: None
DEBUG util.py:636:  Executing command: ['/bin/umount', '-n', '-l', '/var/lib/mock/centos-7-x86_64-bootstrap/root/var/lib/mock/centos-7-x86_64/root'] with env {'TERM': 'vt100', 'SHELL': '/bin/sh', 'HOME': '/builddir', 'HOSTNAME': 'mock', 'PATH': '/usr/bin:/bin:/usr/sbin:/sbin', 'LANG': 'C.UTF-8'} and shell False
DEBUG util.py:688:  Child return code was: 0
DEBUG util.py:717:  child environment: None
DEBUG util.py:636:  Executing command: ['/bin/umount', '-n', '-l', '/var/lib/mock/centos-7-x86_64-bootstrap/root/var/lib/mock/centos-7-x86_64/root'] with env {'TERM': 'vt100', 'SHELL': '/bin/sh', 'HOME': '/builddir', 'HOSTNAME': 'mock', 'PATH': '/usr/bin:/bin:/usr/sbin:/sbin', 'LANG': 'C.UTF-8'} and shell False
DEBUG util.py:688:  Child return code was: 0
INFO backend.py:229:  Installed packages:
INFO backend.py:230:  acl-2.2.51-15.el7.x86_64
audit-libs-2.8.5-4.el7.x86_64
basesystem-10.0-7.el7.centos.noarch
bash-4.2.46-35.el7_9.x86_64
binutils-2.27-44.base.el7_9.1.x86_64
bzip2-1.0.6-13.el7.x86_64
bzip2-libs-1.0.6-13.el7.x86_64
ca-certificates-2023.2.60_v7.0.306-72.el7_9.noarch
centos-release-7-9.2009.2.el7.centos.x86_64
chkconfig-1.7.6-1.el7.x86_64
coreutils-8.22-24.el7_9.2.x86_64
cpio-2.11-28.el7.x86_64
cpp-4.8.5-44.el7.x86_64
cracklib-2.9.0-11.el7.x86_64
cracklib-dicts-2.9.0-11.el7.x86_64
cryptsetup-libs-2.0.3-6.el7.x86_64
curl-7.29.0-59.el7_9.2.x86_64
cyrus-sasl-lib-2.1.26-24.el7_9.x86_64
dbus-1.10.24-15.el7.x86_64
dbus-libs-1.10.24-15.el7.x86_64
device-mapper-1.02.170-6.el7_9.5.x86_64
device-mapper-libs-1.02.170-6.el7_9.5.x86_64
diffutils-3.3-6.el7_9.x86_64
dracut-033-572.el7.x86_64
dwz-0.11-3.el7.x86_64
elfutils-0.176-5.el7.x86_64
elfutils-default-yama-scope-0.176-5.el7.noarch
elfutils-libelf-0.176-5.el7.x86_64
elfutils-libs-0.176-5.el7.x86_64
expat-2.1.0-15.el7_9.x86_64
file-5.11-37.el7.x86_64
file-libs-5.11-37.el7.x86_64
filesystem-3.2-25.el7.x86_64
findutils-4.5.11-6.el7.x86_64
gawk-4.0.2-4.el7_3.1.x86_64
gcc-4.8.5-44.el7.x86_64
gcc-c++-4.8.5-44.el7.x86_64
gdb-7.6.1-120.el7.x86_64
gdbm-1.10-8.el7.x86_64
glib2-2.56.1-9.el7_9.x86_64
glibc-2.17-326.el7_9.3.x86_64
glibc-common-2.17-326.el7_9.3.x86_64
glibc-devel-2.17-326.el7_9.3.x86_64
glibc-headers-2.17-326.el7_9.3.x86_64
gmp-6.0.0-15.el7.x86_64
gnupg2-2.0.22-5.el7_5.x86_64
gpg-pubkey-f4a80eb5-53a7ff4b
grep-2.20-3.el7.x86_64
groff-base-1.22.2-8.el7.x86_64
gzip-1.5-11.el7_9.x86_64
hardlink-1.0-19.el7.x86_64
info-5.1-5.el7.x86_64
json-c-0.11-4.el7_0.x86_64
kernel-headers-3.10.0-1160.119.1.el7.x86_64
keyutils-libs-1.5.8-3.el7.x86_64
kmod-20-28.el7.x86_64
kmod-libs-20-28.el7.x86_64
kpartx-0.4.9-136.el7_9.x86_64
krb5-libs-1.15.1-55.el7_9.x86_64
libacl-2.2.51-15.el7.x86_64
libassuan-2.1.0-3.el7.x86_64
libattr-2.4.46-13.el7.x86_64
libblkid-2.23.2-65.el7_9.1.x86_64
libcap-2.22-11.el7.x86_64
libcap-ng-0.7.5-4.el7.x86_64
libcom_err-1.42.9-19.el7.x86_64
libcurl-7.29.0-59.el7_9.2.x86_64
libdb-5.3.21-25.el7.x86_64
libdb-utils-5.3.21-25.el7.x86_64
libffi-3.0.13-19.el7.x86_64
libgcc-4.8.5-44.el7.x86_64
libgcrypt-1.5.3-14.el7.x86_64
libgomp-4.8.5-44.el7.x86_64
libgpg-error-1.12-3.el7.x86_64
libidn-1.28-4.el7.x86_64
libmount-2.23.2-65.el7_9.1.x86_64
libmpc-1.0.1-3.el7.x86_64
libpwquality-1.2.3-5.el7.x86_64
libselinux-2.5-15.el7.x86_64
libsemanage-2.5-14.el7.x86_64
libsepol-2.5-10.el7.x86_64
libsmartcols-2.23.2-65.el7_9.1.x86_64
libssh2-1.8.0-4.el7_9.1.x86_64
libstdc++-4.8.5-44.el7.x86_64
libstdc++-devel-4.8.5-44.el7.x86_64
libtasn1-4.10-1.el7.x86_64
libuser-0.60-9.el7.x86_64
libutempter-1.1.6-4.el7.x86_64
libuuid-2.23.2-65.el7_9.1.x86_64
libverto-0.2.5-4.el7.x86_64
libxml2-2.9.1-6.el7_9.6.x86_64
lua-5.1.4-15.el7.x86_64
lz4-1.8.3-1.el7.x86_64
make-3.82-24.el7.x86_64
mpfr-3.1.1-4.el7.x86_64
ncurses-5.9-14.20130511.el7_4.x86_64
ncurses-base-5.9-14.20130511.el7_4.noarch
ncurses-libs-5.9-14.20130511.el7_4.x86_64
nspr-4.35.0-1.el7_9.x86_64
nss-3.90.0-2.el7_9.x86_64
nss-pem-1.0.3-7.el7_9.1.x86_64
nss-softokn-3.90.0-6.el7_9.x86_64
nss-softokn-freebl-3.90.0-6.el7_9.x86_64
nss-sysinit-3.90.0-2.el7_9.x86_64
nss-tools-3.90.0-2.el7_9.x86_64
nss-util-3.90.0-1.el7_9.x86_64
openldap-2.4.44-25.el7_9.x86_64
openssl-libs-1.0.2k-26.el7_9.x86_64
p11-kit-0.23.5-3.el7.x86_64
p11-kit-trust-0.23.5-3.el7.x86_64
pam-1.1.8-23.el7.x86_64
patch-2.7.1-12.el7_7.x86_64
pcre-8.32-17.el7.x86_64
perl-5.16.3-299.el7_9.x86_64
perl-Carp-1.26-244.el7.noarch
perl-Encode-2.51-7.el7.x86_64
perl-Exporter-5.68-3.el7.noarch
perl-File-Path-2.09-2.el7.noarch
perl-File-Temp-0.23.01-3.el7.noarch
perl-Filter-1.49-3.el7.x86_64
perl-Getopt-Long-2.40-3.el7.noarch
perl-HTTP-Tiny-0.033-3.el7.noarch
perl-PathTools-3.40-5.el7.x86_64
perl-Pod-Escapes-1.04-299.el7_9.noarch
perl-Pod-Perldoc-3.20-4.el7.noarch
perl-Pod-Simple-3.28-4.el7.noarch
perl-Pod-Usage-1.63-3.el7.noarch
perl-Scalar-List-Utils-1.27-248.el7.x86_64
perl-Socket-2.010-5.el7.x86_64
perl-Storable-2.45-3.el7.x86_64
perl-Text-ParseWords-3.29-4.el7.noarch
perl-Thread-Queue-3.02-2.el7.noarch
perl-Time-HiRes-1.9725-3.el7.x86_64
perl-Time-Local-1.2300-2.el7.noarch
perl-constant-1.27-2.el7.noarch
perl-libs-5.16.3-299.el7_9.x86_64
perl-macros-5.16.3-299.el7_9.x86_64
perl-parent-0.225-244.el7.noarch
perl-podlators-2.5.1-3.el7.noarch
perl-srpm-macros-1-8.el7.noarch
perl-threads-1.87-4.el7.x86_64
perl-threads-shared-1.43-6.el7.x86_64
pinentry-0.8.1-17.el7.x86_64
pkgconfig-0.27.1-4.el7.x86_64
popt-1.13-16.el7.x86_64
procps-ng-3.3.10-28.el7.x86_64
pth-2.0.7-23.el7.x86_64
python-libs-2.7.5-94.el7_9.x86_64
python-srpm-macros-3-34.el7.noarch
qrencode-libs-3.4.1-3.el7.x86_64
readline-6.2-11.el7.x86_64
redhat-rpm-config-9.1.0-88.el7.centos.noarch
rpm-4.11.3-48.el7_9.x86_64
rpm-build-4.11.3-48.el7_9.x86_64
rpm-build-libs-4.11.3-48.el7_9.x86_64
rpm-libs-4.11.3-48.el7_9.x86_64
sed-4.2.2-7.el7.x86_64
setup-2.8.71-11.el7.noarch
shadow-utils-4.6-5.el7.x86_64
shared-mime-info-1.8-5.el7.x86_64
sqlite-3.7.17-8.el7_7.1.x86_64
systemd-219-78.el7_9.9.x86_64
systemd-libs-219-78.el7_9.9.x86_64
tar-1.26-35.el7.x86_64
tzdata-2024a-1.el7.noarch
unzip-6.0-24.el7_9.x86_64
ustr-1.0.4-16.el7.x86_64
util-linux-2.23.2-65.el7_9.1.x86_64
which-2.20-7.el7.x86_64
xz-5.2.2-2.el7_9.x86_64
xz-libs-5.2.2-2.el7_9.x86_64
zip-3.0-11.el7.x86_64
zlib-1.2.7-21.el7_9.x86_64
DEBUG util.py:717:  child environment: None
DEBUG util.py:631:  Using nspawn with args ['--capability=cap_ipc_lock', '--bind=/dev/mapper/control', '--bind=/dev/fuse', '--bind=/dev/loop-control', '--bind=/dev/loop0', '--bind=/dev/loop1', '--bind=/dev/loop2', '--bind=/dev/loop3', '--bind=/dev/loop4', '--bind=/dev/loop5', '--bind=/dev/loop6', '--bind=/dev/loop7', '--bind=/dev/loop8', '--bind=/dev/loop9', '--bind=/dev/loop10', '--bind=/dev/loop11', '--resolv-conf=off']
DEBUG util.py:636:  Executing command: ['/usr/bin/systemd-nspawn', '-q', '-M', '9ed48a7c31f349d1855246f50d744159', '-D', '/var/lib/mock/centos-7-x86_64/root', '-a', '-u', 'mockbuild', '--capability=cap_ipc_lock', '--bind=/dev/mapper/control', '--bind=/dev/fuse', '--bind=/dev/loop-control', '--bind=/dev/loop0', '--bind=/dev/loop1', '--bind=/dev/loop2', '--bind=/dev/loop3', '--bind=/dev/loop4', '--bind=/dev/loop5', '--bind=/dev/loop6', '--bind=/dev/loop7', '--bind=/dev/loop8', '--bind=/dev/loop9', '--bind=/dev/loop10', '--bind=/dev/loop11', '--resolv-conf=off', '--setenv=TERM=vt100', '--setenv=SHELL=/bin/bash', '--setenv=HOME=/builddir', '--setenv=HOSTNAME=mock', '--setenv=PATH=/usr/bin:/bin:/usr/sbin:/sbin', '--setenv=PROMPT_COMMAND=printf "\\033]0;<mock-chroot>\\007"', '--setenv=PS1=<mock-chroot> \\s-\\v\\$ ', '--setenv=LANG=C.UTF-8', '/bin/rpm', '-Uvh', '--nodeps', '/builddir/build/originals/unbound-1.16.2-5.14.el8.src.rpm'] with env {'TERM': 'vt100', 'SHELL': '/bin/bash', 'HOME': '/builddir', 'HOSTNAME': 'mock', 'PATH': '/usr/bin:/bin:/usr/sbin:/sbin', 'PROMPT_COMMAND': 'printf "\\033]0;<mock-chroot>\\007"', 'PS1': '<mock-chroot> \\s-\\v\\$ ', 'LANG': 'C.UTF-8', 'SYSTEMD_NSPAWN_TMPFS_TMP': '0', 'SYSTEMD_SECCOMP': '0'} and shell False
DEBUG util.py:537:  Updating / installing...
DEBUG util.py:537:  unbound-1.16.2-5.14.el8               ########################################
DEBUG util.py:688:  Child return code was: 0
DEBUG buildroot.py:723:  removing 3 rpm db files
DEBUG buildroot.py:728:  nuke_rpm_db: removing /var/lib/mock/centos-7-x86_64/root/var/lib/rpm/__db.001
DEBUG buildroot.py:728:  nuke_rpm_db: removing /var/lib/mock/centos-7-x86_64/root/var/lib/rpm/__db.002
DEBUG buildroot.py:728:  nuke_rpm_db: removing /var/lib/mock/centos-7-x86_64/root/var/lib/rpm/__db.003
DEBUG util.py:717:  child environment: None
DEBUG util.py:631:  Using nspawn with args ['--capability=cap_ipc_lock', '--bind=/dev/mapper/control', '--bind=/dev/fuse', '--bind=/dev/loop-control', '--bind=/dev/loop0', '--bind=/dev/loop1', '--bind=/dev/loop2', '--bind=/dev/loop3', '--bind=/dev/loop4', '--bind=/dev/loop5', '--bind=/dev/loop6', '--bind=/dev/loop7', '--bind=/dev/loop8', '--bind=/dev/loop9', '--bind=/dev/loop10', '--bind=/dev/loop11', '--resolv-conf=off']
DEBUG util.py:636:  Executing command: ['/usr/bin/systemd-nspawn', '-q', '-M', 'f6b1bbe217d74ed19d6368d6dab19d75', '-D', '/var/lib/mock/centos-7-x86_64/root', '-a', '-u', 'mockbuild', '--capability=cap_ipc_lock', '--bind=/dev/mapper/control', '--bind=/dev/fuse', '--bind=/dev/loop-control', '--bind=/dev/loop0', '--bind=/dev/loop1', '--bind=/dev/loop2', '--bind=/dev/loop3', '--bind=/dev/loop4', '--bind=/dev/loop5', '--bind=/dev/loop6', '--bind=/dev/loop7', '--bind=/dev/loop8', '--bind=/dev/loop9', '--bind=/dev/loop10', '--bind=/dev/loop11', '--resolv-conf=off', '--setenv=TERM=vt100', '--setenv=SHELL=/bin/bash', '--setenv=HOME=/builddir', '--setenv=HOSTNAME=mock', '--setenv=PATH=/usr/bin:/bin:/usr/sbin:/sbin', '--setenv=PROMPT_COMMAND=printf "\\033]0;<mock-chroot>\\007"', '--setenv=PS1=<mock-chroot> \\s-\\v\\$ ', '--setenv=LANG=C.UTF-8', '/bin/rpm', '-qpl', '/builddir/build/originals/unbound-1.16.2-5.14.el8.src.rpm'] with env {'TERM': 'vt100', 'SHELL': '/bin/bash', 'HOME': '/builddir', 'HOSTNAME': 'mock', 'PATH': '/usr/bin:/bin:/usr/sbin:/sbin', 'PROMPT_COMMAND': 'printf "\\033]0;<mock-chroot>\\007"', 'PS1': '<mock-chroot> \\s-\\v\\$ ', 'LANG': 'C.UTF-8', 'SYSTEMD_NSPAWN_TMPFS_TMP': '0', 'SYSTEMD_SECCOMP': '0'} and shell False
DEBUG util.py:537:  block-example.com.conf
DEBUG util.py:537:  example.com.conf
DEBUG util.py:537:  example.com.key
DEBUG util.py:537:  icannbundle.pem
DEBUG util.py:537:  remote-control.conf
DEBUG util.py:537:  root.anchor
DEBUG util.py:537:  root.key
DEBUG util.py:537:  tmpfiles-unbound.conf
DEBUG util.py:537:  unbound-1.15-source-compat.patch
DEBUG util.py:537:  unbound-1.15-soversion2-compat.patch
DEBUG util.py:537:  unbound-1.16-CVE-2022-3204.patch
DEBUG util.py:537:  unbound-1.16-CVE-2023-50387-CVE-2023-50868.patch
DEBUG util.py:537:  unbound-1.16.2.tar.gz
DEBUG util.py:537:  unbound-1.16.2.tar.gz.asc
DEBUG util.py:537:  unbound-1.20-unbound-anchor-key-38696.patch
DEBUG util.py:537:  unbound-1.21-CVE-2024-8508.patch
DEBUG util.py:537:  unbound-1.23.1-CVE-2025-5994.patch
DEBUG util.py:537:  unbound-1.25.1-CVE-2026-40622-test.patch
DEBUG util.py:537:  unbound-1.25.1-CVE-2026-40622.patch
DEBUG util.py:537:  unbound-1.25.1-CVE-2026-41292.patch
DEBUG util.py:537:  unbound-1.25.1-CVE-2026-42534.patch
DEBUG util.py:537:  unbound-1.25.1-CVE-2026-42944.patch
DEBUG util.py:537:  unbound-1.25.1-CVE-2026-42959.patch
DEBUG util.py:537:  unbound-1.25.1-CVE-2026-44390.patch
DEBUG util.py:537:  unbound-1.25.2-CVE-2026-44690-test.patch
DEBUG util.py:537:  unbound-1.25.2-CVE-2026-44690.patch
DEBUG util.py:537:  unbound-anchor.service
DEBUG util.py:537:  unbound-anchor.timer
DEBUG util.py:537:  unbound-keygen.service
DEBUG util.py:537:  unbound-munin.README
DEBUG util.py:537:  unbound.conf
DEBUG util.py:537:  unbound.munin
DEBUG util.py:537:  unbound.service
DEBUG util.py:537:  unbound.spec
DEBUG util.py:537:  unbound.sysconfig
DEBUG util.py:537:  unbound_munin_
DEBUG util.py:688:  Child return code was: 0
DEBUG buildroot.py:723:  removing 3 rpm db files
DEBUG buildroot.py:728:  nuke_rpm_db: removing /var/lib/mock/centos-7-x86_64/root/var/lib/rpm/__db.001
DEBUG buildroot.py:728:  nuke_rpm_db: removing /var/lib/mock/centos-7-x86_64/root/var/lib/rpm/__db.002
DEBUG buildroot.py:728:  nuke_rpm_db: removing /var/lib/mock/centos-7-x86_64/root/var/lib/rpm/__db.003
DEBUG file_util.py:17:  ensuring that dir exists: /var/lib/mock/centos-7-x86_64-bootstrap/root/var/lib/mock/centos-7-x86_64/root
DEBUG util.py:717:  child environment: None
DEBUG util.py:636:  Executing command: ['/bin/mount', '-n', '-t', 'tmpfs', '-o', 'private,mode=0755', 'tmpfs', '/var/lib/mock/centos-7-x86_64-bootstrap/root/var/lib/mock/centos-7-x86_64/root'] with env {'TERM': 'vt100', 'SHELL': '/bin/sh', 'HOME': '/builddir', 'HOSTNAME': 'mock', 'PATH': '/usr/bin:/bin:/usr/sbin:/sbin', 'LANG': 'C.UTF-8'} and shell False
DEBUG util.py:688:  Child return code was: 0
DEBUG file_util.py:17:  ensuring that dir exists: /var/lib/mock/centos-7-x86_64-bootstrap/root/var/lib/mock/centos-7-x86_64/root
DEBUG util.py:717:  child environment: None
DEBUG util.py:636:  Executing command: ['/bin/mount', '-n', '-o', 'rbind', '/var/lib/mock/centos-7-x86_64/root', '/var/lib/mock/centos-7-x86_64-bootstrap/root/var/lib/mock/centos-7-x86_64/root'] with env {'TERM': 'vt100', 'SHELL': '/bin/sh', 'HOME': '/builddir', 'HOSTNAME': 'mock', 'PATH': '/usr/bin:/bin:/usr/sbin:/sbin', 'LANG': 'C.UTF-8'} and shell False
DEBUG util.py:688:  Child return code was: 0
DEBUG util.py:717:  child environment: None
DEBUG util.py:636:  Executing command: ['/bin/mount', '-n', '-o', 'remount,private,rbind', '--target', '/var/lib/mock/centos-7-x86_64-bootstrap/root/var/lib/mock/centos-7-x86_64/root'] with env {'TERM': 'vt100', 'SHELL': '/bin/sh', 'HOME': '/builddir', 'HOSTNAME': 'mock', 'PATH': '/usr/bin:/bin:/usr/sbin:/sbin', 'LANG': 'C.UTF-8'} and shell False
DEBUG util.py:688:  Child return code was: 0
DEBUG util.py:717:  child environment: None
DEBUG util.py:631:  Using nspawn with args ['--capability=cap_ipc_lock', '--resolv-conf=off']
DEBUG util.py:636:  Executing command: ['/usr/bin/systemd-nspawn', '-q', '-M', '8ef59bc67c63475d9f560dee69a3edce', '-D', '/var/lib/mock/centos-7-x86_64-bootstrap/root', '-a', '--capability=cap_ipc_lock', '--resolv-conf=off', '--setenv=TERM=vt100', '--setenv=SHELL=/bin/bash', '--setenv=HOME=/builddir', '--setenv=HOSTNAME=mock', '--setenv=PATH=/usr/bin:/bin:/usr/sbin:/sbin', '--setenv=PROMPT_COMMAND=printf "\\033]0;<mock-chroot>\\007"', '--setenv=PS1=<mock-chroot> \\s-\\v\\$ ', '--setenv=LANG=C.UTF-8', '/bin/rpm', '-qa', '--root', '/var/lib/mock/centos-7-x86_64/root'] with env {'TERM': 'vt100', 'SHELL': '/bin/bash', 'HOME': '/builddir', 'HOSTNAME': 'mock', 'PATH': '/usr/bin:/bin:/usr/sbin:/sbin', 'PROMPT_COMMAND': 'printf "\\033]0;<mock-chroot>\\007"', 'PS1': '<mock-chroot> \\s-\\v\\$ ', 'LANG': 'C.UTF-8', 'SYSTEMD_NSPAWN_TMPFS_TMP': '0', 'SYSTEMD_SECCOMP': '0'} and shell False
DEBUG util.py:537:  libgcc-4.8.5-44.el7.x86_64
DEBUG util.py:537:  setup-2.8.71-11.el7.noarch
DEBUG util.py:537:  basesystem-10.0-7.el7.centos.noarch
DEBUG util.py:537:  perl-srpm-macros-1-8.el7.noarch
DEBUG util.py:537:  tzdata-2024a-1.el7.noarch
DEBUG util.py:537:  glibc-common-2.17-326.el7_9.3.x86_64
DEBUG util.py:537:  nspr-4.35.0-1.el7_9.x86_64
DEBUG util.py:537:  libstdc++-4.8.5-44.el7.x86_64
DEBUG util.py:537:  bash-4.2.46-35.el7_9.x86_64
DEBUG util.py:537:  pcre-8.32-17.el7.x86_64
DEBUG util.py:537:  zlib-1.2.7-21.el7_9.x86_64
DEBUG util.py:537:  bzip2-libs-1.0.6-13.el7.x86_64
DEBUG util.py:537:  elfutils-libelf-0.176-5.el7.x86_64
DEBUG util.py:537:  sed-4.2.2-7.el7.x86_64
DEBUG util.py:537:  popt-1.13-16.el7.x86_64
DEBUG util.py:537:  libacl-2.2.51-15.el7.x86_64
DEBUG util.py:537:  readline-6.2-11.el7.x86_64
DEBUG util.py:537:  libgcrypt-1.5.3-14.el7.x86_64
DEBUG util.py:537:  chkconfig-1.7.6-1.el7.x86_64
DEBUG util.py:537:  grep-2.20-3.el7.x86_64
DEBUG util.py:537:  libuuid-2.23.2-65.el7_9.1.x86_64
DEBUG util.py:537:  libmpc-1.0.1-3.el7.x86_64
DEBUG util.py:537:  gawk-4.0.2-4.el7_3.1.x86_64
DEBUG util.py:537:  diffutils-3.3-6.el7_9.x86_64
DEBUG util.py:537:  file-libs-5.11-37.el7.x86_64
DEBUG util.py:537:  libcap-ng-0.7.5-4.el7.x86_64
DEBUG util.py:537:  p11-kit-0.23.5-3.el7.x86_64
DEBUG util.py:537:  nss-softokn-3.90.0-6.el7_9.x86_64
DEBUG util.py:537:  gdbm-1.10-8.el7.x86_64
DEBUG util.py:537:  file-5.11-37.el7.x86_64
DEBUG util.py:537:  pinentry-0.8.1-17.el7.x86_64
DEBUG util.py:537:  acl-2.2.51-15.el7.x86_64
DEBUG util.py:537:  groff-base-1.22.2-8.el7.x86_64
DEBUG util.py:537:  perl-HTTP-Tiny-0.033-3.el7.noarch
DEBUG util.py:537:  perl-Pod-Perldoc-3.20-4.el7.noarch
DEBUG util.py:537:  perl-Text-ParseWords-3.29-4.el7.noarch
DEBUG util.py:537:  perl-Pod-Usage-1.63-3.el7.noarch
DEBUG util.py:537:  perl-threads-1.87-4.el7.x86_64
DEBUG util.py:537:  perl-Carp-1.26-244.el7.noarch
DEBUG util.py:537:  perl-Exporter-5.68-3.el7.noarch
DEBUG util.py:537:  perl-Socket-2.010-5.el7.x86_64
DEBUG util.py:537:  perl-Time-Local-1.2300-2.el7.noarch
DEBUG util.py:537:  perl-File-Path-2.09-2.el7.noarch
DEBUG util.py:537:  perl-threads-shared-1.43-6.el7.x86_64
DEBUG util.py:537:  perl-libs-5.16.3-299.el7_9.x86_64
DEBUG util.py:537:  perl-Getopt-Long-2.40-3.el7.noarch
DEBUG util.py:537:  perl-Thread-Queue-3.02-2.el7.noarch
DEBUG util.py:537:  dwz-0.11-3.el7.x86_64
DEBUG util.py:537:  libxml2-2.9.1-6.el7_9.6.x86_64
DEBUG util.py:537:  unzip-6.0-24.el7_9.x86_64
DEBUG util.py:537:  libidn-1.28-4.el7.x86_64
DEBUG util.py:537:  glibc-headers-2.17-326.el7_9.3.x86_64
DEBUG util.py:537:  ncurses-5.9-14.20130511.el7_4.x86_64
DEBUG util.py:537:  pth-2.0.7-23.el7.x86_64
DEBUG util.py:537:  ustr-1.0.4-16.el7.x86_64
DEBUG util.py:537:  libverto-0.2.5-4.el7.x86_64
DEBUG util.py:537:  p11-kit-trust-0.23.5-3.el7.x86_64
DEBUG util.py:537:  hardlink-1.0-19.el7.x86_64
DEBUG util.py:537:  keyutils-libs-1.5.8-3.el7.x86_64
DEBUG util.py:537:  coreutils-8.22-24.el7_9.2.x86_64
DEBUG util.py:537:  libblkid-2.23.2-65.el7_9.1.x86_64
DEBUG util.py:537:  cracklib-2.9.0-11.el7.x86_64
DEBUG util.py:537:  glib2-2.56.1-9.el7_9.x86_64
DEBUG util.py:537:  shadow-utils-4.6-5.el7.x86_64
DEBUG util.py:537:  pkgconfig-0.27.1-4.el7.x86_64
DEBUG util.py:537:  pam-1.1.8-23.el7.x86_64
DEBUG util.py:537:  gcc-4.8.5-44.el7.x86_64
DEBUG util.py:537:  cyrus-sasl-lib-2.1.26-24.el7_9.x86_64
DEBUG util.py:537:  nss-3.90.0-2.el7_9.x86_64
DEBUG util.py:537:  nss-tools-3.90.0-2.el7_9.x86_64
DEBUG util.py:537:  gdb-7.6.1-120.el7.x86_64
DEBUG util.py:537:  libcurl-7.29.0-59.el7_9.2.x86_64
DEBUG util.py:537:  rpm-libs-4.11.3-48.el7_9.x86_64
DEBUG util.py:537:  openldap-2.4.44-25.el7_9.x86_64
DEBUG util.py:537:  gnupg2-2.0.22-5.el7_5.x86_64
DEBUG util.py:537:  json-c-0.11-4.el7_0.x86_64
DEBUG util.py:537:  procps-ng-3.3.10-28.el7.x86_64
DEBUG util.py:537:  kpartx-0.4.9-136.el7_9.x86_64
DEBUG util.py:537:  cryptsetup-libs-2.0.3-6.el7.x86_64
DEBUG util.py:537:  kmod-20-28.el7.x86_64
DEBUG util.py:537:  systemd-libs-219-78.el7_9.9.x86_64
DEBUG util.py:537:  systemd-219-78.el7_9.9.x86_64
DEBUG util.py:537:  elfutils-default-yama-scope-0.176-5.el7.noarch
DEBUG util.py:537:  python-srpm-macros-3-34.el7.noarch
DEBUG util.py:537:  rpm-build-4.11.3-48.el7_9.x86_64
DEBUG util.py:537:  which-2.20-7.el7.x86_64
DEBUG util.py:537:  gpg-pubkey-f4a80eb5-53a7ff4b
DEBUG util.py:537:  centos-release-7-9.2009.2.el7.centos.x86_64
DEBUG util.py:537:  filesystem-3.2-25.el7.x86_64
DEBUG util.py:537:  ncurses-base-5.9-14.20130511.el7_4.noarch
DEBUG util.py:537:  kernel-headers-3.10.0-1160.119.1.el7.x86_64
DEBUG util.py:537:  nss-softokn-freebl-3.90.0-6.el7_9.x86_64
DEBUG util.py:537:  glibc-2.17-326.el7_9.3.x86_64
DEBUG util.py:537:  nss-util-3.90.0-1.el7_9.x86_64
DEBUG util.py:537:  ncurses-libs-5.9-14.20130511.el7_4.x86_64
DEBUG util.py:537:  libsepol-2.5-10.el7.x86_64
DEBUG util.py:537:  libselinux-2.5-15.el7.x86_64
DEBUG util.py:537:  info-5.1-5.el7.x86_64
DEBUG util.py:537:  xz-libs-5.2.2-2.el7_9.x86_64
DEBUG util.py:537:  libdb-5.3.21-25.el7.x86_64
DEBUG util.py:537:  gmp-6.0.0-15.el7.x86_64
DEBUG util.py:537:  libattr-2.4.46-13.el7.x86_64
DEBUG util.py:537:  libcap-2.22-11.el7.x86_64
DEBUG util.py:537:  libgpg-error-1.12-3.el7.x86_64
DEBUG util.py:537:  lua-5.1.4-15.el7.x86_64
DEBUG util.py:537:  mpfr-3.1.1-4.el7.x86_64
DEBUG util.py:537:  libffi-3.0.13-19.el7.x86_64
DEBUG util.py:537:  libcom_err-1.42.9-19.el7.x86_64
DEBUG util.py:537:  xz-5.2.2-2.el7_9.x86_64
DEBUG util.py:537:  findutils-4.5.11-6.el7.x86_64
DEBUG util.py:537:  cpio-2.11-28.el7.x86_64
DEBUG util.py:537:  expat-2.1.0-15.el7_9.x86_64
DEBUG util.py:537:  audit-libs-2.8.5-4.el7.x86_64
DEBUG util.py:537:  sqlite-3.7.17-8.el7_7.1.x86_64
DEBUG util.py:537:  tar-1.26-35.el7.x86_64
DEBUG util.py:537:  lz4-1.8.3-1.el7.x86_64
DEBUG util.py:537:  cpp-4.8.5-44.el7.x86_64
DEBUG util.py:537:  libassuan-2.1.0-3.el7.x86_64
DEBUG util.py:537:  patch-2.7.1-12.el7_7.x86_64
DEBUG util.py:537:  perl-parent-0.225-244.el7.noarch
DEBUG util.py:537:  perl-podlators-2.5.1-3.el7.noarch
DEBUG util.py:537:  perl-Pod-Escapes-1.04-299.el7_9.noarch
DEBUG util.py:537:  perl-Encode-2.51-7.el7.x86_64
DEBUG util.py:537:  perl-Time-HiRes-1.9725-3.el7.x86_64
DEBUG util.py:537:  perl-Storable-2.45-3.el7.x86_64
DEBUG util.py:537:  perl-Filter-1.49-3.el7.x86_64
DEBUG util.py:537:  perl-constant-1.27-2.el7.noarch
DEBUG util.py:537:  perl-macros-5.16.3-299.el7_9.x86_64
DEBUG util.py:537:  perl-File-Temp-0.23.01-3.el7.noarch
DEBUG util.py:537:  perl-PathTools-3.40-5.el7.x86_64
DEBUG util.py:537:  perl-Scalar-List-Utils-1.27-248.el7.x86_64
DEBUG util.py:537:  perl-Pod-Simple-3.28-4.el7.noarch
DEBUG util.py:537:  perl-5.16.3-299.el7_9.x86_64
DEBUG util.py:537:  libdb-utils-5.3.21-25.el7.x86_64
DEBUG util.py:537:  kmod-libs-20-28.el7.x86_64
DEBUG util.py:537:  bzip2-1.0.6-13.el7.x86_64
DEBUG util.py:537:  zip-3.0-11.el7.x86_64
DEBUG util.py:537:  libgomp-4.8.5-44.el7.x86_64
DEBUG util.py:537:  glibc-devel-2.17-326.el7_9.3.x86_64
DEBUG util.py:537:  libstdc++-devel-4.8.5-44.el7.x86_64
DEBUG util.py:537:  libsmartcols-2.23.2-65.el7_9.1.x86_64
DEBUG util.py:537:  libsemanage-2.5-14.el7.x86_64
DEBUG util.py:537:  libtasn1-4.10-1.el7.x86_64
DEBUG util.py:537:  ca-certificates-2023.2.60_v7.0.306-72.el7_9.noarch
DEBUG util.py:537:  qrencode-libs-3.4.1-3.el7.x86_64
DEBUG util.py:537:  openssl-libs-1.0.2k-26.el7_9.x86_64
DEBUG util.py:537:  krb5-libs-1.15.1-55.el7_9.x86_64
DEBUG util.py:537:  gzip-1.5-11.el7_9.x86_64
DEBUG util.py:537:  libmount-2.23.2-65.el7_9.1.x86_64
DEBUG util.py:537:  shared-mime-info-1.8-5.el7.x86_64
DEBUG util.py:537:  binutils-2.27-44.base.el7_9.1.x86_64
DEBUG util.py:537:  cracklib-dicts-2.9.0-11.el7.x86_64
DEBUG util.py:537:  libpwquality-1.2.3-5.el7.x86_64
DEBUG util.py:537:  libutempter-1.1.6-4.el7.x86_64
DEBUG util.py:537:  nss-pem-1.0.3-7.el7_9.1.x86_64
DEBUG util.py:537:  nss-sysinit-3.90.0-2.el7_9.x86_64
DEBUG util.py:537:  python-libs-2.7.5-94.el7_9.x86_64
DEBUG util.py:537:  libssh2-1.8.0-4.el7_9.1.x86_64
DEBUG util.py:537:  curl-7.29.0-59.el7_9.2.x86_64
DEBUG util.py:537:  rpm-4.11.3-48.el7_9.x86_64
DEBUG util.py:537:  libuser-0.60-9.el7.x86_64
DEBUG util.py:537:  rpm-build-libs-4.11.3-48.el7_9.x86_64
DEBUG util.py:537:  util-linux-2.23.2-65.el7_9.1.x86_64
DEBUG util.py:537:  device-mapper-1.02.170-6.el7_9.5.x86_64
DEBUG util.py:537:  device-mapper-libs-1.02.170-6.el7_9.5.x86_64
DEBUG util.py:537:  dracut-033-572.el7.x86_64
DEBUG util.py:537:  elfutils-libs-0.176-5.el7.x86_64
DEBUG util.py:537:  dbus-libs-1.10.24-15.el7.x86_64
DEBUG util.py:537:  dbus-1.10.24-15.el7.x86_64
DEBUG util.py:537:  elfutils-0.176-5.el7.x86_64
DEBUG util.py:537:  redhat-rpm-config-9.1.0-88.el7.centos.noarch
DEBUG util.py:537:  gcc-c++-4.8.5-44.el7.x86_64
DEBUG util.py:537:  make-3.82-24.el7.x86_64
DEBUG util.py:688:  Child return code was: 0
DEBUG util.py:200:  kill orphans in chroot /var/lib/mock/centos-7-x86_64/root
DEBUG util.py:200:  kill orphans in chroot /var/lib/mock/centos-7-x86_64-bootstrap/root/var/lib/mock/centos-7-x86_64/root
DEBUG util.py:717:  child environment: None
DEBUG util.py:636:  Executing command: ['/bin/umount', '-n', '-l', '/var/lib/mock/centos-7-x86_64-bootstrap/root/var/lib/mock/centos-7-x86_64/root'] with env {'TERM': 'vt100', 'SHELL': '/bin/sh', 'HOME': '/builddir', 'HOSTNAME': 'mock', 'PATH': '/usr/bin:/bin:/usr/sbin:/sbin', 'LANG': 'C.UTF-8'} and shell False
DEBUG util.py:688:  Child return code was: 0
DEBUG util.py:717:  child environment: None
DEBUG util.py:636:  Executing command: ['/bin/umount', '-n', '-l', '/var/lib/mock/centos-7-x86_64-bootstrap/root/var/lib/mock/centos-7-x86_64/root'] with env {'TERM': 'vt100', 'SHELL': '/bin/sh', 'HOME': '/builddir', 'HOSTNAME': 'mock', 'PATH': '/usr/bin:/bin:/usr/sbin:/sbin', 'LANG': 'C.UTF-8'} and shell False
DEBUG util.py:688:  Child return code was: 0
DEBUG util.py:717:  child environment: None
DEBUG util.py:631:  Using nspawn with args ['--capability=cap_ipc_lock', '--bind=/dev/mapper/control', '--bind=/dev/fuse', '--bind=/dev/loop-control', '--bind=/dev/loop0', '--bind=/dev/loop1', '--bind=/dev/loop2', '--bind=/dev/loop3', '--bind=/dev/loop4', '--bind=/dev/loop5', '--bind=/dev/loop6', '--bind=/dev/loop7', '--bind=/dev/loop8', '--bind=/dev/loop9', '--bind=/dev/loop10', '--bind=/dev/loop11', '--resolv-conf=off']
DEBUG util.py:636:  Executing command: ['/usr/bin/systemd-nspawn', '-q', '-M', '198e6ec094b0451e9b38c0ddac9711c5', '-D', '/var/lib/mock/centos-7-x86_64/root', '-a', '--capability=cap_ipc_lock', '--bind=/dev/mapper/control', '--bind=/dev/fuse', '--bind=/dev/loop-control', '--bind=/dev/loop0', '--bind=/dev/loop1', '--bind=/dev/loop2', '--bind=/dev/loop3', '--bind=/dev/loop4', '--bind=/dev/loop5', '--bind=/dev/loop6', '--bind=/dev/loop7', '--bind=/dev/loop8', '--bind=/dev/loop9', '--bind=/dev/loop10', '--bind=/dev/loop11', '--resolv-conf=off', '--setenv=TERM=vt100', '--setenv=SHELL=/bin/bash', '--setenv=HOME=/builddir', '--setenv=HOSTNAME=mock', '--setenv=PATH=/usr/bin:/bin:/usr/sbin:/sbin', '--setenv=PROMPT_COMMAND=printf "\\033]0;<mock-chroot>\\007"', '--setenv=PS1=<mock-chroot> \\s-\\v\\$ ', '--setenv=LANG=C.UTF-8', '/bin/sh', '-c', 'rpmbuild --help'] with env {'TERM': 'vt100', 'SHELL': '/bin/bash', 'HOME': '/builddir', 'HOSTNAME': 'mock', 'PATH': '/usr/bin:/bin:/usr/sbin:/sbin', 'PROMPT_COMMAND': 'printf "\\033]0;<mock-chroot>\\007"', 'PS1': '<mock-chroot> \\s-\\v\\$ ', 'LANG': 'C.UTF-8', 'SYSTEMD_NSPAWN_TMPFS_TMP': '0', 'SYSTEMD_SECCOMP': '0'} and shell False
DEBUG util.py:537:  Usage: rpmbuild [OPTION...]
DEBUG util.py:537:  Build options with [ <specfile> | <tarball> | <source package> ]:
DEBUG util.py:537:    -bp                           build through %prep (unpack sources and apply
DEBUG util.py:537:                                  patches) from <specfile>
DEBUG util.py:537:    -bc                           build through %build (%prep, then compile)
DEBUG util.py:537:                                  from <specfile>
DEBUG util.py:537:    -bi                           build through %install (%prep, %build, then
DEBUG util.py:537:                                  install) from <specfile>
DEBUG util.py:537:    -bl                           verify %files section from <specfile>
DEBUG util.py:537:    -ba                           build source and binary packages from
DEBUG util.py:537:                                  <specfile>
DEBUG util.py:537:    -bb                           build binary package only from <specfile>
DEBUG util.py:537:    -bs                           build source package only from <specfile>
DEBUG util.py:537:    -tp                           build through %prep (unpack sources and apply
DEBUG util.py:537:                                  patches) from <tarball>
DEBUG util.py:537:    -tc                           build through %build (%prep, then compile)
DEBUG util.py:537:                                  from <tarball>
DEBUG util.py:537:    -ti                           build through %install (%prep, %build, then
DEBUG util.py:537:                                  install) from <tarball>
DEBUG util.py:537:    -ta                           build source and binary packages from <tarball>
DEBUG util.py:537:    -tb                           build binary package only from <tarball>
DEBUG util.py:537:    -ts                           build source package only from <tarball>
DEBUG util.py:537:    --rebuild                     build binary package from <source package>
DEBUG util.py:537:    --recompile                   build through %install (%prep, %build, then
DEBUG util.py:537:                                  install) from <source package>
DEBUG util.py:537:    --buildroot=DIRECTORY         override build root
DEBUG util.py:537:    --clean                       remove build tree when done
DEBUG util.py:537:    --nobuild                     do not execute any stages of the build
DEBUG util.py:537:    --nodeps                      do not verify build dependencies
DEBUG util.py:537:    --nodirtokens                 generate package header(s) compatible with
DEBUG util.py:537:                                  (legacy) rpm v3 packaging
DEBUG util.py:537:    --noclean                     do not execute %clean stage of the build
DEBUG util.py:537:    --nocheck                     do not execute %check stage of the build
DEBUG util.py:537:    --rmsource                    remove sources when done
DEBUG util.py:537:    --rmspec                      remove specfile when done
DEBUG util.py:537:    --short-circuit               skip straight to specified stage (only for c,i)
DEBUG util.py:537:    --target=CPU-VENDOR-OS        override target platform
DEBUG util.py:537:  Common options for all rpm modes and executables:
DEBUG util.py:537:    -D, --define='MACRO EXPR'     define MACRO with value EXPR
DEBUG util.py:537:    --undefine=MACRO              undefine MACRO
DEBUG util.py:537:    -E, --eval='EXPR'             print macro expansion of EXPR
DEBUG util.py:537:    --macros=<FILE:...>           read <FILE:...> instead of default file(s)
DEBUG util.py:537:    --noplugins                   don't enable any plugins
DEBUG util.py:537:    --nodigest                    don't verify package digest(s)
DEBUG util.py:537:    --nosignature                 don't verify package signature(s)
DEBUG util.py:537:    --rcfile=<FILE:...>           read <FILE:...> instead of default file(s)
DEBUG util.py:537:    -r, --root=ROOT               use ROOT as top level directory (default: "/")
DEBUG util.py:537:    --dbpath=DIRECTORY            use database in DIRECTORY
DEBUG util.py:537:    --querytags                   display known query tags
DEBUG util.py:537:    --showrc                      display final rpmrc and macro configuration
DEBUG util.py:537:    --quiet                       provide less detailed output
DEBUG util.py:537:    -v, --verbose                 provide more detailed output
DEBUG util.py:537:    --version                     print the version of rpm being used
DEBUG util.py:537:  Options implemented via popt alias/exec:
DEBUG util.py:537:    --with=<option>               enable configure <option> for build
DEBUG util.py:537:    --without=<option>            disable configure <option> for build
DEBUG util.py:537:    --buildpolicy=<policy>        set buildroot <policy> (e.g. compress man
DEBUG util.py:537:                                  pages)
DEBUG util.py:537:    --sign                        generate GPG signature (deprecated, use
DEBUG util.py:537:                                  command rpmsign instead)
DEBUG util.py:537:  Help options:
DEBUG util.py:537:    -?, --help                    Show this help message
DEBUG util.py:537:    --usage                       Display brief usage message
DEBUG util.py:688:  Child return code was: 0
DEBUG util.py:717:  child environment: None
DEBUG file_util.py:17:  ensuring that dir exists: /var/lib/mock/centos-7-x86_64/root/proc
DEBUG util.py:717:  child environment: None
DEBUG util.py:636:  Executing command: ['/bin/mount', '-n', '-t', 'tmpfs', '-o', 'rprivate,mode=0755', 'tmpfs', '/var/lib/mock/centos-7-x86_64/root/proc'] with env {'TERM': 'vt100', 'SHELL': '/bin/sh', 'HOME': '/builddir', 'HOSTNAME': 'mock', 'PATH': '/usr/bin:/bin:/usr/sbin:/sbin', 'LANG': 'C.UTF-8'} and shell False
DEBUG util.py:688:  Child return code was: 0
DEBUG file_util.py:17:  ensuring that dir exists: /var/lib/mock/centos-7-x86_64/root/proc
DEBUG util.py:717:  child environment: None
DEBUG util.py:636:  Executing command: ['/bin/mount', '-n', '-o', 'rbind', '/proc', '/var/lib/mock/centos-7-x86_64/root/proc'] with env {'TERM': 'vt100', 'SHELL': '/bin/sh', 'HOME': '/builddir', 'HOSTNAME': 'mock', 'PATH': '/usr/bin:/bin:/usr/sbin:/sbin', 'LANG': 'C.UTF-8'} and shell False
DEBUG util.py:688:  Child return code was: 0
DEBUG util.py:717:  child environment: None
DEBUG util.py:636:  Executing command: ['/bin/mount', '-n', '-o', 'remount,nodev,noexec,nosuid,readonly,rprivate,rbind', '--target', '/var/lib/mock/centos-7-x86_64/root/proc'] with env {'TERM': 'vt100', 'SHELL': '/bin/sh', 'HOME': '/builddir', 'HOSTNAME': 'mock', 'PATH': '/usr/bin:/bin:/usr/sbin:/sbin', 'LANG': 'C.UTF-8'} and shell False
DEBUG util.py:688:  Child return code was: 0
DEBUG file_util.py:17:  ensuring that dir exists: /var/lib/mock/centos-7-x86_64/root/sys
DEBUG util.py:717:  child environment: None
DEBUG util.py:636:  Executing command: ['/bin/mount', '-n', '-t', 'tmpfs', '-o', 'rprivate,mode=0755', 'tmpfs', '/var/lib/mock/centos-7-x86_64/root/sys'] with env {'TERM': 'vt100', 'SHELL': '/bin/sh', 'HOME': '/builddir', 'HOSTNAME': 'mock', 'PATH': '/usr/bin:/bin:/usr/sbin:/sbin', 'LANG': 'C.UTF-8'} and shell False
DEBUG util.py:688:  Child return code was: 0
DEBUG file_util.py:17:  ensuring that dir exists: /var/lib/mock/centos-7-x86_64/root/sys
DEBUG util.py:717:  child environment: None
DEBUG util.py:636:  Executing command: ['/bin/mount', '-n', '-o', 'rbind', '/sys', '/var/lib/mock/centos-7-x86_64/root/sys'] with env {'TERM': 'vt100', 'SHELL': '/bin/sh', 'HOME': '/builddir', 'HOSTNAME': 'mock', 'PATH': '/usr/bin:/bin:/usr/sbin:/sbin', 'LANG': 'C.UTF-8'} and shell False
DEBUG util.py:688:  Child return code was: 0
DEBUG util.py:717:  child environment: None
DEBUG util.py:636:  Executing command: ['/bin/mount', '-n', '-o', 'remount,nodev,noexec,nosuid,readonly,rprivate,rbind', '--target', '/var/lib/mock/centos-7-x86_64/root/sys'] with env {'TERM': 'vt100', 'SHELL': '/bin/sh', 'HOME': '/builddir', 'HOSTNAME': 'mock', 'PATH': '/usr/bin:/bin:/usr/sbin:/sbin', 'LANG': 'C.UTF-8'} and shell False
DEBUG util.py:688:  Child return code was: 0
DEBUG file_util.py:17:  ensuring that dir exists: /var/lib/mock/centos-7-x86_64/root/dev/shm
DEBUG util.py:717:  child environment: None
DEBUG util.py:636:  Executing command: ['/bin/mount', '-n', '-t', 'tmpfs', 'tmpfs', '/var/lib/mock/centos-7-x86_64/root/dev/shm'] with env {'TERM': 'vt100', 'SHELL': '/bin/sh', 'HOME': '/builddir', 'HOSTNAME': 'mock', 'PATH': '/usr/bin:/bin:/usr/sbin:/sbin', 'LANG': 'C.UTF-8'} and shell False
DEBUG util.py:688:  Child return code was: 0
DEBUG file_util.py:17:  ensuring that dir exists: /var/lib/mock/centos-7-x86_64/root/dev/pts
DEBUG util.py:717:  child environment: None
DEBUG util.py:636:  Executing command: ['/bin/mount', '-n', '-t', 'devpts', '-o', 'gid=5,mode=0620,ptmxmode=0666,newinstance', 'devpts', '/var/lib/mock/centos-7-x86_64/root/dev/pts'] with env {'TERM': 'vt100', 'SHELL': '/bin/sh', 'HOME': '/builddir', 'HOSTNAME': 'mock', 'PATH': '/usr/bin:/bin:/usr/sbin:/sbin', 'LANG': 'C.UTF-8'} and shell False
DEBUG util.py:688:  Child return code was: 0
DEBUG util.py:717:  child environment: None
DEBUG util.py:636:  Executing command: ['/bin/mount', '-n', '-o', 'bind', '/tmp/mock-selinux-plugin.2l_i7hf4', '/var/lib/mock/centos-7-x86_64/root/proc/filesystems'] with env {'TERM': 'vt100', 'SHELL': '/bin/sh', 'HOME': '/builddir', 'HOSTNAME': 'mock', 'PATH': '/usr/bin:/bin:/usr/sbin:/sbin', 'LANG': 'C.UTF-8'} and shell False
DEBUG util.py:688:  Child return code was: 0
DEBUG file_util.py:17:  ensuring that dir exists: /var/lib/mock/centos-7-x86_64/root/sys/fs/selinux
DEBUG util.py:717:  child environment: None
DEBUG util.py:636:  Executing command: ['/bin/mount', '-n', '-t', 'tmpfs', 'tmpfs', '/var/lib/mock/centos-7-x86_64/root/sys/fs/selinux'] with env {'TERM': 'vt100', 'SHELL': '/bin/sh', 'HOME': '/builddir', 'HOSTNAME': 'mock', 'PATH': '/usr/bin:/bin:/usr/sbin:/sbin', 'LANG': 'C.UTF-8'} and shell False
DEBUG util.py:688:  Child return code was: 0
DEBUG file_util.py:17:  ensuring that dir exists: /var/lib/mock/centos-7-x86_64-bootstrap/root/var/lib/mock/centos-7-x86_64/root
DEBUG util.py:717:  child environment: None
DEBUG util.py:636:  Executing command: ['/bin/mount', '-n', '-t', 'tmpfs', '-o', 'private,mode=0755', 'tmpfs', '/var/lib/mock/centos-7-x86_64-bootstrap/root/var/lib/mock/centos-7-x86_64/root'] with env {'TERM': 'vt100', 'SHELL': '/bin/sh', 'HOME': '/builddir', 'HOSTNAME': 'mock', 'PATH': '/usr/bin:/bin:/usr/sbin:/sbin', 'LANG': 'C.UTF-8'} and shell False
DEBUG util.py:688:  Child return code was: 0
DEBUG file_util.py:17:  ensuring that dir exists: /var/lib/mock/centos-7-x86_64-bootstrap/root/var/lib/mock/centos-7-x86_64/root
DEBUG util.py:717:  child environment: None
DEBUG util.py:636:  Executing command: ['/bin/mount', '-n', '-o', 'rbind', '/var/lib/mock/centos-7-x86_64/root', '/var/lib/mock/centos-7-x86_64-bootstrap/root/var/lib/mock/centos-7-x86_64/root'] with env {'TERM': 'vt100', 'SHELL': '/bin/sh', 'HOME': '/builddir', 'HOSTNAME': 'mock', 'PATH': '/usr/bin:/bin:/usr/sbin:/sbin', 'LANG': 'C.UTF-8'} and shell False
DEBUG util.py:688:  Child return code was: 0
DEBUG util.py:717:  child environment: None
DEBUG util.py:636:  Executing command: ['/bin/mount', '-n', '-o', 'remount,private,rbind', '--target', '/var/lib/mock/centos-7-x86_64-bootstrap/root/var/lib/mock/centos-7-x86_64/root'] with env {'TERM': 'vt100', 'SHELL': '/bin/sh', 'HOME': '/builddir', 'HOSTNAME': 'mock', 'PATH': '/usr/bin:/bin:/usr/sbin:/sbin', 'LANG': 'C.UTF-8'} and shell False
DEBUG util.py:688:  Child return code was: 0
DEBUG file_util.py:17:  ensuring that dir exists: /var/lib/mock/centos-7-x86_64/root/installation-homedir
DEBUG package_manager.py:296:  ['/usr/bin/yum-builddep', '--installroot', '/var/lib/mock/centos-7-x86_64/root/', '--releasever', '7', '/var/lib/mock/centos-7-x86_64/root//builddir/build/SRPMS/unbound-1.16.2-5.14.el7.src.rpm']
DEBUG util.py:717:  child environment: None
DEBUG util.py:631:  Using nspawn with args ['--capability=cap_ipc_lock', '--resolv-conf=off']
DEBUG util.py:636:  Executing command: ['/usr/bin/systemd-nspawn', '-q', '-M', '9076e65134ba4a71b25f07db7e8ad42f', '-D', '/var/lib/mock/centos-7-x86_64-bootstrap/root', '-a', '--capability=cap_ipc_lock', '--resolv-conf=off', '--setenv=TERM=vt100', '--setenv=SHELL=/bin/bash', '--setenv=HOME=/var/lib/mock/centos-7-x86_64/root/installation-homedir', '--setenv=HOSTNAME=mock', '--setenv=PATH=/usr/bin:/bin:/usr/sbin:/sbin', '--setenv=PROMPT_COMMAND=printf "\\033]0;<mock-chroot>\\007"', '--setenv=PS1=<mock-chroot> \\s-\\v\\$ ', '--setenv=LANG=C.UTF-8', '--setenv=LC_MESSAGES=C.UTF-8', '/usr/bin/yum-builddep', '--installroot', '/var/lib/mock/centos-7-x86_64/root/', '--releasever', '7', '/var/lib/mock/centos-7-x86_64/root//builddir/build/SRPMS/unbound-1.16.2-5.14.el7.src.rpm', '--setopt=tsflags=nocontexts'] with env {'TERM': 'vt100', 'SHELL': '/bin/bash', 'HOME': '/var/lib/mock/centos-7-x86_64/root/installation-homedir', 'HOSTNAME': 'mock', 'PATH': '/usr/bin:/bin:/usr/sbin:/sbin', 'PROMPT_COMMAND': 'printf "\\033]0;<mock-chroot>\\007"', 'PS1': '<mock-chroot> \\s-\\v\\$ ', 'LANG': 'C.UTF-8', 'LC_MESSAGES': 'C.UTF-8', 'SYSTEMD_NSPAWN_TMPFS_TMP': '0', 'SYSTEMD_SECCOMP': '0'} and shell False
DEBUG util.py:535:  Failed to set locale, defaulting to C
DEBUG util.py:537:  base                                                                                                                                                                  | 3.6 kB  00:00:00     
DEBUG util.py:537:  centos-sclo-rh                                                                                                                                                        | 3.0 kB  00:00:00     
DEBUG util.py:537:  centos-sclo-sclo                                                                                                                                                      | 3.0 kB  00:00:00     
DEBUG util.py:537:  extras                                                                                                                                                                | 2.9 kB  00:00:00     
DEBUG util.py:537:  updates                                                                                                                                                               | 2.9 kB  00:00:00     
DEBUG util.py:537:  Getting requirements for unbound-1.16.2-5.14.el7.src
DEBUG util.py:537:   --> Already installed : gdb-7.6.1-120.el7.x86_64
DEBUG util.py:537:   --> Already installed : gcc-4.8.5-44.el7.x86_64
DEBUG util.py:537:   --> Already installed : 1:make-3.82-24.el7.x86_64
DEBUG util.py:537:   --> byacc-1.9.20130304-3.el7.x86_64
DEBUG util.py:537:   --> flex-2.5.37-6.el7.x86_64
DEBUG util.py:537:   --> 1:openssl-devel-1.0.2k-26.el7_9.x86_64
DEBUG util.py:537:   --> libevent-devel-2.0.21-4.el7.x86_64
DEBUG util.py:537:   --> expat-devel-2.1.0-15.el7_9.x86_64
DEBUG util.py:537:   --> Already installed : 1:pkgconfig-0.27.1-4.el7.x86_64
DEBUG util.py:537:   --> Already installed : systemd-219-78.el7_9.9.x86_64
DEBUG util.py:537:   --> bison-3.0.4-2.el7.x86_64
DEBUG util.py:537:   --> automake-1.13.4-3.el7.noarch
DEBUG util.py:537:   --> autoconf-2.69-11.el7.noarch
DEBUG util.py:537:   --> libtool-2.4.2-22.el7_3.x86_64
DEBUG util.py:537:  --> Running transaction check
DEBUG util.py:537:  ---> Package autoconf.noarch 0:2.69-11.el7 will be installed
DEBUG util.py:537:  --> Processing Dependency: m4 >= 1.4.14 for package: autoconf-2.69-11.el7.noarch
DEBUG util.py:537:  --> Processing Dependency: perl(Data::Dumper) for package: autoconf-2.69-11.el7.noarch
DEBUG util.py:537:  ---> Package automake.noarch 0:1.13.4-3.el7 will be installed
DEBUG util.py:537:  --> Processing Dependency: perl(TAP::Parser) for package: automake-1.13.4-3.el7.noarch
DEBUG util.py:537:  ---> Package bison.x86_64 0:3.0.4-2.el7 will be installed
DEBUG util.py:537:  ---> Package byacc.x86_64 0:1.9.20130304-3.el7 will be installed
DEBUG util.py:537:  ---> Package expat-devel.x86_64 0:2.1.0-15.el7_9 will be installed
DEBUG util.py:537:  ---> Package flex.x86_64 0:2.5.37-6.el7 will be installed
DEBUG util.py:537:  ---> Package libevent-devel.x86_64 0:2.0.21-4.el7 will be installed
DEBUG util.py:537:  --> Processing Dependency: libevent = 2.0.21-4.el7 for package: libevent-devel-2.0.21-4.el7.x86_64
DEBUG util.py:537:  --> Processing Dependency: libevent_pthreads-2.0.so.5()(64bit) for package: libevent-devel-2.0.21-4.el7.x86_64
DEBUG util.py:537:  --> Processing Dependency: libevent_openssl-2.0.so.5()(64bit) for package: libevent-devel-2.0.21-4.el7.x86_64
DEBUG util.py:537:  --> Processing Dependency: libevent_extra-2.0.so.5()(64bit) for package: libevent-devel-2.0.21-4.el7.x86_64
DEBUG util.py:537:  --> Processing Dependency: libevent_core-2.0.so.5()(64bit) for package: libevent-devel-2.0.21-4.el7.x86_64
DEBUG util.py:537:  --> Processing Dependency: libevent-2.0.so.5()(64bit) for package: libevent-devel-2.0.21-4.el7.x86_64
DEBUG util.py:537:  ---> Package libtool.x86_64 0:2.4.2-22.el7_3 will be installed
DEBUG util.py:537:  ---> Package openssl-devel.x86_64 1:1.0.2k-26.el7_9 will be installed
DEBUG util.py:537:  --> Processing Dependency: zlib-devel(x86-64) for package: 1:openssl-devel-1.0.2k-26.el7_9.x86_64
DEBUG util.py:537:  --> Processing Dependency: krb5-devel(x86-64) for package: 1:openssl-devel-1.0.2k-26.el7_9.x86_64
DEBUG util.py:537:  --> Running transaction check
DEBUG util.py:537:  ---> Package krb5-devel.x86_64 0:1.15.1-55.el7_9 will be installed
DEBUG util.py:537:  --> Processing Dependency: libkadm5(x86-64) = 1.15.1-55.el7_9 for package: krb5-devel-1.15.1-55.el7_9.x86_64
DEBUG util.py:537:  --> Processing Dependency: libverto-devel for package: krb5-devel-1.15.1-55.el7_9.x86_64
DEBUG util.py:537:  --> Processing Dependency: libselinux-devel for package: krb5-devel-1.15.1-55.el7_9.x86_64
DEBUG util.py:537:  --> Processing Dependency: libcom_err-devel for package: krb5-devel-1.15.1-55.el7_9.x86_64
DEBUG util.py:537:  --> Processing Dependency: keyutils-libs-devel for package: krb5-devel-1.15.1-55.el7_9.x86_64
DEBUG util.py:537:  ---> Package libevent.x86_64 0:2.0.21-4.el7 will be installed
DEBUG util.py:537:  ---> Package m4.x86_64 0:1.4.16-10.el7 will be installed
DEBUG util.py:537:  ---> Package perl-Data-Dumper.x86_64 0:2.145-3.el7 will be installed
DEBUG util.py:537:  ---> Package perl-Test-Harness.noarch 0:3.28-3.el7 will be installed
DEBUG util.py:537:  ---> Package zlib-devel.x86_64 0:1.2.7-21.el7_9 will be installed
DEBUG util.py:537:  --> Running transaction check
DEBUG util.py:537:  ---> Package keyutils-libs-devel.x86_64 0:1.5.8-3.el7 will be installed
DEBUG util.py:537:  ---> Package libcom_err-devel.x86_64 0:1.42.9-19.el7 will be installed
DEBUG util.py:537:  ---> Package libkadm5.x86_64 0:1.15.1-55.el7_9 will be installed
DEBUG util.py:537:  ---> Package libselinux-devel.x86_64 0:2.5-15.el7 will be installed
DEBUG util.py:537:  --> Processing Dependency: libsepol-devel(x86-64) >= 2.5-10 for package: libselinux-devel-2.5-15.el7.x86_64
DEBUG util.py:537:  --> Processing Dependency: pkgconfig(libsepol) for package: libselinux-devel-2.5-15.el7.x86_64
DEBUG util.py:537:  --> Processing Dependency: pkgconfig(libpcre) for package: libselinux-devel-2.5-15.el7.x86_64
DEBUG util.py:537:  ---> Package libverto-devel.x86_64 0:0.2.5-4.el7 will be installed
DEBUG util.py:537:  --> Running transaction check
DEBUG util.py:537:  ---> Package libsepol-devel.x86_64 0:2.5-10.el7 will be installed
DEBUG util.py:537:  ---> Package pcre-devel.x86_64 0:8.32-17.el7 will be installed
DEBUG util.py:537:  --> Finished Dependency Resolution
DEBUG util.py:537:  Dependencies Resolved
DEBUG util.py:537:  =============================================================================================================================================================================================
DEBUG util.py:537:   Package                                             Arch                                   Version                                            Repository                               Size
DEBUG util.py:537:  =============================================================================================================================================================================================
DEBUG util.py:537:  Installing:
DEBUG util.py:537:   autoconf                                            noarch                                 2.69-11.el7                                        base                                    701 k
DEBUG util.py:537:   automake                                            noarch                                 1.13.4-3.el7                                       base                                    679 k
DEBUG util.py:537:   bison                                               x86_64                                 3.0.4-2.el7                                        base                                    674 k
DEBUG util.py:537:   byacc                                               x86_64                                 1.9.20130304-3.el7                                 base                                     65 k
DEBUG util.py:537:   expat-devel                                         x86_64                                 2.1.0-15.el7_9                                     updates                                  58 k
DEBUG util.py:537:   flex                                                x86_64                                 2.5.37-6.el7                                       base                                    293 k
DEBUG util.py:537:   libevent-devel                                      x86_64                                 2.0.21-4.el7                                       base                                     85 k
DEBUG util.py:537:   libtool                                             x86_64                                 2.4.2-22.el7_3                                     base                                    588 k
DEBUG util.py:537:   openssl-devel                                       x86_64                                 1:1.0.2k-26.el7_9                                  updates                                 1.5 M
DEBUG util.py:537:  Installing for dependencies:
DEBUG util.py:537:   keyutils-libs-devel                                 x86_64                                 1.5.8-3.el7                                        base                                     37 k
DEBUG util.py:537:   krb5-devel                                          x86_64                                 1.15.1-55.el7_9                                    updates                                 273 k
DEBUG util.py:537:   libcom_err-devel                                    x86_64                                 1.42.9-19.el7                                      base                                     32 k
DEBUG util.py:537:   libevent                                            x86_64                                 2.0.21-4.el7                                       base                                    214 k
DEBUG util.py:537:   libkadm5                                            x86_64                                 1.15.1-55.el7_9                                    updates                                 180 k
DEBUG util.py:537:   libselinux-devel                                    x86_64                                 2.5-15.el7                                         base                                    187 k
DEBUG util.py:537:   libsepol-devel                                      x86_64                                 2.5-10.el7                                         base                                     77 k
DEBUG util.py:537:   libverto-devel                                      x86_64                                 0.2.5-4.el7                                        base                                     12 k
DEBUG util.py:537:   m4                                                  x86_64                                 1.4.16-10.el7                                      base                                    256 k
DEBUG util.py:537:   pcre-devel                                          x86_64                                 8.32-17.el7                                        base                                    480 k
DEBUG util.py:537:   perl-Data-Dumper                                    x86_64                                 2.145-3.el7                                        base                                     47 k
DEBUG util.py:537:   perl-Test-Harness                                   noarch                                 3.28-3.el7                                         base                                    302 k
DEBUG util.py:537:   zlib-devel                                          x86_64                                 1.2.7-21.el7_9                                     updates                                  50 k
DEBUG util.py:537:  Transaction Summary
DEBUG util.py:537:  =============================================================================================================================================================================================
DEBUG util.py:537:  Install  9 Packages (+13 Dependent packages)
DEBUG util.py:537:  Total download size: 6.7 M
DEBUG util.py:537:  Installed size: 17 M
DEBUG util.py:537:  Downloading packages:
DEBUG util.py:537:  (1/22): automake-1.13.4-3.el7.noarch.rpm                                                                                                                              | 679 kB  00:00:00     
DEBUG util.py:537:  (2/22): autoconf-2.69-11.el7.noarch.rpm                                                                                                                               | 701 kB  00:00:00     
DEBUG util.py:537:  (3/22): byacc-1.9.20130304-3.el7.x86_64.rpm                                                                                                                           |  65 kB  00:00:00     
DEBUG util.py:537:  (4/22): expat-devel-2.1.0-15.el7_9.x86_64.rpm                                                                                                                         |  58 kB  00:00:00     
DEBUG util.py:537:  (5/22): flex-2.5.37-6.el7.x86_64.rpm                                                                                                                                  | 293 kB  00:00:00     
DEBUG util.py:537:  (6/22): keyutils-libs-devel-1.5.8-3.el7.x86_64.rpm                                                                                                                    |  37 kB  00:00:00     
DEBUG util.py:537:  (7/22): bison-3.0.4-2.el7.x86_64.rpm                                                                                                                                  | 674 kB  00:00:00     
DEBUG util.py:537:  (8/22): libcom_err-devel-1.42.9-19.el7.x86_64.rpm                                                                                                                     |  32 kB  00:00:00     
DEBUG util.py:537:  (9/22): libevent-2.0.21-4.el7.x86_64.rpm                                                                                                                              | 214 kB  00:00:00     
DEBUG util.py:537:  (10/22): krb5-devel-1.15.1-55.el7_9.x86_64.rpm                                                                                                                        | 273 kB  00:00:00     
DEBUG util.py:537:  (11/22): libevent-devel-2.0.21-4.el7.x86_64.rpm                                                                                                                       |  85 kB  00:00:00     
DEBUG util.py:537:  (12/22): libselinux-devel-2.5-15.el7.x86_64.rpm                                                                                                                       | 187 kB  00:00:00     
DEBUG util.py:537:  (13/22): libsepol-devel-2.5-10.el7.x86_64.rpm                                                                                                                         |  77 kB  00:00:00     
DEBUG util.py:537:  (14/22): libkadm5-1.15.1-55.el7_9.x86_64.rpm                                                                                                                          | 180 kB  00:00:00     
DEBUG util.py:537:  (15/22): libverto-devel-0.2.5-4.el7.x86_64.rpm                                                                                                                        |  12 kB  00:00:00     
DEBUG util.py:537:  (16/22): m4-1.4.16-10.el7.x86_64.rpm                                                                                                                                  | 256 kB  00:00:00     
DEBUG util.py:537:  (17/22): pcre-devel-8.32-17.el7.x86_64.rpm                                                                                                                            | 480 kB  00:00:00     
DEBUG util.py:537:  (18/22): libtool-2.4.2-22.el7_3.x86_64.rpm                                                                                                                            | 588 kB  00:00:00     
DEBUG util.py:537:  (19/22): perl-Data-Dumper-2.145-3.el7.x86_64.rpm                                                                                                                      |  47 kB  00:00:00     
DEBUG util.py:537:  (20/22): perl-Test-Harness-3.28-3.el7.noarch.rpm                                                                                                                      | 302 kB  00:00:00     
DEBUG util.py:537:  (21/22): zlib-devel-1.2.7-21.el7_9.x86_64.rpm                                                                                                                         |  50 kB  00:00:00     
DEBUG util.py:537:  (22/22): openssl-devel-1.0.2k-26.el7_9.x86_64.rpm                                                                                                                     | 1.5 MB  00:00:00     
DEBUG util.py:537:  ---------------------------------------------------------------------------------------------------------------------------------------------------------------------------------------------
DEBUG util.py:537:  Total                                                                                                                                                        2.2 MB/s | 6.7 MB  00:00:03     
DEBUG util.py:537:  Running transaction check
DEBUG util.py:537:  Running transaction test
DEBUG util.py:537:  Transaction test succeeded
DEBUG util.py:537:  Running transaction
DEBUG util.py:537:    Installing : m4-1.4.16-10.el7.x86_64                                                                                                                                                  1/22 
DEBUG util.py:537:    Installing : libcom_err-devel-1.42.9-19.el7.x86_64                                                                                                                                    2/22 
DEBUG util.py:537:    Installing : libkadm5-1.15.1-55.el7_9.x86_64                                                                                                                                          3/22 
DEBUG util.py:537:    Installing : libsepol-devel-2.5-10.el7.x86_64                                                                                                                                         4/22 
DEBUG util.py:537:    Installing : libevent-2.0.21-4.el7.x86_64                                                                                                                                             5/22 
DEBUG util.py:537:    Installing : perl-Data-Dumper-2.145-3.el7.x86_64                                                                                                                                      6/22 
DEBUG util.py:537:    Installing : autoconf-2.69-11.el7.noarch                                                                                                                                              7/22 
DEBUG util.py:537:    Installing : zlib-devel-1.2.7-21.el7_9.x86_64                                                                                                                                         8/22 
DEBUG util.py:537:    Installing : pcre-devel-8.32-17.el7.x86_64                                                                                                                                            9/22 
DEBUG util.py:537:    Installing : libselinux-devel-2.5-15.el7.x86_64                                                                                                                                      10/22 
DEBUG util.py:537:    Installing : perl-Test-Harness-3.28-3.el7.noarch                                                                                                                                     11/22 
DEBUG util.py:537:    Installing : automake-1.13.4-3.el7.noarch                                                                                                                                            12/22 
DEBUG util.py:537:    Installing : libverto-devel-0.2.5-4.el7.x86_64                                                                                                                                       13/22 
DEBUG util.py:537:    Installing : keyutils-libs-devel-1.5.8-3.el7.x86_64                                                                                                                                  14/22 
DEBUG util.py:537:    Installing : krb5-devel-1.15.1-55.el7_9.x86_64                                                                                                                                       15/22 
DEBUG util.py:537:    Installing : 1:openssl-devel-1.0.2k-26.el7_9.x86_64                                                                                                                                  16/22 
DEBUG util.py:537:    Installing : libtool-2.4.2-22.el7_3.x86_64                                                                                                                                           17/22 
DEBUG util.py:537:    Installing : libevent-devel-2.0.21-4.el7.x86_64                                                                                                                                      18/22 
DEBUG util.py:537:    Installing : flex-2.5.37-6.el7.x86_64                                                                                                                                                19/22 
DEBUG util.py:537:    Installing : bison-3.0.4-2.el7.x86_64                                                                                                                                                20/22 
DEBUG util.py:537:    Installing : byacc-1.9.20130304-3.el7.x86_64                                                                                                                                         21/22 
DEBUG util.py:537:    Installing : expat-devel-2.1.0-15.el7_9.x86_64                                                                                                                                       22/22 
DEBUG util.py:537:    Verifying  : libselinux-devel-2.5-15.el7.x86_64                                                                                                                                       1/22 
DEBUG util.py:537:    Verifying  : keyutils-libs-devel-1.5.8-3.el7.x86_64                                                                                                                                   2/22 
DEBUG util.py:537:    Verifying  : expat-devel-2.1.0-15.el7_9.x86_64                                                                                                                                        3/22 
DEBUG util.py:537:    Verifying  : krb5-devel-1.15.1-55.el7_9.x86_64                                                                                                                                        4/22 
DEBUG util.py:537:    Verifying  : byacc-1.9.20130304-3.el7.x86_64                                                                                                                                          5/22 
DEBUG util.py:537:    Verifying  : automake-1.13.4-3.el7.noarch                                                                                                                                             6/22 
DEBUG util.py:537:    Verifying  : m4-1.4.16-10.el7.x86_64                                                                                                                                                  7/22 
DEBUG util.py:537:    Verifying  : 1:openssl-devel-1.0.2k-26.el7_9.x86_64                                                                                                                                   8/22 
DEBUG util.py:537:    Verifying  : libverto-devel-0.2.5-4.el7.x86_64                                                                                                                                        9/22 
DEBUG util.py:537:    Verifying  : perl-Test-Harness-3.28-3.el7.noarch                                                                                                                                     10/22 
DEBUG util.py:537:    Verifying  : pcre-devel-8.32-17.el7.x86_64                                                                                                                                           11/22 
DEBUG util.py:537:    Verifying  : zlib-devel-1.2.7-21.el7_9.x86_64                                                                                                                                        12/22 
DEBUG util.py:537:    Verifying  : libtool-2.4.2-22.el7_3.x86_64                                                                                                                                           13/22 
DEBUG util.py:537:    Verifying  : perl-Data-Dumper-2.145-3.el7.x86_64                                                                                                                                     14/22 
DEBUG util.py:537:    Verifying  : libevent-2.0.21-4.el7.x86_64                                                                                                                                            15/22 
DEBUG util.py:537:    Verifying  : flex-2.5.37-6.el7.x86_64                                                                                                                                                16/22 
DEBUG util.py:537:    Verifying  : libevent-devel-2.0.21-4.el7.x86_64                                                                                                                                      17/22 
DEBUG util.py:537:    Verifying  : libsepol-devel-2.5-10.el7.x86_64                                                                                                                                        18/22 
DEBUG util.py:537:    Verifying  : bison-3.0.4-2.el7.x86_64                                                                                                                                                19/22 
DEBUG util.py:537:    Verifying  : autoconf-2.69-11.el7.noarch                                                                                                                                             20/22 
DEBUG util.py:537:    Verifying  : libkadm5-1.15.1-55.el7_9.x86_64                                                                                                                                         21/22 
DEBUG util.py:537:    Verifying  : libcom_err-devel-1.42.9-19.el7.x86_64                                                                                                                                   22/22 
DEBUG util.py:537:  Installed:
DEBUG util.py:537:    autoconf.noarch 0:2.69-11.el7   automake.noarch 0:1.13.4-3.el7         bison.x86_64 0:3.0.4-2.el7        byacc.x86_64 0:1.9.20130304-3.el7        expat-devel.x86_64 0:2.1.0-15.el7_9  
DEBUG util.py:537:    flex.x86_64 0:2.5.37-6.el7      libevent-devel.x86_64 0:2.0.21-4.el7   libtool.x86_64 0:2.4.2-22.el7_3   openssl-devel.x86_64 1:1.0.2k-26.el7_9  
DEBUG util.py:537:  Dependency Installed:
DEBUG util.py:537:    keyutils-libs-devel.x86_64 0:1.5.8-3.el7 krb5-devel.x86_64 0:1.15.1-55.el7_9   libcom_err-devel.x86_64 0:1.42.9-19.el7 libevent.x86_64 0:2.0.21-4.el7 libkadm5.x86_64 0:1.15.1-55.el7_9
DEBUG util.py:537:    libselinux-devel.x86_64 0:2.5-15.el7     libsepol-devel.x86_64 0:2.5-10.el7    libverto-devel.x86_64 0:0.2.5-4.el7     m4.x86_64 0:1.4.16-10.el7      pcre-devel.x86_64 0:8.32-17.el7  
DEBUG util.py:537:    perl-Data-Dumper.x86_64 0:2.145-3.el7    perl-Test-Harness.noarch 0:3.28-3.el7 zlib-devel.x86_64 0:1.2.7-21.el7_9     
DEBUG util.py:537:  Complete!
DEBUG util.py:688:  Child return code was: 0
DEBUG util.py:200:  kill orphans in chroot /var/lib/mock/centos-7-x86_64/root
DEBUG util.py:200:  kill orphans in chroot /var/lib/mock/centos-7-x86_64-bootstrap/root/var/lib/mock/centos-7-x86_64/root
DEBUG util.py:717:  child environment: None
DEBUG util.py:636:  Executing command: ['/bin/umount', '-n', '-l', '/var/lib/mock/centos-7-x86_64-bootstrap/root/var/lib/mock/centos-7-x86_64/root'] with env {'TERM': 'vt100', 'SHELL': '/bin/sh', 'HOME': '/builddir', 'HOSTNAME': 'mock', 'PATH': '/usr/bin:/bin:/usr/sbin:/sbin', 'LANG': 'C.UTF-8'} and shell False
DEBUG util.py:688:  Child return code was: 0
DEBUG util.py:717:  child environment: None
DEBUG util.py:636:  Executing command: ['/bin/umount', '-n', '-l', '/var/lib/mock/centos-7-x86_64-bootstrap/root/var/lib/mock/centos-7-x86_64/root'] with env {'TERM': 'vt100', 'SHELL': '/bin/sh', 'HOME': '/builddir', 'HOSTNAME': 'mock', 'PATH': '/usr/bin:/bin:/usr/sbin:/sbin', 'LANG': 'C.UTF-8'} and shell False
DEBUG util.py:688:  Child return code was: 0
DEBUG util.py:717:  child environment: None
DEBUG util.py:636:  Executing command: ['/bin/umount', '-n', '-l', '/var/lib/mock/centos-7-x86_64/root/sys/fs/selinux'] with env {'TERM': 'vt100', 'SHELL': '/bin/sh', 'HOME': '/builddir', 'HOSTNAME': 'mock', 'PATH': '/usr/bin:/bin:/usr/sbin:/sbin', 'LANG': 'C.UTF-8'} and shell False
DEBUG util.py:688:  Child return code was: 0
DEBUG util.py:717:  child environment: None
DEBUG util.py:636:  Executing command: ['/bin/umount', '-n', '/var/lib/mock/centos-7-x86_64/root/proc/filesystems'] with env {'TERM': 'vt100', 'SHELL': '/bin/sh', 'HOME': '/builddir', 'HOSTNAME': 'mock', 'PATH': '/usr/bin:/bin:/usr/sbin:/sbin', 'LANG': 'C.UTF-8'} and shell False
DEBUG util.py:688:  Child return code was: 0
DEBUG util.py:717:  child environment: None
DEBUG util.py:636:  Executing command: ['/bin/umount', '-n', '-l', '/var/lib/mock/centos-7-x86_64/root/dev/pts'] with env {'TERM': 'vt100', 'SHELL': '/bin/sh', 'HOME': '/builddir', 'HOSTNAME': 'mock', 'PATH': '/usr/bin:/bin:/usr/sbin:/sbin', 'LANG': 'C.UTF-8'} and shell False
DEBUG util.py:688:  Child return code was: 0
DEBUG util.py:717:  child environment: None
DEBUG util.py:636:  Executing command: ['/bin/umount', '-n', '-l', '/var/lib/mock/centos-7-x86_64/root/dev/shm'] with env {'TERM': 'vt100', 'SHELL': '/bin/sh', 'HOME': '/builddir', 'HOSTNAME': 'mock', 'PATH': '/usr/bin:/bin:/usr/sbin:/sbin', 'LANG': 'C.UTF-8'} and shell False
DEBUG util.py:688:  Child return code was: 0
DEBUG util.py:717:  child environment: None
DEBUG util.py:636:  Executing command: ['/bin/umount', '-n', '-l', '/var/lib/mock/centos-7-x86_64/root/sys'] with env {'TERM': 'vt100', 'SHELL': '/bin/sh', 'HOME': '/builddir', 'HOSTNAME': 'mock', 'PATH': '/usr/bin:/bin:/usr/sbin:/sbin', 'LANG': 'C.UTF-8'} and shell False
DEBUG util.py:688:  Child return code was: 0
DEBUG util.py:717:  child environment: None
DEBUG util.py:636:  Executing command: ['/bin/umount', '-n', '-l', '/var/lib/mock/centos-7-x86_64/root/sys'] with env {'TERM': 'vt100', 'SHELL': '/bin/sh', 'HOME': '/builddir', 'HOSTNAME': 'mock', 'PATH': '/usr/bin:/bin:/usr/sbin:/sbin', 'LANG': 'C.UTF-8'} and shell False
DEBUG util.py:688:  Child return code was: 0
DEBUG util.py:717:  child environment: None
DEBUG util.py:636:  Executing command: ['/bin/umount', '-n', '-l', '/var/lib/mock/centos-7-x86_64/root/proc'] with env {'TERM': 'vt100', 'SHELL': '/bin/sh', 'HOME': '/builddir', 'HOSTNAME': 'mock', 'PATH': '/usr/bin:/bin:/usr/sbin:/sbin', 'LANG': 'C.UTF-8'} and shell False
DEBUG util.py:688:  Child return code was: 0
DEBUG util.py:717:  child environment: None
DEBUG util.py:636:  Executing command: ['/bin/umount', '-n', '-l', '/var/lib/mock/centos-7-x86_64/root/proc'] with env {'TERM': 'vt100', 'SHELL': '/bin/sh', 'HOME': '/builddir', 'HOSTNAME': 'mock', 'PATH': '/usr/bin:/bin:/usr/sbin:/sbin', 'LANG': 'C.UTF-8'} and shell False
DEBUG util.py:688:  Child return code was: 0
DEBUG file_util.py:17:  ensuring that dir exists: /var/lib/mock/centos-7-x86_64-bootstrap/root/var/lib/mock/centos-7-x86_64/root
DEBUG util.py:717:  child environment: None
DEBUG util.py:636:  Executing command: ['/bin/mount', '-n', '-t', 'tmpfs', '-o', 'private,mode=0755', 'tmpfs', '/var/lib/mock/centos-7-x86_64-bootstrap/root/var/lib/mock/centos-7-x86_64/root'] with env {'TERM': 'vt100', 'SHELL': '/bin/sh', 'HOME': '/builddir', 'HOSTNAME': 'mock', 'PATH': '/usr/bin:/bin:/usr/sbin:/sbin', 'LANG': 'C.UTF-8'} and shell False
DEBUG util.py:688:  Child return code was: 0
DEBUG file_util.py:17:  ensuring that dir exists: /var/lib/mock/centos-7-x86_64-bootstrap/root/var/lib/mock/centos-7-x86_64/root
DEBUG util.py:717:  child environment: None
DEBUG util.py:636:  Executing command: ['/bin/mount', '-n', '-o', 'rbind', '/var/lib/mock/centos-7-x86_64/root', '/var/lib/mock/centos-7-x86_64-bootstrap/root/var/lib/mock/centos-7-x86_64/root'] with env {'TERM': 'vt100', 'SHELL': '/bin/sh', 'HOME': '/builddir', 'HOSTNAME': 'mock', 'PATH': '/usr/bin:/bin:/usr/sbin:/sbin', 'LANG': 'C.UTF-8'} and shell False
DEBUG util.py:688:  Child return code was: 0
DEBUG util.py:717:  child environment: None
DEBUG util.py:636:  Executing command: ['/bin/mount', '-n', '-o', 'remount,private,rbind', '--target', '/var/lib/mock/centos-7-x86_64-bootstrap/root/var/lib/mock/centos-7-x86_64/root'] with env {'TERM': 'vt100', 'SHELL': '/bin/sh', 'HOME': '/builddir', 'HOSTNAME': 'mock', 'PATH': '/usr/bin:/bin:/usr/sbin:/sbin', 'LANG': 'C.UTF-8'} and shell False
DEBUG util.py:688:  Child return code was: 0
DEBUG util.py:717:  child environment: None
DEBUG util.py:631:  Using nspawn with args ['--capability=cap_ipc_lock', '--resolv-conf=off']
DEBUG util.py:636:  Executing command: ['/usr/bin/systemd-nspawn', '-q', '-M', 'df965dc1f8dc4fd4bc8e848941dd0eb0', '-D', '/var/lib/mock/centos-7-x86_64-bootstrap/root', '-a', '--capability=cap_ipc_lock', '--resolv-conf=off', '--setenv=TERM=vt100', '--setenv=SHELL=/bin/bash', '--setenv=HOME=/builddir', '--setenv=HOSTNAME=mock', '--setenv=PATH=/usr/bin:/bin:/usr/sbin:/sbin', '--setenv=PROMPT_COMMAND=printf "\\033]0;<mock-chroot>\\007"', '--setenv=PS1=<mock-chroot> \\s-\\v\\$ ', '--setenv=LANG=C.UTF-8', '/bin/rpm', '-qa', '--root', '/var/lib/mock/centos-7-x86_64/root'] with env {'TERM': 'vt100', 'SHELL': '/bin/bash', 'HOME': '/builddir', 'HOSTNAME': 'mock', 'PATH': '/usr/bin:/bin:/usr/sbin:/sbin', 'PROMPT_COMMAND': 'printf "\\033]0;<mock-chroot>\\007"', 'PS1': '<mock-chroot> \\s-\\v\\$ ', 'LANG': 'C.UTF-8', 'SYSTEMD_NSPAWN_TMPFS_TMP': '0', 'SYSTEMD_SECCOMP': '0'} and shell False
DEBUG util.py:537:  libgcc-4.8.5-44.el7.x86_64
DEBUG util.py:537:  setup-2.8.71-11.el7.noarch
DEBUG util.py:537:  basesystem-10.0-7.el7.centos.noarch
DEBUG util.py:537:  perl-srpm-macros-1-8.el7.noarch
DEBUG util.py:537:  tzdata-2024a-1.el7.noarch
DEBUG util.py:537:  glibc-common-2.17-326.el7_9.3.x86_64
DEBUG util.py:537:  nspr-4.35.0-1.el7_9.x86_64
DEBUG util.py:537:  libstdc++-4.8.5-44.el7.x86_64
DEBUG util.py:537:  bash-4.2.46-35.el7_9.x86_64
DEBUG util.py:537:  pcre-8.32-17.el7.x86_64
DEBUG util.py:537:  zlib-1.2.7-21.el7_9.x86_64
DEBUG util.py:537:  bzip2-libs-1.0.6-13.el7.x86_64
DEBUG util.py:537:  elfutils-libelf-0.176-5.el7.x86_64
DEBUG util.py:537:  sed-4.2.2-7.el7.x86_64
DEBUG util.py:537:  popt-1.13-16.el7.x86_64
DEBUG util.py:537:  libacl-2.2.51-15.el7.x86_64
DEBUG util.py:537:  readline-6.2-11.el7.x86_64
DEBUG util.py:537:  libgcrypt-1.5.3-14.el7.x86_64
DEBUG util.py:537:  chkconfig-1.7.6-1.el7.x86_64
DEBUG util.py:537:  grep-2.20-3.el7.x86_64
DEBUG util.py:537:  libuuid-2.23.2-65.el7_9.1.x86_64
DEBUG util.py:537:  libmpc-1.0.1-3.el7.x86_64
DEBUG util.py:537:  gawk-4.0.2-4.el7_3.1.x86_64
DEBUG util.py:537:  diffutils-3.3-6.el7_9.x86_64
DEBUG util.py:537:  file-libs-5.11-37.el7.x86_64
DEBUG util.py:537:  libcap-ng-0.7.5-4.el7.x86_64
DEBUG util.py:537:  p11-kit-0.23.5-3.el7.x86_64
DEBUG util.py:537:  nss-softokn-3.90.0-6.el7_9.x86_64
DEBUG util.py:537:  gdbm-1.10-8.el7.x86_64
DEBUG util.py:537:  file-5.11-37.el7.x86_64
DEBUG util.py:537:  pinentry-0.8.1-17.el7.x86_64
DEBUG util.py:537:  acl-2.2.51-15.el7.x86_64
DEBUG util.py:537:  groff-base-1.22.2-8.el7.x86_64
DEBUG util.py:537:  perl-HTTP-Tiny-0.033-3.el7.noarch
DEBUG util.py:537:  perl-Pod-Perldoc-3.20-4.el7.noarch
DEBUG util.py:537:  perl-Text-ParseWords-3.29-4.el7.noarch
DEBUG util.py:537:  perl-Pod-Usage-1.63-3.el7.noarch
DEBUG util.py:537:  perl-threads-1.87-4.el7.x86_64
DEBUG util.py:537:  perl-Carp-1.26-244.el7.noarch
DEBUG util.py:537:  perl-Exporter-5.68-3.el7.noarch
DEBUG util.py:537:  perl-Socket-2.010-5.el7.x86_64
DEBUG util.py:537:  perl-Time-Local-1.2300-2.el7.noarch
DEBUG util.py:537:  perl-File-Path-2.09-2.el7.noarch
DEBUG util.py:537:  perl-threads-shared-1.43-6.el7.x86_64
DEBUG util.py:537:  perl-libs-5.16.3-299.el7_9.x86_64
DEBUG util.py:537:  perl-Getopt-Long-2.40-3.el7.noarch
DEBUG util.py:537:  perl-Thread-Queue-3.02-2.el7.noarch
DEBUG util.py:537:  dwz-0.11-3.el7.x86_64
DEBUG util.py:537:  libxml2-2.9.1-6.el7_9.6.x86_64
DEBUG util.py:537:  unzip-6.0-24.el7_9.x86_64
DEBUG util.py:537:  libidn-1.28-4.el7.x86_64
DEBUG util.py:537:  glibc-headers-2.17-326.el7_9.3.x86_64
DEBUG util.py:537:  ncurses-5.9-14.20130511.el7_4.x86_64
DEBUG util.py:537:  pth-2.0.7-23.el7.x86_64
DEBUG util.py:537:  ustr-1.0.4-16.el7.x86_64
DEBUG util.py:537:  libverto-0.2.5-4.el7.x86_64
DEBUG util.py:537:  p11-kit-trust-0.23.5-3.el7.x86_64
DEBUG util.py:537:  hardlink-1.0-19.el7.x86_64
DEBUG util.py:537:  keyutils-libs-1.5.8-3.el7.x86_64
DEBUG util.py:537:  coreutils-8.22-24.el7_9.2.x86_64
DEBUG util.py:537:  libblkid-2.23.2-65.el7_9.1.x86_64
DEBUG util.py:537:  cracklib-2.9.0-11.el7.x86_64
DEBUG util.py:537:  glib2-2.56.1-9.el7_9.x86_64
DEBUG util.py:537:  shadow-utils-4.6-5.el7.x86_64
DEBUG util.py:537:  pkgconfig-0.27.1-4.el7.x86_64
DEBUG util.py:537:  pam-1.1.8-23.el7.x86_64
DEBUG util.py:537:  gcc-4.8.5-44.el7.x86_64
DEBUG util.py:537:  cyrus-sasl-lib-2.1.26-24.el7_9.x86_64
DEBUG util.py:537:  nss-3.90.0-2.el7_9.x86_64
DEBUG util.py:537:  nss-tools-3.90.0-2.el7_9.x86_64
DEBUG util.py:537:  gdb-7.6.1-120.el7.x86_64
DEBUG util.py:537:  libcurl-7.29.0-59.el7_9.2.x86_64
DEBUG util.py:537:  rpm-libs-4.11.3-48.el7_9.x86_64
DEBUG util.py:537:  openldap-2.4.44-25.el7_9.x86_64
DEBUG util.py:537:  gnupg2-2.0.22-5.el7_5.x86_64
DEBUG util.py:537:  json-c-0.11-4.el7_0.x86_64
DEBUG util.py:537:  procps-ng-3.3.10-28.el7.x86_64
DEBUG util.py:537:  kpartx-0.4.9-136.el7_9.x86_64
DEBUG util.py:537:  cryptsetup-libs-2.0.3-6.el7.x86_64
DEBUG util.py:537:  kmod-20-28.el7.x86_64
DEBUG util.py:537:  systemd-libs-219-78.el7_9.9.x86_64
DEBUG util.py:537:  systemd-219-78.el7_9.9.x86_64
DEBUG util.py:537:  elfutils-default-yama-scope-0.176-5.el7.noarch
DEBUG util.py:537:  python-srpm-macros-3-34.el7.noarch
DEBUG util.py:537:  rpm-build-4.11.3-48.el7_9.x86_64
DEBUG util.py:537:  which-2.20-7.el7.x86_64
DEBUG util.py:537:  m4-1.4.16-10.el7.x86_64
DEBUG util.py:537:  libkadm5-1.15.1-55.el7_9.x86_64
DEBUG util.py:537:  libevent-2.0.21-4.el7.x86_64
DEBUG util.py:537:  autoconf-2.69-11.el7.noarch
DEBUG util.py:537:  pcre-devel-8.32-17.el7.x86_64
DEBUG util.py:537:  perl-Test-Harness-3.28-3.el7.noarch
DEBUG util.py:537:  libverto-devel-0.2.5-4.el7.x86_64
DEBUG util.py:537:  krb5-devel-1.15.1-55.el7_9.x86_64
DEBUG util.py:537:  libtool-2.4.2-22.el7_3.x86_64
DEBUG util.py:537:  flex-2.5.37-6.el7.x86_64
DEBUG util.py:537:  byacc-1.9.20130304-3.el7.x86_64
DEBUG util.py:537:  gpg-pubkey-f4a80eb5-53a7ff4b
DEBUG util.py:537:  centos-release-7-9.2009.2.el7.centos.x86_64
DEBUG util.py:537:  filesystem-3.2-25.el7.x86_64
DEBUG util.py:537:  ncurses-base-5.9-14.20130511.el7_4.noarch
DEBUG util.py:537:  kernel-headers-3.10.0-1160.119.1.el7.x86_64
DEBUG util.py:537:  nss-softokn-freebl-3.90.0-6.el7_9.x86_64
DEBUG util.py:537:  glibc-2.17-326.el7_9.3.x86_64
DEBUG util.py:537:  nss-util-3.90.0-1.el7_9.x86_64
DEBUG util.py:537:  ncurses-libs-5.9-14.20130511.el7_4.x86_64
DEBUG util.py:537:  libsepol-2.5-10.el7.x86_64
DEBUG util.py:537:  libselinux-2.5-15.el7.x86_64
DEBUG util.py:537:  info-5.1-5.el7.x86_64
DEBUG util.py:537:  xz-libs-5.2.2-2.el7_9.x86_64
DEBUG util.py:537:  libdb-5.3.21-25.el7.x86_64
DEBUG util.py:537:  gmp-6.0.0-15.el7.x86_64
DEBUG util.py:537:  libattr-2.4.46-13.el7.x86_64
DEBUG util.py:537:  libcap-2.22-11.el7.x86_64
DEBUG util.py:537:  libgpg-error-1.12-3.el7.x86_64
DEBUG util.py:537:  lua-5.1.4-15.el7.x86_64
DEBUG util.py:537:  mpfr-3.1.1-4.el7.x86_64
DEBUG util.py:537:  libffi-3.0.13-19.el7.x86_64
DEBUG util.py:537:  libcom_err-1.42.9-19.el7.x86_64
DEBUG util.py:537:  xz-5.2.2-2.el7_9.x86_64
DEBUG util.py:537:  findutils-4.5.11-6.el7.x86_64
DEBUG util.py:537:  cpio-2.11-28.el7.x86_64
DEBUG util.py:537:  expat-2.1.0-15.el7_9.x86_64
DEBUG util.py:537:  audit-libs-2.8.5-4.el7.x86_64
DEBUG util.py:537:  sqlite-3.7.17-8.el7_7.1.x86_64
DEBUG util.py:537:  tar-1.26-35.el7.x86_64
DEBUG util.py:537:  lz4-1.8.3-1.el7.x86_64
DEBUG util.py:537:  cpp-4.8.5-44.el7.x86_64
DEBUG util.py:537:  libassuan-2.1.0-3.el7.x86_64
DEBUG util.py:537:  patch-2.7.1-12.el7_7.x86_64
DEBUG util.py:537:  perl-parent-0.225-244.el7.noarch
DEBUG util.py:537:  perl-podlators-2.5.1-3.el7.noarch
DEBUG util.py:537:  perl-Pod-Escapes-1.04-299.el7_9.noarch
DEBUG util.py:537:  perl-Encode-2.51-7.el7.x86_64
DEBUG util.py:537:  perl-Time-HiRes-1.9725-3.el7.x86_64
DEBUG util.py:537:  perl-Storable-2.45-3.el7.x86_64
DEBUG util.py:537:  perl-Filter-1.49-3.el7.x86_64
DEBUG util.py:537:  perl-constant-1.27-2.el7.noarch
DEBUG util.py:537:  perl-macros-5.16.3-299.el7_9.x86_64
DEBUG util.py:537:  perl-File-Temp-0.23.01-3.el7.noarch
DEBUG util.py:537:  perl-PathTools-3.40-5.el7.x86_64
DEBUG util.py:537:  perl-Scalar-List-Utils-1.27-248.el7.x86_64
DEBUG util.py:537:  perl-Pod-Simple-3.28-4.el7.noarch
DEBUG util.py:537:  perl-5.16.3-299.el7_9.x86_64
DEBUG util.py:537:  libdb-utils-5.3.21-25.el7.x86_64
DEBUG util.py:537:  kmod-libs-20-28.el7.x86_64
DEBUG util.py:537:  bzip2-1.0.6-13.el7.x86_64
DEBUG util.py:537:  zip-3.0-11.el7.x86_64
DEBUG util.py:537:  libgomp-4.8.5-44.el7.x86_64
DEBUG util.py:537:  glibc-devel-2.17-326.el7_9.3.x86_64
DEBUG util.py:537:  libstdc++-devel-4.8.5-44.el7.x86_64
DEBUG util.py:537:  libsmartcols-2.23.2-65.el7_9.1.x86_64
DEBUG util.py:537:  libsemanage-2.5-14.el7.x86_64
DEBUG util.py:537:  libtasn1-4.10-1.el7.x86_64
DEBUG util.py:537:  ca-certificates-2023.2.60_v7.0.306-72.el7_9.noarch
DEBUG util.py:537:  qrencode-libs-3.4.1-3.el7.x86_64
DEBUG util.py:537:  openssl-libs-1.0.2k-26.el7_9.x86_64
DEBUG util.py:537:  krb5-libs-1.15.1-55.el7_9.x86_64
DEBUG util.py:537:  gzip-1.5-11.el7_9.x86_64
DEBUG util.py:537:  libmount-2.23.2-65.el7_9.1.x86_64
DEBUG util.py:537:  shared-mime-info-1.8-5.el7.x86_64
DEBUG util.py:537:  binutils-2.27-44.base.el7_9.1.x86_64
DEBUG util.py:537:  cracklib-dicts-2.9.0-11.el7.x86_64
DEBUG util.py:537:  libpwquality-1.2.3-5.el7.x86_64
DEBUG util.py:537:  libutempter-1.1.6-4.el7.x86_64
DEBUG util.py:537:  nss-pem-1.0.3-7.el7_9.1.x86_64
DEBUG util.py:537:  nss-sysinit-3.90.0-2.el7_9.x86_64
DEBUG util.py:537:  python-libs-2.7.5-94.el7_9.x86_64
DEBUG util.py:537:  libssh2-1.8.0-4.el7_9.1.x86_64
DEBUG util.py:537:  curl-7.29.0-59.el7_9.2.x86_64
DEBUG util.py:537:  rpm-4.11.3-48.el7_9.x86_64
DEBUG util.py:537:  libuser-0.60-9.el7.x86_64
DEBUG util.py:537:  rpm-build-libs-4.11.3-48.el7_9.x86_64
DEBUG util.py:537:  util-linux-2.23.2-65.el7_9.1.x86_64
DEBUG util.py:537:  device-mapper-1.02.170-6.el7_9.5.x86_64
DEBUG util.py:537:  device-mapper-libs-1.02.170-6.el7_9.5.x86_64
DEBUG util.py:537:  dracut-033-572.el7.x86_64
DEBUG util.py:537:  elfutils-libs-0.176-5.el7.x86_64
DEBUG util.py:537:  dbus-libs-1.10.24-15.el7.x86_64
DEBUG util.py:537:  dbus-1.10.24-15.el7.x86_64
DEBUG util.py:537:  elfutils-0.176-5.el7.x86_64
DEBUG util.py:537:  redhat-rpm-config-9.1.0-88.el7.centos.noarch
DEBUG util.py:537:  gcc-c++-4.8.5-44.el7.x86_64
DEBUG util.py:537:  make-3.82-24.el7.x86_64
DEBUG util.py:537:  libcom_err-devel-1.42.9-19.el7.x86_64
DEBUG util.py:537:  libsepol-devel-2.5-10.el7.x86_64
DEBUG util.py:537:  perl-Data-Dumper-2.145-3.el7.x86_64
DEBUG util.py:537:  zlib-devel-1.2.7-21.el7_9.x86_64
DEBUG util.py:537:  libselinux-devel-2.5-15.el7.x86_64
DEBUG util.py:537:  automake-1.13.4-3.el7.noarch
DEBUG util.py:537:  keyutils-libs-devel-1.5.8-3.el7.x86_64
DEBUG util.py:537:  openssl-devel-1.0.2k-26.el7_9.x86_64
DEBUG util.py:537:  libevent-devel-2.0.21-4.el7.x86_64
DEBUG util.py:537:  bison-3.0.4-2.el7.x86_64
DEBUG util.py:537:  expat-devel-2.1.0-15.el7_9.x86_64
DEBUG util.py:688:  Child return code was: 0
DEBUG util.py:200:  kill orphans in chroot /var/lib/mock/centos-7-x86_64/root
DEBUG util.py:200:  kill orphans in chroot /var/lib/mock/centos-7-x86_64-bootstrap/root/var/lib/mock/centos-7-x86_64/root
DEBUG util.py:717:  child environment: None
DEBUG util.py:636:  Executing command: ['/bin/umount', '-n', '-l', '/var/lib/mock/centos-7-x86_64-bootstrap/root/var/lib/mock/centos-7-x86_64/root'] with env {'TERM': 'vt100', 'SHELL': '/bin/sh', 'HOME': '/builddir', 'HOSTNAME': 'mock', 'PATH': '/usr/bin:/bin:/usr/sbin:/sbin', 'LANG': 'C.UTF-8'} and shell False
DEBUG util.py:688:  Child return code was: 0
DEBUG util.py:717:  child environment: None
DEBUG util.py:636:  Executing command: ['/bin/umount', '-n', '-l', '/var/lib/mock/centos-7-x86_64-bootstrap/root/var/lib/mock/centos-7-x86_64/root'] with env {'TERM': 'vt100', 'SHELL': '/bin/sh', 'HOME': '/builddir', 'HOSTNAME': 'mock', 'PATH': '/usr/bin:/bin:/usr/sbin:/sbin', 'LANG': 'C.UTF-8'} and shell False
DEBUG util.py:688:  Child return code was: 0
DEBUG file_util.py:17:  ensuring that dir exists: /var/lib/mock/centos-7-x86_64-bootstrap/root/var/lib/mock/centos-7-x86_64/root
DEBUG util.py:717:  child environment: None
DEBUG util.py:636:  Executing command: ['/bin/mount', '-n', '-t', 'tmpfs', '-o', 'private,mode=0755', 'tmpfs', '/var/lib/mock/centos-7-x86_64-bootstrap/root/var/lib/mock/centos-7-x86_64/root'] with env {'TERM': 'vt100', 'SHELL': '/bin/sh', 'HOME': '/builddir', 'HOSTNAME': 'mock', 'PATH': '/usr/bin:/bin:/usr/sbin:/sbin', 'LANG': 'C.UTF-8'} and shell False
DEBUG util.py:688:  Child return code was: 0
DEBUG file_util.py:17:  ensuring that dir exists: /var/lib/mock/centos-7-x86_64-bootstrap/root/var/lib/mock/centos-7-x86_64/root
DEBUG util.py:717:  child environment: None
DEBUG util.py:636:  Executing command: ['/bin/mount', '-n', '-o', 'rbind', '/var/lib/mock/centos-7-x86_64/root', '/var/lib/mock/centos-7-x86_64-bootstrap/root/var/lib/mock/centos-7-x86_64/root'] with env {'TERM': 'vt100', 'SHELL': '/bin/sh', 'HOME': '/builddir', 'HOSTNAME': 'mock', 'PATH': '/usr/bin:/bin:/usr/sbin:/sbin', 'LANG': 'C.UTF-8'} and shell False
DEBUG util.py:688:  Child return code was: 0
DEBUG util.py:717:  child environment: None
DEBUG util.py:636:  Executing command: ['/bin/mount', '-n', '-o', 'remount,private,rbind', '--target', '/var/lib/mock/centos-7-x86_64-bootstrap/root/var/lib/mock/centos-7-x86_64/root'] with env {'TERM': 'vt100', 'SHELL': '/bin/sh', 'HOME': '/builddir', 'HOSTNAME': 'mock', 'PATH': '/usr/bin:/bin:/usr/sbin:/sbin', 'LANG': 'C.UTF-8'} and shell False
DEBUG util.py:688:  Child return code was: 0
DEBUG util.py:717:  child environment: None
DEBUG util.py:631:  Using nspawn with args ['--capability=cap_ipc_lock', '--resolv-conf=off']
DEBUG util.py:636:  Executing command: ['/usr/bin/systemd-nspawn', '-q', '-M', '1245426cb6574f90848e8853af481ec1', '-D', '/var/lib/mock/centos-7-x86_64-bootstrap/root', '-a', '--capability=cap_ipc_lock', '--resolv-conf=off', '--setenv=TERM=vt100', '--setenv=SHELL=/bin/bash', '--setenv=HOME=/builddir', '--setenv=HOSTNAME=mock', '--setenv=PATH=/usr/bin:/bin:/usr/sbin:/sbin', '--setenv=PROMPT_COMMAND=printf "\\033]0;<mock-chroot>\\007"', '--setenv=PS1=<mock-chroot> \\s-\\v\\$ ', '--setenv=LANG=C.UTF-8', '/bin/rpm', '-qa', '--root', '/var/lib/mock/centos-7-x86_64/root'] with env {'TERM': 'vt100', 'SHELL': '/bin/bash', 'HOME': '/builddir', 'HOSTNAME': 'mock', 'PATH': '/usr/bin:/bin:/usr/sbin:/sbin', 'PROMPT_COMMAND': 'printf "\\033]0;<mock-chroot>\\007"', 'PS1': '<mock-chroot> \\s-\\v\\$ ', 'LANG': 'C.UTF-8', 'SYSTEMD_NSPAWN_TMPFS_TMP': '0', 'SYSTEMD_SECCOMP': '0'} and shell False
DEBUG util.py:537:  libgcc-4.8.5-44.el7.x86_64
DEBUG util.py:537:  setup-2.8.71-11.el7.noarch
DEBUG util.py:537:  basesystem-10.0-7.el7.centos.noarch
DEBUG util.py:537:  perl-srpm-macros-1-8.el7.noarch
DEBUG util.py:537:  tzdata-2024a-1.el7.noarch
DEBUG util.py:537:  glibc-common-2.17-326.el7_9.3.x86_64
DEBUG util.py:537:  nspr-4.35.0-1.el7_9.x86_64
DEBUG util.py:537:  libstdc++-4.8.5-44.el7.x86_64
DEBUG util.py:537:  bash-4.2.46-35.el7_9.x86_64
DEBUG util.py:537:  pcre-8.32-17.el7.x86_64
DEBUG util.py:537:  zlib-1.2.7-21.el7_9.x86_64
DEBUG util.py:537:  bzip2-libs-1.0.6-13.el7.x86_64
DEBUG util.py:537:  elfutils-libelf-0.176-5.el7.x86_64
DEBUG util.py:537:  sed-4.2.2-7.el7.x86_64
DEBUG util.py:537:  popt-1.13-16.el7.x86_64
DEBUG util.py:537:  libacl-2.2.51-15.el7.x86_64
DEBUG util.py:537:  readline-6.2-11.el7.x86_64
DEBUG util.py:537:  libgcrypt-1.5.3-14.el7.x86_64
DEBUG util.py:537:  chkconfig-1.7.6-1.el7.x86_64
DEBUG util.py:537:  grep-2.20-3.el7.x86_64
DEBUG util.py:537:  libuuid-2.23.2-65.el7_9.1.x86_64
DEBUG util.py:537:  libmpc-1.0.1-3.el7.x86_64
DEBUG util.py:537:  gawk-4.0.2-4.el7_3.1.x86_64
DEBUG util.py:537:  diffutils-3.3-6.el7_9.x86_64
DEBUG util.py:537:  file-libs-5.11-37.el7.x86_64
DEBUG util.py:537:  libcap-ng-0.7.5-4.el7.x86_64
DEBUG util.py:537:  p11-kit-0.23.5-3.el7.x86_64
DEBUG util.py:537:  nss-softokn-3.90.0-6.el7_9.x86_64
DEBUG util.py:537:  gdbm-1.10-8.el7.x86_64
DEBUG util.py:537:  file-5.11-37.el7.x86_64
DEBUG util.py:537:  pinentry-0.8.1-17.el7.x86_64
DEBUG util.py:537:  acl-2.2.51-15.el7.x86_64
DEBUG util.py:537:  groff-base-1.22.2-8.el7.x86_64
DEBUG util.py:537:  perl-HTTP-Tiny-0.033-3.el7.noarch
DEBUG util.py:537:  perl-Pod-Perldoc-3.20-4.el7.noarch
DEBUG util.py:537:  perl-Text-ParseWords-3.29-4.el7.noarch
DEBUG util.py:537:  perl-Pod-Usage-1.63-3.el7.noarch
DEBUG util.py:537:  perl-threads-1.87-4.el7.x86_64
DEBUG util.py:537:  perl-Carp-1.26-244.el7.noarch
DEBUG util.py:537:  perl-Exporter-5.68-3.el7.noarch
DEBUG util.py:537:  perl-Socket-2.010-5.el7.x86_64
DEBUG util.py:537:  perl-Time-Local-1.2300-2.el7.noarch
DEBUG util.py:537:  perl-File-Path-2.09-2.el7.noarch
DEBUG util.py:537:  perl-threads-shared-1.43-6.el7.x86_64
DEBUG util.py:537:  perl-libs-5.16.3-299.el7_9.x86_64
DEBUG util.py:537:  perl-Getopt-Long-2.40-3.el7.noarch
DEBUG util.py:537:  perl-Thread-Queue-3.02-2.el7.noarch
DEBUG util.py:537:  dwz-0.11-3.el7.x86_64
DEBUG util.py:537:  libxml2-2.9.1-6.el7_9.6.x86_64
DEBUG util.py:537:  unzip-6.0-24.el7_9.x86_64
DEBUG util.py:537:  libidn-1.28-4.el7.x86_64
DEBUG util.py:537:  glibc-headers-2.17-326.el7_9.3.x86_64
DEBUG util.py:537:  ncurses-5.9-14.20130511.el7_4.x86_64
DEBUG util.py:537:  pth-2.0.7-23.el7.x86_64
DEBUG util.py:537:  ustr-1.0.4-16.el7.x86_64
DEBUG util.py:537:  libverto-0.2.5-4.el7.x86_64
DEBUG util.py:537:  p11-kit-trust-0.23.5-3.el7.x86_64
DEBUG util.py:537:  hardlink-1.0-19.el7.x86_64
DEBUG util.py:537:  keyutils-libs-1.5.8-3.el7.x86_64
DEBUG util.py:537:  coreutils-8.22-24.el7_9.2.x86_64
DEBUG util.py:537:  libblkid-2.23.2-65.el7_9.1.x86_64
DEBUG util.py:537:  cracklib-2.9.0-11.el7.x86_64
DEBUG util.py:537:  glib2-2.56.1-9.el7_9.x86_64
DEBUG util.py:537:  shadow-utils-4.6-5.el7.x86_64
DEBUG util.py:537:  pkgconfig-0.27.1-4.el7.x86_64
DEBUG util.py:537:  pam-1.1.8-23.el7.x86_64
DEBUG util.py:537:  gcc-4.8.5-44.el7.x86_64
DEBUG util.py:537:  cyrus-sasl-lib-2.1.26-24.el7_9.x86_64
DEBUG util.py:537:  nss-3.90.0-2.el7_9.x86_64
DEBUG util.py:537:  nss-tools-3.90.0-2.el7_9.x86_64
DEBUG util.py:537:  gdb-7.6.1-120.el7.x86_64
DEBUG util.py:537:  libcurl-7.29.0-59.el7_9.2.x86_64
DEBUG util.py:537:  rpm-libs-4.11.3-48.el7_9.x86_64
DEBUG util.py:537:  openldap-2.4.44-25.el7_9.x86_64
DEBUG util.py:537:  gnupg2-2.0.22-5.el7_5.x86_64
DEBUG util.py:537:  json-c-0.11-4.el7_0.x86_64
DEBUG util.py:537:  procps-ng-3.3.10-28.el7.x86_64
DEBUG util.py:537:  kpartx-0.4.9-136.el7_9.x86_64
DEBUG util.py:537:  cryptsetup-libs-2.0.3-6.el7.x86_64
DEBUG util.py:537:  kmod-20-28.el7.x86_64
DEBUG util.py:537:  systemd-libs-219-78.el7_9.9.x86_64
DEBUG util.py:537:  systemd-219-78.el7_9.9.x86_64
DEBUG util.py:537:  elfutils-default-yama-scope-0.176-5.el7.noarch
DEBUG util.py:537:  python-srpm-macros-3-34.el7.noarch
DEBUG util.py:537:  rpm-build-4.11.3-48.el7_9.x86_64
DEBUG util.py:537:  which-2.20-7.el7.x86_64
DEBUG util.py:537:  m4-1.4.16-10.el7.x86_64
DEBUG util.py:537:  libkadm5-1.15.1-55.el7_9.x86_64
DEBUG util.py:537:  libevent-2.0.21-4.el7.x86_64
DEBUG util.py:537:  autoconf-2.69-11.el7.noarch
DEBUG util.py:537:  pcre-devel-8.32-17.el7.x86_64
DEBUG util.py:537:  perl-Test-Harness-3.28-3.el7.noarch
DEBUG util.py:537:  libverto-devel-0.2.5-4.el7.x86_64
DEBUG util.py:537:  krb5-devel-1.15.1-55.el7_9.x86_64
DEBUG util.py:537:  libtool-2.4.2-22.el7_3.x86_64
DEBUG util.py:537:  flex-2.5.37-6.el7.x86_64
DEBUG util.py:537:  byacc-1.9.20130304-3.el7.x86_64
DEBUG util.py:537:  gpg-pubkey-f4a80eb5-53a7ff4b
DEBUG util.py:537:  centos-release-7-9.2009.2.el7.centos.x86_64
DEBUG util.py:537:  filesystem-3.2-25.el7.x86_64
DEBUG util.py:537:  ncurses-base-5.9-14.20130511.el7_4.noarch
DEBUG util.py:537:  kernel-headers-3.10.0-1160.119.1.el7.x86_64
DEBUG util.py:537:  nss-softokn-freebl-3.90.0-6.el7_9.x86_64
DEBUG util.py:537:  glibc-2.17-326.el7_9.3.x86_64
DEBUG util.py:537:  nss-util-3.90.0-1.el7_9.x86_64
DEBUG util.py:537:  ncurses-libs-5.9-14.20130511.el7_4.x86_64
DEBUG util.py:537:  libsepol-2.5-10.el7.x86_64
DEBUG util.py:537:  libselinux-2.5-15.el7.x86_64
DEBUG util.py:537:  info-5.1-5.el7.x86_64
DEBUG util.py:537:  xz-libs-5.2.2-2.el7_9.x86_64
DEBUG util.py:537:  libdb-5.3.21-25.el7.x86_64
DEBUG util.py:537:  gmp-6.0.0-15.el7.x86_64
DEBUG util.py:537:  libattr-2.4.46-13.el7.x86_64
DEBUG util.py:537:  libcap-2.22-11.el7.x86_64
DEBUG util.py:537:  libgpg-error-1.12-3.el7.x86_64
DEBUG util.py:537:  lua-5.1.4-15.el7.x86_64
DEBUG util.py:537:  mpfr-3.1.1-4.el7.x86_64
DEBUG util.py:537:  libffi-3.0.13-19.el7.x86_64
DEBUG util.py:537:  libcom_err-1.42.9-19.el7.x86_64
DEBUG util.py:537:  xz-5.2.2-2.el7_9.x86_64
DEBUG util.py:537:  findutils-4.5.11-6.el7.x86_64
DEBUG util.py:537:  cpio-2.11-28.el7.x86_64
DEBUG util.py:537:  expat-2.1.0-15.el7_9.x86_64
DEBUG util.py:537:  audit-libs-2.8.5-4.el7.x86_64
DEBUG util.py:537:  sqlite-3.7.17-8.el7_7.1.x86_64
DEBUG util.py:537:  tar-1.26-35.el7.x86_64
DEBUG util.py:537:  lz4-1.8.3-1.el7.x86_64
DEBUG util.py:537:  cpp-4.8.5-44.el7.x86_64
DEBUG util.py:537:  libassuan-2.1.0-3.el7.x86_64
DEBUG util.py:537:  patch-2.7.1-12.el7_7.x86_64
DEBUG util.py:537:  perl-parent-0.225-244.el7.noarch
DEBUG util.py:537:  perl-podlators-2.5.1-3.el7.noarch
DEBUG util.py:537:  perl-Pod-Escapes-1.04-299.el7_9.noarch
DEBUG util.py:537:  perl-Encode-2.51-7.el7.x86_64
DEBUG util.py:537:  perl-Time-HiRes-1.9725-3.el7.x86_64
DEBUG util.py:537:  perl-Storable-2.45-3.el7.x86_64
DEBUG util.py:537:  perl-Filter-1.49-3.el7.x86_64
DEBUG util.py:537:  perl-constant-1.27-2.el7.noarch
DEBUG util.py:537:  perl-macros-5.16.3-299.el7_9.x86_64
DEBUG util.py:537:  perl-File-Temp-0.23.01-3.el7.noarch
DEBUG util.py:537:  perl-PathTools-3.40-5.el7.x86_64
DEBUG util.py:537:  perl-Scalar-List-Utils-1.27-248.el7.x86_64
DEBUG util.py:537:  perl-Pod-Simple-3.28-4.el7.noarch
DEBUG util.py:537:  perl-5.16.3-299.el7_9.x86_64
DEBUG util.py:537:  libdb-utils-5.3.21-25.el7.x86_64
DEBUG util.py:537:  kmod-libs-20-28.el7.x86_64
DEBUG util.py:537:  bzip2-1.0.6-13.el7.x86_64
DEBUG util.py:537:  zip-3.0-11.el7.x86_64
DEBUG util.py:537:  libgomp-4.8.5-44.el7.x86_64
DEBUG util.py:537:  glibc-devel-2.17-326.el7_9.3.x86_64
DEBUG util.py:537:  libstdc++-devel-4.8.5-44.el7.x86_64
DEBUG util.py:537:  libsmartcols-2.23.2-65.el7_9.1.x86_64
DEBUG util.py:537:  libsemanage-2.5-14.el7.x86_64
DEBUG util.py:537:  libtasn1-4.10-1.el7.x86_64
DEBUG util.py:537:  ca-certificates-2023.2.60_v7.0.306-72.el7_9.noarch
DEBUG util.py:537:  qrencode-libs-3.4.1-3.el7.x86_64
DEBUG util.py:537:  openssl-libs-1.0.2k-26.el7_9.x86_64
DEBUG util.py:537:  krb5-libs-1.15.1-55.el7_9.x86_64
DEBUG util.py:537:  gzip-1.5-11.el7_9.x86_64
DEBUG util.py:537:  libmount-2.23.2-65.el7_9.1.x86_64
DEBUG util.py:537:  shared-mime-info-1.8-5.el7.x86_64
DEBUG util.py:537:  binutils-2.27-44.base.el7_9.1.x86_64
DEBUG util.py:537:  cracklib-dicts-2.9.0-11.el7.x86_64
DEBUG util.py:537:  libpwquality-1.2.3-5.el7.x86_64
DEBUG util.py:537:  libutempter-1.1.6-4.el7.x86_64
DEBUG util.py:537:  nss-pem-1.0.3-7.el7_9.1.x86_64
DEBUG util.py:537:  nss-sysinit-3.90.0-2.el7_9.x86_64
DEBUG util.py:537:  python-libs-2.7.5-94.el7_9.x86_64
DEBUG util.py:537:  libssh2-1.8.0-4.el7_9.1.x86_64
DEBUG util.py:537:  curl-7.29.0-59.el7_9.2.x86_64
DEBUG util.py:537:  rpm-4.11.3-48.el7_9.x86_64
DEBUG util.py:537:  libuser-0.60-9.el7.x86_64
DEBUG util.py:537:  rpm-build-libs-4.11.3-48.el7_9.x86_64
DEBUG util.py:537:  util-linux-2.23.2-65.el7_9.1.x86_64
DEBUG util.py:537:  device-mapper-1.02.170-6.el7_9.5.x86_64
DEBUG util.py:537:  device-mapper-libs-1.02.170-6.el7_9.5.x86_64
DEBUG util.py:537:  dracut-033-572.el7.x86_64
DEBUG util.py:537:  elfutils-libs-0.176-5.el7.x86_64
DEBUG util.py:537:  dbus-libs-1.10.24-15.el7.x86_64
DEBUG util.py:537:  dbus-1.10.24-15.el7.x86_64
DEBUG util.py:537:  elfutils-0.176-5.el7.x86_64
DEBUG util.py:537:  redhat-rpm-config-9.1.0-88.el7.centos.noarch
DEBUG util.py:537:  gcc-c++-4.8.5-44.el7.x86_64
DEBUG util.py:537:  make-3.82-24.el7.x86_64
DEBUG util.py:537:  libcom_err-devel-1.42.9-19.el7.x86_64
DEBUG util.py:537:  libsepol-devel-2.5-10.el7.x86_64
DEBUG util.py:537:  perl-Data-Dumper-2.145-3.el7.x86_64
DEBUG util.py:537:  zlib-devel-1.2.7-21.el7_9.x86_64
DEBUG util.py:537:  libselinux-devel-2.5-15.el7.x86_64
DEBUG util.py:537:  automake-1.13.4-3.el7.noarch
DEBUG util.py:537:  keyutils-libs-devel-1.5.8-3.el7.x86_64
DEBUG util.py:537:  openssl-devel-1.0.2k-26.el7_9.x86_64
DEBUG util.py:537:  libevent-devel-2.0.21-4.el7.x86_64
DEBUG util.py:537:  bison-3.0.4-2.el7.x86_64
DEBUG util.py:537:  expat-devel-2.1.0-15.el7_9.x86_64
DEBUG util.py:688:  Child return code was: 0
DEBUG util.py:200:  kill orphans in chroot /var/lib/mock/centos-7-x86_64/root
DEBUG util.py:200:  kill orphans in chroot /var/lib/mock/centos-7-x86_64-bootstrap/root/var/lib/mock/centos-7-x86_64/root
DEBUG util.py:717:  child environment: None
DEBUG util.py:636:  Executing command: ['/bin/umount', '-n', '-l', '/var/lib/mock/centos-7-x86_64-bootstrap/root/var/lib/mock/centos-7-x86_64/root'] with env {'TERM': 'vt100', 'SHELL': '/bin/sh', 'HOME': '/builddir', 'HOSTNAME': 'mock', 'PATH': '/usr/bin:/bin:/usr/sbin:/sbin', 'LANG': 'C.UTF-8'} and shell False
DEBUG util.py:688:  Child return code was: 0
DEBUG util.py:717:  child environment: None
DEBUG util.py:636:  Executing command: ['/bin/umount', '-n', '-l', '/var/lib/mock/centos-7-x86_64-bootstrap/root/var/lib/mock/centos-7-x86_64/root'] with env {'TERM': 'vt100', 'SHELL': '/bin/sh', 'HOME': '/builddir', 'HOSTNAME': 'mock', 'PATH': '/usr/bin:/bin:/usr/sbin:/sbin', 'LANG': 'C.UTF-8'} and shell False
DEBUG util.py:688:  Child return code was: 0
DEBUG util.py:717:  child environment: None
DEBUG file_util.py:17:  ensuring that dir exists: /var/lib/mock/centos-7-x86_64/root/proc
DEBUG util.py:717:  child environment: None
DEBUG util.py:636:  Executing command: ['/bin/mount', '-n', '-t', 'tmpfs', '-o', 'rprivate,mode=0755', 'tmpfs', '/var/lib/mock/centos-7-x86_64/root/proc'] with env {'TERM': 'vt100', 'SHELL': '/bin/sh', 'HOME': '/builddir', 'HOSTNAME': 'mock', 'PATH': '/usr/bin:/bin:/usr/sbin:/sbin', 'LANG': 'C.UTF-8'} and shell False
DEBUG util.py:688:  Child return code was: 0
DEBUG file_util.py:17:  ensuring that dir exists: /var/lib/mock/centos-7-x86_64/root/proc
DEBUG util.py:717:  child environment: None
DEBUG util.py:636:  Executing command: ['/bin/mount', '-n', '-o', 'rbind', '/proc', '/var/lib/mock/centos-7-x86_64/root/proc'] with env {'TERM': 'vt100', 'SHELL': '/bin/sh', 'HOME': '/builddir', 'HOSTNAME': 'mock', 'PATH': '/usr/bin:/bin:/usr/sbin:/sbin', 'LANG': 'C.UTF-8'} and shell False
DEBUG util.py:688:  Child return code was: 0
DEBUG util.py:717:  child environment: None
DEBUG util.py:636:  Executing command: ['/bin/mount', '-n', '-o', 'remount,nodev,noexec,nosuid,readonly,rprivate,rbind', '--target', '/var/lib/mock/centos-7-x86_64/root/proc'] with env {'TERM': 'vt100', 'SHELL': '/bin/sh', 'HOME': '/builddir', 'HOSTNAME': 'mock', 'PATH': '/usr/bin:/bin:/usr/sbin:/sbin', 'LANG': 'C.UTF-8'} and shell False
DEBUG util.py:688:  Child return code was: 0
DEBUG file_util.py:17:  ensuring that dir exists: /var/lib/mock/centos-7-x86_64/root/sys
DEBUG util.py:717:  child environment: None
DEBUG util.py:636:  Executing command: ['/bin/mount', '-n', '-t', 'tmpfs', '-o', 'rprivate,mode=0755', 'tmpfs', '/var/lib/mock/centos-7-x86_64/root/sys'] with env {'TERM': 'vt100', 'SHELL': '/bin/sh', 'HOME': '/builddir', 'HOSTNAME': 'mock', 'PATH': '/usr/bin:/bin:/usr/sbin:/sbin', 'LANG': 'C.UTF-8'} and shell False
DEBUG util.py:688:  Child return code was: 0
DEBUG file_util.py:17:  ensuring that dir exists: /var/lib/mock/centos-7-x86_64/root/sys
DEBUG util.py:717:  child environment: None
DEBUG util.py:636:  Executing command: ['/bin/mount', '-n', '-o', 'rbind', '/sys', '/var/lib/mock/centos-7-x86_64/root/sys'] with env {'TERM': 'vt100', 'SHELL': '/bin/sh', 'HOME': '/builddir', 'HOSTNAME': 'mock', 'PATH': '/usr/bin:/bin:/usr/sbin:/sbin', 'LANG': 'C.UTF-8'} and shell False
DEBUG util.py:688:  Child return code was: 0
DEBUG util.py:717:  child environment: None
DEBUG util.py:636:  Executing command: ['/bin/mount', '-n', '-o', 'remount,nodev,noexec,nosuid,readonly,rprivate,rbind', '--target', '/var/lib/mock/centos-7-x86_64/root/sys'] with env {'TERM': 'vt100', 'SHELL': '/bin/sh', 'HOME': '/builddir', 'HOSTNAME': 'mock', 'PATH': '/usr/bin:/bin:/usr/sbin:/sbin', 'LANG': 'C.UTF-8'} and shell False
DEBUG util.py:688:  Child return code was: 0
DEBUG file_util.py:17:  ensuring that dir exists: /var/lib/mock/centos-7-x86_64/root/dev/shm
DEBUG util.py:717:  child environment: None
DEBUG util.py:636:  Executing command: ['/bin/mount', '-n', '-t', 'tmpfs', 'tmpfs', '/var/lib/mock/centos-7-x86_64/root/dev/shm'] with env {'TERM': 'vt100', 'SHELL': '/bin/sh', 'HOME': '/builddir', 'HOSTNAME': 'mock', 'PATH': '/usr/bin:/bin:/usr/sbin:/sbin', 'LANG': 'C.UTF-8'} and shell False
DEBUG util.py:688:  Child return code was: 0
DEBUG file_util.py:17:  ensuring that dir exists: /var/lib/mock/centos-7-x86_64/root/dev/pts
DEBUG util.py:717:  child environment: None
DEBUG util.py:636:  Executing command: ['/bin/mount', '-n', '-t', 'devpts', '-o', 'gid=5,mode=0620,ptmxmode=0666,newinstance', 'devpts', '/var/lib/mock/centos-7-x86_64/root/dev/pts'] with env {'TERM': 'vt100', 'SHELL': '/bin/sh', 'HOME': '/builddir', 'HOSTNAME': 'mock', 'PATH': '/usr/bin:/bin:/usr/sbin:/sbin', 'LANG': 'C.UTF-8'} and shell False
DEBUG util.py:688:  Child return code was: 0
DEBUG util.py:717:  child environment: None
DEBUG util.py:636:  Executing command: ['/bin/mount', '-n', '-o', 'bind', '/tmp/mock-selinux-plugin.2l_i7hf4', '/var/lib/mock/centos-7-x86_64/root/proc/filesystems'] with env {'TERM': 'vt100', 'SHELL': '/bin/sh', 'HOME': '/builddir', 'HOSTNAME': 'mock', 'PATH': '/usr/bin:/bin:/usr/sbin:/sbin', 'LANG': 'C.UTF-8'} and shell False
DEBUG util.py:688:  Child return code was: 0
DEBUG file_util.py:17:  ensuring that dir exists: /var/lib/mock/centos-7-x86_64/root/sys/fs/selinux
DEBUG util.py:717:  child environment: None
DEBUG util.py:636:  Executing command: ['/bin/mount', '-n', '-t', 'tmpfs', 'tmpfs', '/var/lib/mock/centos-7-x86_64/root/sys/fs/selinux'] with env {'TERM': 'vt100', 'SHELL': '/bin/sh', 'HOME': '/builddir', 'HOSTNAME': 'mock', 'PATH': '/usr/bin:/bin:/usr/sbin:/sbin', 'LANG': 'C.UTF-8'} and shell False
DEBUG util.py:688:  Child return code was: 0
DEBUG file_util.py:17:  ensuring that dir exists: /var/lib/mock/centos-7-x86_64-bootstrap/root/var/lib/mock/centos-7-x86_64/root
DEBUG util.py:717:  child environment: None
DEBUG util.py:636:  Executing command: ['/bin/mount', '-n', '-t', 'tmpfs', '-o', 'private,mode=0755', 'tmpfs', '/var/lib/mock/centos-7-x86_64-bootstrap/root/var/lib/mock/centos-7-x86_64/root'] with env {'TERM': 'vt100', 'SHELL': '/bin/sh', 'HOME': '/builddir', 'HOSTNAME': 'mock', 'PATH': '/usr/bin:/bin:/usr/sbin:/sbin', 'LANG': 'C.UTF-8'} and shell False
DEBUG util.py:688:  Child return code was: 0
DEBUG file_util.py:17:  ensuring that dir exists: /var/lib/mock/centos-7-x86_64-bootstrap/root/var/lib/mock/centos-7-x86_64/root
DEBUG util.py:717:  child environment: None
DEBUG util.py:636:  Executing command: ['/bin/mount', '-n', '-o', 'rbind', '/var/lib/mock/centos-7-x86_64/root', '/var/lib/mock/centos-7-x86_64-bootstrap/root/var/lib/mock/centos-7-x86_64/root'] with env {'TERM': 'vt100', 'SHELL': '/bin/sh', 'HOME': '/builddir', 'HOSTNAME': 'mock', 'PATH': '/usr/bin:/bin:/usr/sbin:/sbin', 'LANG': 'C.UTF-8'} and shell False
DEBUG util.py:688:  Child return code was: 0
DEBUG util.py:717:  child environment: None
DEBUG util.py:636:  Executing command: ['/bin/mount', '-n', '-o', 'remount,private,rbind', '--target', '/var/lib/mock/centos-7-x86_64-bootstrap/root/var/lib/mock/centos-7-x86_64/root'] with env {'TERM': 'vt100', 'SHELL': '/bin/sh', 'HOME': '/builddir', 'HOSTNAME': 'mock', 'PATH': '/usr/bin:/bin:/usr/sbin:/sbin', 'LANG': 'C.UTF-8'} and shell False
DEBUG util.py:688:  Child return code was: 0
DEBUG file_util.py:17:  ensuring that dir exists: /var/lib/mock/centos-7-x86_64/root/installation-homedir
DEBUG package_manager.py:296:  ['/usr/bin/yum-builddep', '--installroot', '/var/lib/mock/centos-7-x86_64/root/', '--releasever', '7', '/var/lib/mock/centos-7-x86_64/root//builddir/build/SRPMS/unbound-1.16.2-5.14.el7.src.rpm']
DEBUG util.py:717:  child environment: None
DEBUG util.py:631:  Using nspawn with args ['--capability=cap_ipc_lock', '--resolv-conf=off']
DEBUG util.py:636:  Executing command: ['/usr/bin/systemd-nspawn', '-q', '-M', '60e8d71c773c459fad41783127ac6be6', '-D', '/var/lib/mock/centos-7-x86_64-bootstrap/root', '-a', '--capability=cap_ipc_lock', '--resolv-conf=off', '--setenv=TERM=vt100', '--setenv=SHELL=/bin/bash', '--setenv=HOME=/var/lib/mock/centos-7-x86_64/root/installation-homedir', '--setenv=HOSTNAME=mock', '--setenv=PATH=/usr/bin:/bin:/usr/sbin:/sbin', '--setenv=PROMPT_COMMAND=printf "\\033]0;<mock-chroot>\\007"', '--setenv=PS1=<mock-chroot> \\s-\\v\\$ ', '--setenv=LANG=C.UTF-8', '--setenv=LC_MESSAGES=C.UTF-8', '/usr/bin/yum-builddep', '--installroot', '/var/lib/mock/centos-7-x86_64/root/', '--releasever', '7', '/var/lib/mock/centos-7-x86_64/root//builddir/build/SRPMS/unbound-1.16.2-5.14.el7.src.rpm', '--setopt=tsflags=nocontexts'] with env {'TERM': 'vt100', 'SHELL': '/bin/bash', 'HOME': '/var/lib/mock/centos-7-x86_64/root/installation-homedir', 'HOSTNAME': 'mock', 'PATH': '/usr/bin:/bin:/usr/sbin:/sbin', 'PROMPT_COMMAND': 'printf "\\033]0;<mock-chroot>\\007"', 'PS1': '<mock-chroot> \\s-\\v\\$ ', 'LANG': 'C.UTF-8', 'LC_MESSAGES': 'C.UTF-8', 'SYSTEMD_NSPAWN_TMPFS_TMP': '0', 'SYSTEMD_SECCOMP': '0'} and shell False
DEBUG util.py:535:  Failed to set locale, defaulting to C
DEBUG util.py:537:  base                                                                                                                                                                  | 3.6 kB  00:00:00     
DEBUG util.py:537:  centos-sclo-rh                                                                                                                                                        | 3.0 kB  00:00:00     
DEBUG util.py:537:  centos-sclo-sclo                                                                                                                                                      | 3.0 kB  00:00:00     
DEBUG util.py:537:  extras                                                                                                                                                                | 2.9 kB  00:00:00     
DEBUG util.py:537:  updates                                                                                                                                                               | 2.9 kB  00:00:00     
DEBUG util.py:537:  Getting requirements for unbound-1.16.2-5.14.el7.src
DEBUG util.py:537:   --> Already installed : gdb-7.6.1-120.el7.x86_64
DEBUG util.py:537:   --> Already installed : gcc-4.8.5-44.el7.x86_64
DEBUG util.py:537:   --> Already installed : 1:make-3.82-24.el7.x86_64
DEBUG util.py:537:   --> Already installed : byacc-1.9.20130304-3.el7.x86_64
DEBUG util.py:537:   --> Already installed : flex-2.5.37-6.el7.x86_64
DEBUG util.py:537:   --> Already installed : 1:openssl-devel-1.0.2k-26.el7_9.x86_64
DEBUG util.py:537:   --> Already installed : libevent-devel-2.0.21-4.el7.x86_64
DEBUG util.py:537:   --> Already installed : expat-devel-2.1.0-15.el7_9.x86_64
DEBUG util.py:537:   --> Already installed : 1:pkgconfig-0.27.1-4.el7.x86_64
DEBUG util.py:537:   --> Already installed : systemd-219-78.el7_9.9.x86_64
DEBUG util.py:537:   --> Already installed : bison-3.0.4-2.el7.x86_64
DEBUG util.py:537:   --> Already installed : automake-1.13.4-3.el7.noarch
DEBUG util.py:537:   --> Already installed : autoconf-2.69-11.el7.noarch
DEBUG util.py:537:   --> Already installed : libtool-2.4.2-22.el7_3.x86_64
DEBUG util.py:537:  No uninstalled build requires
DEBUG util.py:688:  Child return code was: 0
DEBUG util.py:200:  kill orphans in chroot /var/lib/mock/centos-7-x86_64/root
DEBUG util.py:200:  kill orphans in chroot /var/lib/mock/centos-7-x86_64-bootstrap/root/var/lib/mock/centos-7-x86_64/root
DEBUG util.py:717:  child environment: None
DEBUG util.py:636:  Executing command: ['/bin/umount', '-n', '-l', '/var/lib/mock/centos-7-x86_64-bootstrap/root/var/lib/mock/centos-7-x86_64/root'] with env {'TERM': 'vt100', 'SHELL': '/bin/sh', 'HOME': '/builddir', 'HOSTNAME': 'mock', 'PATH': '/usr/bin:/bin:/usr/sbin:/sbin', 'LANG': 'C.UTF-8'} and shell False
DEBUG util.py:688:  Child return code was: 0
DEBUG util.py:717:  child environment: None
DEBUG util.py:636:  Executing command: ['/bin/umount', '-n', '-l', '/var/lib/mock/centos-7-x86_64-bootstrap/root/var/lib/mock/centos-7-x86_64/root'] with env {'TERM': 'vt100', 'SHELL': '/bin/sh', 'HOME': '/builddir', 'HOSTNAME': 'mock', 'PATH': '/usr/bin:/bin:/usr/sbin:/sbin', 'LANG': 'C.UTF-8'} and shell False
DEBUG util.py:688:  Child return code was: 0
DEBUG util.py:717:  child environment: None
DEBUG util.py:636:  Executing command: ['/bin/umount', '-n', '-l', '/var/lib/mock/centos-7-x86_64/root/sys/fs/selinux'] with env {'TERM': 'vt100', 'SHELL': '/bin/sh', 'HOME': '/builddir', 'HOSTNAME': 'mock', 'PATH': '/usr/bin:/bin:/usr/sbin:/sbin', 'LANG': 'C.UTF-8'} and shell False
DEBUG util.py:688:  Child return code was: 0
DEBUG util.py:717:  child environment: None
DEBUG util.py:636:  Executing command: ['/bin/umount', '-n', '/var/lib/mock/centos-7-x86_64/root/proc/filesystems'] with env {'TERM': 'vt100', 'SHELL': '/bin/sh', 'HOME': '/builddir', 'HOSTNAME': 'mock', 'PATH': '/usr/bin:/bin:/usr/sbin:/sbin', 'LANG': 'C.UTF-8'} and shell False
DEBUG util.py:688:  Child return code was: 0
DEBUG util.py:717:  child environment: None
DEBUG util.py:636:  Executing command: ['/bin/umount', '-n', '-l', '/var/lib/mock/centos-7-x86_64/root/dev/pts'] with env {'TERM': 'vt100', 'SHELL': '/bin/sh', 'HOME': '/builddir', 'HOSTNAME': 'mock', 'PATH': '/usr/bin:/bin:/usr/sbin:/sbin', 'LANG': 'C.UTF-8'} and shell False
DEBUG util.py:688:  Child return code was: 0
DEBUG util.py:717:  child environment: None
DEBUG util.py:636:  Executing command: ['/bin/umount', '-n', '-l', '/var/lib/mock/centos-7-x86_64/root/dev/shm'] with env {'TERM': 'vt100', 'SHELL': '/bin/sh', 'HOME': '/builddir', 'HOSTNAME': 'mock', 'PATH': '/usr/bin:/bin:/usr/sbin:/sbin', 'LANG': 'C.UTF-8'} and shell False
DEBUG util.py:688:  Child return code was: 0
DEBUG util.py:717:  child environment: None
DEBUG util.py:636:  Executing command: ['/bin/umount', '-n', '-l', '/var/lib/mock/centos-7-x86_64/root/sys'] with env {'TERM': 'vt100', 'SHELL': '/bin/sh', 'HOME': '/builddir', 'HOSTNAME': 'mock', 'PATH': '/usr/bin:/bin:/usr/sbin:/sbin', 'LANG': 'C.UTF-8'} and shell False
DEBUG util.py:688:  Child return code was: 0
DEBUG util.py:717:  child environment: None
DEBUG util.py:636:  Executing command: ['/bin/umount', '-n', '-l', '/var/lib/mock/centos-7-x86_64/root/sys'] with env {'TERM': 'vt100', 'SHELL': '/bin/sh', 'HOME': '/builddir', 'HOSTNAME': 'mock', 'PATH': '/usr/bin:/bin:/usr/sbin:/sbin', 'LANG': 'C.UTF-8'} and shell False
DEBUG util.py:688:  Child return code was: 0
DEBUG util.py:717:  child environment: None
DEBUG util.py:636:  Executing command: ['/bin/umount', '-n', '-l', '/var/lib/mock/centos-7-x86_64/root/proc'] with env {'TERM': 'vt100', 'SHELL': '/bin/sh', 'HOME': '/builddir', 'HOSTNAME': 'mock', 'PATH': '/usr/bin:/bin:/usr/sbin:/sbin', 'LANG': 'C.UTF-8'} and shell False
DEBUG util.py:688:  Child return code was: 0
DEBUG util.py:717:  child environment: None
DEBUG util.py:636:  Executing command: ['/bin/umount', '-n', '-l', '/var/lib/mock/centos-7-x86_64/root/proc'] with env {'TERM': 'vt100', 'SHELL': '/bin/sh', 'HOME': '/builddir', 'HOSTNAME': 'mock', 'PATH': '/usr/bin:/bin:/usr/sbin:/sbin', 'LANG': 'C.UTF-8'} and shell False
DEBUG util.py:688:  Child return code was: 0
DEBUG file_util.py:17:  ensuring that dir exists: /var/lib/mock/centos-7-x86_64-bootstrap/root/var/lib/mock/centos-7-x86_64/root
DEBUG util.py:717:  child environment: None
DEBUG util.py:636:  Executing command: ['/bin/mount', '-n', '-t', 'tmpfs', '-o', 'private,mode=0755', 'tmpfs', '/var/lib/mock/centos-7-x86_64-bootstrap/root/var/lib/mock/centos-7-x86_64/root'] with env {'TERM': 'vt100', 'SHELL': '/bin/sh', 'HOME': '/builddir', 'HOSTNAME': 'mock', 'PATH': '/usr/bin:/bin:/usr/sbin:/sbin', 'LANG': 'C.UTF-8'} and shell False
DEBUG util.py:688:  Child return code was: 0
DEBUG file_util.py:17:  ensuring that dir exists: /var/lib/mock/centos-7-x86_64-bootstrap/root/var/lib/mock/centos-7-x86_64/root
DEBUG util.py:717:  child environment: None
DEBUG util.py:636:  Executing command: ['/bin/mount', '-n', '-o', 'rbind', '/var/lib/mock/centos-7-x86_64/root', '/var/lib/mock/centos-7-x86_64-bootstrap/root/var/lib/mock/centos-7-x86_64/root'] with env {'TERM': 'vt100', 'SHELL': '/bin/sh', 'HOME': '/builddir', 'HOSTNAME': 'mock', 'PATH': '/usr/bin:/bin:/usr/sbin:/sbin', 'LANG': 'C.UTF-8'} and shell False
DEBUG util.py:688:  Child return code was: 0
DEBUG util.py:717:  child environment: None
DEBUG util.py:636:  Executing command: ['/bin/mount', '-n', '-o', 'remount,private,rbind', '--target', '/var/lib/mock/centos-7-x86_64-bootstrap/root/var/lib/mock/centos-7-x86_64/root'] with env {'TERM': 'vt100', 'SHELL': '/bin/sh', 'HOME': '/builddir', 'HOSTNAME': 'mock', 'PATH': '/usr/bin:/bin:/usr/sbin:/sbin', 'LANG': 'C.UTF-8'} and shell False
DEBUG util.py:688:  Child return code was: 0
DEBUG util.py:717:  child environment: None
DEBUG util.py:631:  Using nspawn with args ['--capability=cap_ipc_lock', '--resolv-conf=off']
DEBUG util.py:636:  Executing command: ['/usr/bin/systemd-nspawn', '-q', '-M', 'af6b662b912d4986a74f6c0b9029e717', '-D', '/var/lib/mock/centos-7-x86_64-bootstrap/root', '-a', '--capability=cap_ipc_lock', '--resolv-conf=off', '--setenv=TERM=vt100', '--setenv=SHELL=/bin/bash', '--setenv=HOME=/builddir', '--setenv=HOSTNAME=mock', '--setenv=PATH=/usr/bin:/bin:/usr/sbin:/sbin', '--setenv=PROMPT_COMMAND=printf "\\033]0;<mock-chroot>\\007"', '--setenv=PS1=<mock-chroot> \\s-\\v\\$ ', '--setenv=LANG=C.UTF-8', '/bin/rpm', '-qa', '--root', '/var/lib/mock/centos-7-x86_64/root'] with env {'TERM': 'vt100', 'SHELL': '/bin/bash', 'HOME': '/builddir', 'HOSTNAME': 'mock', 'PATH': '/usr/bin:/bin:/usr/sbin:/sbin', 'PROMPT_COMMAND': 'printf "\\033]0;<mock-chroot>\\007"', 'PS1': '<mock-chroot> \\s-\\v\\$ ', 'LANG': 'C.UTF-8', 'SYSTEMD_NSPAWN_TMPFS_TMP': '0', 'SYSTEMD_SECCOMP': '0'} and shell False
DEBUG util.py:537:  libgcc-4.8.5-44.el7.x86_64
DEBUG util.py:537:  setup-2.8.71-11.el7.noarch
DEBUG util.py:537:  basesystem-10.0-7.el7.centos.noarch
DEBUG util.py:537:  perl-srpm-macros-1-8.el7.noarch
DEBUG util.py:537:  tzdata-2024a-1.el7.noarch
DEBUG util.py:537:  glibc-common-2.17-326.el7_9.3.x86_64
DEBUG util.py:537:  nspr-4.35.0-1.el7_9.x86_64
DEBUG util.py:537:  libstdc++-4.8.5-44.el7.x86_64
DEBUG util.py:537:  bash-4.2.46-35.el7_9.x86_64
DEBUG util.py:537:  pcre-8.32-17.el7.x86_64
DEBUG util.py:537:  zlib-1.2.7-21.el7_9.x86_64
DEBUG util.py:537:  bzip2-libs-1.0.6-13.el7.x86_64
DEBUG util.py:537:  elfutils-libelf-0.176-5.el7.x86_64
DEBUG util.py:537:  sed-4.2.2-7.el7.x86_64
DEBUG util.py:537:  popt-1.13-16.el7.x86_64
DEBUG util.py:537:  libacl-2.2.51-15.el7.x86_64
DEBUG util.py:537:  readline-6.2-11.el7.x86_64
DEBUG util.py:537:  libgcrypt-1.5.3-14.el7.x86_64
DEBUG util.py:537:  chkconfig-1.7.6-1.el7.x86_64
DEBUG util.py:537:  grep-2.20-3.el7.x86_64
DEBUG util.py:537:  libuuid-2.23.2-65.el7_9.1.x86_64
DEBUG util.py:537:  libmpc-1.0.1-3.el7.x86_64
DEBUG util.py:537:  gawk-4.0.2-4.el7_3.1.x86_64
DEBUG util.py:537:  diffutils-3.3-6.el7_9.x86_64
DEBUG util.py:537:  file-libs-5.11-37.el7.x86_64
DEBUG util.py:537:  libcap-ng-0.7.5-4.el7.x86_64
DEBUG util.py:537:  p11-kit-0.23.5-3.el7.x86_64
DEBUG util.py:537:  nss-softokn-3.90.0-6.el7_9.x86_64
DEBUG util.py:537:  gdbm-1.10-8.el7.x86_64
DEBUG util.py:537:  file-5.11-37.el7.x86_64
DEBUG util.py:537:  pinentry-0.8.1-17.el7.x86_64
DEBUG util.py:537:  acl-2.2.51-15.el7.x86_64
DEBUG util.py:537:  groff-base-1.22.2-8.el7.x86_64
DEBUG util.py:537:  perl-HTTP-Tiny-0.033-3.el7.noarch
DEBUG util.py:537:  perl-Pod-Perldoc-3.20-4.el7.noarch
DEBUG util.py:537:  perl-Text-ParseWords-3.29-4.el7.noarch
DEBUG util.py:537:  perl-Pod-Usage-1.63-3.el7.noarch
DEBUG util.py:537:  perl-threads-1.87-4.el7.x86_64
DEBUG util.py:537:  perl-Carp-1.26-244.el7.noarch
DEBUG util.py:537:  perl-Exporter-5.68-3.el7.noarch
DEBUG util.py:537:  perl-Socket-2.010-5.el7.x86_64
DEBUG util.py:537:  perl-Time-Local-1.2300-2.el7.noarch
DEBUG util.py:537:  perl-File-Path-2.09-2.el7.noarch
DEBUG util.py:537:  perl-threads-shared-1.43-6.el7.x86_64
DEBUG util.py:537:  perl-libs-5.16.3-299.el7_9.x86_64
DEBUG util.py:537:  perl-Getopt-Long-2.40-3.el7.noarch
DEBUG util.py:537:  perl-Thread-Queue-3.02-2.el7.noarch
DEBUG util.py:537:  dwz-0.11-3.el7.x86_64
DEBUG util.py:537:  libxml2-2.9.1-6.el7_9.6.x86_64
DEBUG util.py:537:  unzip-6.0-24.el7_9.x86_64
DEBUG util.py:537:  libidn-1.28-4.el7.x86_64
DEBUG util.py:537:  glibc-headers-2.17-326.el7_9.3.x86_64
DEBUG util.py:537:  ncurses-5.9-14.20130511.el7_4.x86_64
DEBUG util.py:537:  pth-2.0.7-23.el7.x86_64
DEBUG util.py:537:  ustr-1.0.4-16.el7.x86_64
DEBUG util.py:537:  libverto-0.2.5-4.el7.x86_64
DEBUG util.py:537:  p11-kit-trust-0.23.5-3.el7.x86_64
DEBUG util.py:537:  hardlink-1.0-19.el7.x86_64
DEBUG util.py:537:  keyutils-libs-1.5.8-3.el7.x86_64
DEBUG util.py:537:  coreutils-8.22-24.el7_9.2.x86_64
DEBUG util.py:537:  libblkid-2.23.2-65.el7_9.1.x86_64
DEBUG util.py:537:  cracklib-2.9.0-11.el7.x86_64
DEBUG util.py:537:  glib2-2.56.1-9.el7_9.x86_64
DEBUG util.py:537:  shadow-utils-4.6-5.el7.x86_64
DEBUG util.py:537:  pkgconfig-0.27.1-4.el7.x86_64
DEBUG util.py:537:  pam-1.1.8-23.el7.x86_64
DEBUG util.py:537:  gcc-4.8.5-44.el7.x86_64
DEBUG util.py:537:  cyrus-sasl-lib-2.1.26-24.el7_9.x86_64
DEBUG util.py:537:  nss-3.90.0-2.el7_9.x86_64
DEBUG util.py:537:  nss-tools-3.90.0-2.el7_9.x86_64
DEBUG util.py:537:  gdb-7.6.1-120.el7.x86_64
DEBUG util.py:537:  libcurl-7.29.0-59.el7_9.2.x86_64
DEBUG util.py:537:  rpm-libs-4.11.3-48.el7_9.x86_64
DEBUG util.py:537:  openldap-2.4.44-25.el7_9.x86_64
DEBUG util.py:537:  gnupg2-2.0.22-5.el7_5.x86_64
DEBUG util.py:537:  json-c-0.11-4.el7_0.x86_64
DEBUG util.py:537:  procps-ng-3.3.10-28.el7.x86_64
DEBUG util.py:537:  kpartx-0.4.9-136.el7_9.x86_64
DEBUG util.py:537:  cryptsetup-libs-2.0.3-6.el7.x86_64
DEBUG util.py:537:  kmod-20-28.el7.x86_64
DEBUG util.py:537:  systemd-libs-219-78.el7_9.9.x86_64
DEBUG util.py:537:  systemd-219-78.el7_9.9.x86_64
DEBUG util.py:537:  elfutils-default-yama-scope-0.176-5.el7.noarch
DEBUG util.py:537:  python-srpm-macros-3-34.el7.noarch
DEBUG util.py:537:  rpm-build-4.11.3-48.el7_9.x86_64
DEBUG util.py:537:  which-2.20-7.el7.x86_64
DEBUG util.py:537:  m4-1.4.16-10.el7.x86_64
DEBUG util.py:537:  libkadm5-1.15.1-55.el7_9.x86_64
DEBUG util.py:537:  libevent-2.0.21-4.el7.x86_64
DEBUG util.py:537:  autoconf-2.69-11.el7.noarch
DEBUG util.py:537:  pcre-devel-8.32-17.el7.x86_64
DEBUG util.py:537:  perl-Test-Harness-3.28-3.el7.noarch
DEBUG util.py:537:  libverto-devel-0.2.5-4.el7.x86_64
DEBUG util.py:537:  krb5-devel-1.15.1-55.el7_9.x86_64
DEBUG util.py:537:  libtool-2.4.2-22.el7_3.x86_64
DEBUG util.py:537:  flex-2.5.37-6.el7.x86_64
DEBUG util.py:537:  byacc-1.9.20130304-3.el7.x86_64
DEBUG util.py:537:  gpg-pubkey-f4a80eb5-53a7ff4b
DEBUG util.py:537:  centos-release-7-9.2009.2.el7.centos.x86_64
DEBUG util.py:537:  filesystem-3.2-25.el7.x86_64
DEBUG util.py:537:  ncurses-base-5.9-14.20130511.el7_4.noarch
DEBUG util.py:537:  kernel-headers-3.10.0-1160.119.1.el7.x86_64
DEBUG util.py:537:  nss-softokn-freebl-3.90.0-6.el7_9.x86_64
DEBUG util.py:537:  glibc-2.17-326.el7_9.3.x86_64
DEBUG util.py:537:  nss-util-3.90.0-1.el7_9.x86_64
DEBUG util.py:537:  ncurses-libs-5.9-14.20130511.el7_4.x86_64
DEBUG util.py:537:  libsepol-2.5-10.el7.x86_64
DEBUG util.py:537:  libselinux-2.5-15.el7.x86_64
DEBUG util.py:537:  info-5.1-5.el7.x86_64
DEBUG util.py:537:  xz-libs-5.2.2-2.el7_9.x86_64
DEBUG util.py:537:  libdb-5.3.21-25.el7.x86_64
DEBUG util.py:537:  gmp-6.0.0-15.el7.x86_64
DEBUG util.py:537:  libattr-2.4.46-13.el7.x86_64
DEBUG util.py:537:  libcap-2.22-11.el7.x86_64
DEBUG util.py:537:  libgpg-error-1.12-3.el7.x86_64
DEBUG util.py:537:  lua-5.1.4-15.el7.x86_64
DEBUG util.py:537:  mpfr-3.1.1-4.el7.x86_64
DEBUG util.py:537:  libffi-3.0.13-19.el7.x86_64
DEBUG util.py:537:  libcom_err-1.42.9-19.el7.x86_64
DEBUG util.py:537:  xz-5.2.2-2.el7_9.x86_64
DEBUG util.py:537:  findutils-4.5.11-6.el7.x86_64
DEBUG util.py:537:  cpio-2.11-28.el7.x86_64
DEBUG util.py:537:  expat-2.1.0-15.el7_9.x86_64
DEBUG util.py:537:  audit-libs-2.8.5-4.el7.x86_64
DEBUG util.py:537:  sqlite-3.7.17-8.el7_7.1.x86_64
DEBUG util.py:537:  tar-1.26-35.el7.x86_64
DEBUG util.py:537:  lz4-1.8.3-1.el7.x86_64
DEBUG util.py:537:  cpp-4.8.5-44.el7.x86_64
DEBUG util.py:537:  libassuan-2.1.0-3.el7.x86_64
DEBUG util.py:537:  patch-2.7.1-12.el7_7.x86_64
DEBUG util.py:537:  perl-parent-0.225-244.el7.noarch
DEBUG util.py:537:  perl-podlators-2.5.1-3.el7.noarch
DEBUG util.py:537:  perl-Pod-Escapes-1.04-299.el7_9.noarch
DEBUG util.py:537:  perl-Encode-2.51-7.el7.x86_64
DEBUG util.py:537:  perl-Time-HiRes-1.9725-3.el7.x86_64
DEBUG util.py:537:  perl-Storable-2.45-3.el7.x86_64
DEBUG util.py:537:  perl-Filter-1.49-3.el7.x86_64
DEBUG util.py:537:  perl-constant-1.27-2.el7.noarch
DEBUG util.py:537:  perl-macros-5.16.3-299.el7_9.x86_64
DEBUG util.py:537:  perl-File-Temp-0.23.01-3.el7.noarch
DEBUG util.py:537:  perl-PathTools-3.40-5.el7.x86_64
DEBUG util.py:537:  perl-Scalar-List-Utils-1.27-248.el7.x86_64
DEBUG util.py:537:  perl-Pod-Simple-3.28-4.el7.noarch
DEBUG util.py:537:  perl-5.16.3-299.el7_9.x86_64
DEBUG util.py:537:  libdb-utils-5.3.21-25.el7.x86_64
DEBUG util.py:537:  kmod-libs-20-28.el7.x86_64
DEBUG util.py:537:  bzip2-1.0.6-13.el7.x86_64
DEBUG util.py:537:  zip-3.0-11.el7.x86_64
DEBUG util.py:537:  libgomp-4.8.5-44.el7.x86_64
DEBUG util.py:537:  glibc-devel-2.17-326.el7_9.3.x86_64
DEBUG util.py:537:  libstdc++-devel-4.8.5-44.el7.x86_64
DEBUG util.py:537:  libsmartcols-2.23.2-65.el7_9.1.x86_64
DEBUG util.py:537:  libsemanage-2.5-14.el7.x86_64
DEBUG util.py:537:  libtasn1-4.10-1.el7.x86_64
DEBUG util.py:537:  ca-certificates-2023.2.60_v7.0.306-72.el7_9.noarch
DEBUG util.py:537:  qrencode-libs-3.4.1-3.el7.x86_64
DEBUG util.py:537:  openssl-libs-1.0.2k-26.el7_9.x86_64
DEBUG util.py:537:  krb5-libs-1.15.1-55.el7_9.x86_64
DEBUG util.py:537:  gzip-1.5-11.el7_9.x86_64
DEBUG util.py:537:  libmount-2.23.2-65.el7_9.1.x86_64
DEBUG util.py:537:  shared-mime-info-1.8-5.el7.x86_64
DEBUG util.py:537:  binutils-2.27-44.base.el7_9.1.x86_64
DEBUG util.py:537:  cracklib-dicts-2.9.0-11.el7.x86_64
DEBUG util.py:537:  libpwquality-1.2.3-5.el7.x86_64
DEBUG util.py:537:  libutempter-1.1.6-4.el7.x86_64
DEBUG util.py:537:  nss-pem-1.0.3-7.el7_9.1.x86_64
DEBUG util.py:537:  nss-sysinit-3.90.0-2.el7_9.x86_64
DEBUG util.py:537:  python-libs-2.7.5-94.el7_9.x86_64
DEBUG util.py:537:  libssh2-1.8.0-4.el7_9.1.x86_64
DEBUG util.py:537:  curl-7.29.0-59.el7_9.2.x86_64
DEBUG util.py:537:  rpm-4.11.3-48.el7_9.x86_64
DEBUG util.py:537:  libuser-0.60-9.el7.x86_64
DEBUG util.py:537:  rpm-build-libs-4.11.3-48.el7_9.x86_64
DEBUG util.py:537:  util-linux-2.23.2-65.el7_9.1.x86_64
DEBUG util.py:537:  device-mapper-1.02.170-6.el7_9.5.x86_64
DEBUG util.py:537:  device-mapper-libs-1.02.170-6.el7_9.5.x86_64
DEBUG util.py:537:  dracut-033-572.el7.x86_64
DEBUG util.py:537:  elfutils-libs-0.176-5.el7.x86_64
DEBUG util.py:537:  dbus-libs-1.10.24-15.el7.x86_64
DEBUG util.py:537:  dbus-1.10.24-15.el7.x86_64
DEBUG util.py:537:  elfutils-0.176-5.el7.x86_64
DEBUG util.py:537:  redhat-rpm-config-9.1.0-88.el7.centos.noarch
DEBUG util.py:537:  gcc-c++-4.8.5-44.el7.x86_64
DEBUG util.py:537:  make-3.82-24.el7.x86_64
DEBUG util.py:537:  libcom_err-devel-1.42.9-19.el7.x86_64
DEBUG util.py:537:  libsepol-devel-2.5-10.el7.x86_64
DEBUG util.py:537:  perl-Data-Dumper-2.145-3.el7.x86_64
DEBUG util.py:537:  zlib-devel-1.2.7-21.el7_9.x86_64
DEBUG util.py:537:  libselinux-devel-2.5-15.el7.x86_64
DEBUG util.py:537:  automake-1.13.4-3.el7.noarch
DEBUG util.py:537:  keyutils-libs-devel-1.5.8-3.el7.x86_64
DEBUG util.py:537:  openssl-devel-1.0.2k-26.el7_9.x86_64
DEBUG util.py:537:  libevent-devel-2.0.21-4.el7.x86_64
DEBUG util.py:537:  bison-3.0.4-2.el7.x86_64
DEBUG util.py:537:  expat-devel-2.1.0-15.el7_9.x86_64
DEBUG util.py:688:  Child return code was: 0
DEBUG util.py:200:  kill orphans in chroot /var/lib/mock/centos-7-x86_64/root
DEBUG util.py:200:  kill orphans in chroot /var/lib/mock/centos-7-x86_64-bootstrap/root/var/lib/mock/centos-7-x86_64/root
DEBUG util.py:717:  child environment: None
DEBUG util.py:636:  Executing command: ['/bin/umount', '-n', '-l', '/var/lib/mock/centos-7-x86_64-bootstrap/root/var/lib/mock/centos-7-x86_64/root'] with env {'TERM': 'vt100', 'SHELL': '/bin/sh', 'HOME': '/builddir', 'HOSTNAME': 'mock', 'PATH': '/usr/bin:/bin:/usr/sbin:/sbin', 'LANG': 'C.UTF-8'} and shell False
DEBUG util.py:688:  Child return code was: 0
DEBUG util.py:717:  child environment: None
DEBUG util.py:636:  Executing command: ['/bin/umount', '-n', '-l', '/var/lib/mock/centos-7-x86_64-bootstrap/root/var/lib/mock/centos-7-x86_64/root'] with env {'TERM': 'vt100', 'SHELL': '/bin/sh', 'HOME': '/builddir', 'HOSTNAME': 'mock', 'PATH': '/usr/bin:/bin:/usr/sbin:/sbin', 'LANG': 'C.UTF-8'} and shell False
DEBUG util.py:688:  Child return code was: 0
DEBUG file_util.py:17:  ensuring that dir exists: /var/lib/mock/centos-7-x86_64-bootstrap/root/var/lib/mock/centos-7-x86_64/root
DEBUG util.py:717:  child environment: None
DEBUG util.py:636:  Executing command: ['/bin/mount', '-n', '-t', 'tmpfs', '-o', 'private,mode=0755', 'tmpfs', '/var/lib/mock/centos-7-x86_64-bootstrap/root/var/lib/mock/centos-7-x86_64/root'] with env {'TERM': 'vt100', 'SHELL': '/bin/sh', 'HOME': '/builddir', 'HOSTNAME': 'mock', 'PATH': '/usr/bin:/bin:/usr/sbin:/sbin', 'LANG': 'C.UTF-8'} and shell False
DEBUG util.py:688:  Child return code was: 0
DEBUG file_util.py:17:  ensuring that dir exists: /var/lib/mock/centos-7-x86_64-bootstrap/root/var/lib/mock/centos-7-x86_64/root
DEBUG util.py:717:  child environment: None
DEBUG util.py:636:  Executing command: ['/bin/mount', '-n', '-o', 'rbind', '/var/lib/mock/centos-7-x86_64/root', '/var/lib/mock/centos-7-x86_64-bootstrap/root/var/lib/mock/centos-7-x86_64/root'] with env {'TERM': 'vt100', 'SHELL': '/bin/sh', 'HOME': '/builddir', 'HOSTNAME': 'mock', 'PATH': '/usr/bin:/bin:/usr/sbin:/sbin', 'LANG': 'C.UTF-8'} and shell False
DEBUG util.py:688:  Child return code was: 0
DEBUG util.py:717:  child environment: None
DEBUG util.py:636:  Executing command: ['/bin/mount', '-n', '-o', 'remount,private,rbind', '--target', '/var/lib/mock/centos-7-x86_64-bootstrap/root/var/lib/mock/centos-7-x86_64/root'] with env {'TERM': 'vt100', 'SHELL': '/bin/sh', 'HOME': '/builddir', 'HOSTNAME': 'mock', 'PATH': '/usr/bin:/bin:/usr/sbin:/sbin', 'LANG': 'C.UTF-8'} and shell False
DEBUG util.py:688:  Child return code was: 0
DEBUG util.py:717:  child environment: None
DEBUG util.py:631:  Using nspawn with args ['--capability=cap_ipc_lock', '--resolv-conf=off']
DEBUG util.py:636:  Executing command: ['/usr/bin/systemd-nspawn', '-q', '-M', '6c45b7523dc449b6a8c4b24b06b1dcf7', '-D', '/var/lib/mock/centos-7-x86_64-bootstrap/root', '-a', '--capability=cap_ipc_lock', '--resolv-conf=off', '--setenv=TERM=vt100', '--setenv=SHELL=/bin/bash', '--setenv=HOME=/builddir', '--setenv=HOSTNAME=mock', '--setenv=PATH=/usr/bin:/bin:/usr/sbin:/sbin', '--setenv=PROMPT_COMMAND=printf "\\033]0;<mock-chroot>\\007"', '--setenv=PS1=<mock-chroot> \\s-\\v\\$ ', '--setenv=LANG=C.UTF-8', '/bin/sh', '-c', "rpm -qa --root '/var/lib/mock/centos-7-x86_64/root' --qf '%{nevra} %{buildtime} %{size} installed\\n'"] with env {'TERM': 'vt100', 'SHELL': '/bin/bash', 'HOME': '/builddir', 'HOSTNAME': 'mock', 'PATH': '/usr/bin:/bin:/usr/sbin:/sbin', 'PROMPT_COMMAND': 'printf "\\033]0;<mock-chroot>\\007"', 'PS1': '<mock-chroot> \\s-\\v\\$ ', 'LANG': 'C.UTF-8', 'SYSTEMD_NSPAWN_TMPFS_TMP': '0', 'SYSTEMD_SECCOMP': '0'} and shell False
DEBUG util.py:537:  libgcc-4.8.5-44.el7.x86_64 1601433759 179272 installed
DEBUG util.py:537:  setup-2.8.71-11.el7.noarch 1585715374 697141 installed
DEBUG util.py:537:  basesystem-10.0-7.el7.centos.noarch 1403865430 0 installed
DEBUG util.py:537:  perl-srpm-macros-1-8.el7.noarch 1402343091 794 installed
DEBUG util.py:537:  tzdata-2024a-1.el7.noarch 1707923061 1915955 installed
DEBUG util.py:537:  glibc-common-2.17-326.el7_9.3.x86_64 1717513546 226621529 installed
DEBUG util.py:537:  nspr-4.35.0-1.el7_9.x86_64 1697122792 291688 installed
DEBUG util.py:537:  libstdc++-4.8.5-44.el7.x86_64 1601433759 1081666 installed
DEBUG util.py:537:  bash-4.2.46-35.el7_9.x86_64 1637771749 3667724 installed
DEBUG util.py:537:  pcre-8.32-17.el7.x86_64 1501643292 1475532 installed
DEBUG util.py:537:  zlib-1.2.7-21.el7_9.x86_64 1678200548 185206 installed
DEBUG util.py:537:  bzip2-libs-1.0.6-13.el7.x86_64 1447995892 70093 installed
DEBUG util.py:537:  elfutils-libelf-0.176-5.el7.x86_64 1601569823 916150 installed
DEBUG util.py:537:  sed-4.2.2-7.el7.x86_64 1601487357 601267 installed
DEBUG util.py:537:  popt-1.13-16.el7.x86_64 1402373003 88516 installed
DEBUG util.py:537:  libacl-2.2.51-15.el7.x86_64 1585707377 37064 installed
DEBUG util.py:537:  readline-6.2-11.el7.x86_64 1565266059 460424 installed
DEBUG util.py:537:  libgcrypt-1.5.3-14.el7.x86_64 1501689307 597727 installed
DEBUG util.py:537:  chkconfig-1.7.6-1.el7.x86_64 1602604010 779655 installed
DEBUG util.py:537:  grep-2.20-3.el7.x86_64 1501743524 1195131 installed
DEBUG util.py:537:  libuuid-2.23.2-65.el7_9.1.x86_64 1612283515 20278 installed
DEBUG util.py:537:  libmpc-1.0.1-3.el7.x86_64 1402343098 113833 installed
DEBUG util.py:537:  gawk-4.0.2-4.el7_3.1.x86_64 1498686770 2435978 installed
DEBUG util.py:537:  diffutils-3.3-6.el7_9.x86_64 1678200523 1065295 installed
DEBUG util.py:537:  file-libs-5.11-37.el7.x86_64 1601482103 3076741 installed
DEBUG util.py:537:  libcap-ng-0.7.5-4.el7.x86_64 1448001510 50510 installed
DEBUG util.py:537:  p11-kit-0.23.5-3.el7.x86_64 1501889820 1337825 installed
DEBUG util.py:537:  nss-softokn-3.90.0-6.el7_9.x86_64 1697634121 1490440 installed
DEBUG util.py:537:  gdbm-1.10-8.el7.x86_64 1402349948 184322 installed
DEBUG util.py:537:  file-5.11-37.el7.x86_64 1601482103 67368 installed
DEBUG util.py:537:  pinentry-0.8.1-17.el7.x86_64 1478360967 159929 installed
DEBUG util.py:537:  acl-2.2.51-15.el7.x86_64 1585707377 201209 installed
DEBUG util.py:537:  groff-base-1.22.2-8.el7.x86_64 1402345046 3453946 installed
DEBUG util.py:537:  perl-HTTP-Tiny-0.033-3.el7.noarch 1402347217 97210 installed
DEBUG util.py:537:  perl-Pod-Perldoc-3.20-4.el7.noarch 1402388270 166910 installed
DEBUG util.py:537:  perl-Text-ParseWords-3.29-4.el7.noarch 1402348486 16431 installed
DEBUG util.py:537:  perl-Pod-Usage-1.63-3.el7.noarch 1402390579 44671 installed
DEBUG util.py:537:  perl-threads-1.87-4.el7.x86_64 1402377734 98615 installed
DEBUG util.py:537:  perl-Carp-1.26-244.el7.noarch 1402362759 28276 installed
DEBUG util.py:537:  perl-Exporter-5.68-3.el7.noarch 1402373350 56612 installed
DEBUG util.py:537:  perl-Socket-2.010-5.el7.x86_64 1585713790 114497 installed
DEBUG util.py:537:  perl-Time-Local-1.2300-2.el7.noarch 1402342290 44062 installed
DEBUG util.py:537:  perl-File-Path-2.09-2.el7.noarch 1402361289 50067 installed
DEBUG util.py:537:  perl-threads-shared-1.43-6.el7.x86_64 1402380447 73972 installed
DEBUG util.py:537:  perl-libs-4:5.16.3-299.el7_9.x86_64 1612283772 1647320 installed
DEBUG util.py:537:  perl-Getopt-Long-2.40-3.el7.noarch 1523406856 134846 installed
DEBUG util.py:537:  perl-Thread-Queue-3.02-2.el7.noarch 1402347633 27642 installed
DEBUG util.py:537:  dwz-0.11-3.el7.x86_64 1402363547 225103 installed
DEBUG util.py:537:  libxml2-2.9.1-6.el7_9.6.x86_64 1634832935 1706142 installed
DEBUG util.py:537:  unzip-6.0-24.el7_9.x86_64 1642092746 378162 installed
DEBUG util.py:537:  libidn-1.28-4.el7.x86_64 1448125248 630407 installed
DEBUG util.py:537:  glibc-headers-2.17-326.el7_9.3.x86_64 1717513546 2342563 installed
DEBUG util.py:537:  ncurses-5.9-14.20130511.el7_4.x86_64 1504735709 439378 installed
DEBUG util.py:537:  pth-2.0.7-23.el7.x86_64 1448007112 267851 installed
DEBUG util.py:537:  ustr-1.0.4-16.el7.x86_64 1402344766 285943 installed
DEBUG util.py:537:  libverto-0.2.5-4.el7.x86_64 1402386261 23060 installed
DEBUG util.py:537:  p11-kit-trust-0.23.5-3.el7.x86_64 1501889820 437261 installed
DEBUG util.py:537:  hardlink-1:1.0-19.el7.x86_64 1402381564 16545 installed
DEBUG util.py:537:  keyutils-libs-1.5.8-3.el7.x86_64 1402366675 42138 installed
DEBUG util.py:537:  coreutils-8.22-24.el7_9.2.x86_64 1605565499 14594210 installed
DEBUG util.py:537:  libblkid-2.23.2-65.el7_9.1.x86_64 1612283515 265925 installed
DEBUG util.py:537:  cracklib-2.9.0-11.el7.x86_64 1402378933 209610 installed
DEBUG util.py:537:  glib2-2.56.1-9.el7_9.x86_64 1623255133 12174105 installed
DEBUG util.py:537:  shadow-utils-2:4.6-5.el7.x86_64 1565319063 3887289 installed
DEBUG util.py:537:  pkgconfig-1:0.27.1-4.el7.x86_64 1402351548 105522 installed
DEBUG util.py:537:  pam-1.1.8-23.el7.x86_64 1585713659 2632373 installed
DEBUG util.py:537:  gcc-4.8.5-44.el7.x86_64 1601433759 39226437 installed
DEBUG util.py:537:  cyrus-sasl-lib-2.1.26-24.el7_9.x86_64 1645709263 396919 installed
DEBUG util.py:537:  nss-3.90.0-2.el7_9.x86_64 1697721469 2602849 installed
DEBUG util.py:537:  nss-tools-3.90.0-2.el7_9.x86_64 1697721469 2298363 installed
DEBUG util.py:537:  gdb-7.6.1-120.el7.x86_64 1601482700 7375630 installed
DEBUG util.py:537:  libcurl-7.29.0-59.el7_9.2.x86_64 1702484661 439304 installed
DEBUG util.py:537:  rpm-libs-4.11.3-48.el7_9.x86_64 1637771619 615464 installed
DEBUG util.py:537:  openldap-2.4.44-25.el7_9.x86_64 1645636356 1037056 installed
DEBUG util.py:537:  gnupg2-2.0.22-5.el7_5.x86_64 1531487214 6637796 installed
DEBUG util.py:537:  json-c-0.11-4.el7_0.x86_64 1403612338 65593 installed
DEBUG util.py:537:  procps-ng-3.3.10-28.el7.x86_64 1601486497 759395 installed
DEBUG util.py:537:  kpartx-0.4.9-136.el7_9.x86_64 1668612098 41267 installed
DEBUG util.py:537:  cryptsetup-libs-2.0.3-6.el7.x86_64 1585707796 1219519 installed
DEBUG util.py:537:  kmod-20-28.el7.x86_64 1585709895 247868 installed
DEBUG util.py:537:  systemd-libs-219-78.el7_9.9.x86_64 1701960714 1262560 installed
DEBUG util.py:537:  systemd-219-78.el7_9.9.x86_64 1701960714 24448450 installed
DEBUG util.py:537:  elfutils-default-yama-scope-0.176-5.el7.noarch 1601569823 1810 installed
DEBUG util.py:537:  python-srpm-macros-3-34.el7.noarch 1602605024 3838 installed
DEBUG util.py:537:  rpm-build-4.11.3-48.el7_9.x86_64 1637771619 331384 installed
DEBUG util.py:537:  which-2.20-7.el7.x86_64 1402367122 76962 installed
DEBUG util.py:537:  m4-1.4.16-10.el7.x86_64 1448004487 525707 installed
DEBUG util.py:537:  libkadm5-1.15.1-55.el7_9.x86_64 1669835018 220984 installed
DEBUG util.py:537:  libevent-2.0.21-4.el7.x86_64 1402699157 742760 installed
DEBUG util.py:537:  autoconf-2.69-11.el7.noarch 1402379574 2320371 installed
DEBUG util.py:537:  pcre-devel-8.32-17.el7.x86_64 1501643292 1505771 installed
DEBUG util.py:537:  perl-Test-Harness-3.28-3.el7.noarch 1439389340 607239 installed
DEBUG util.py:537:  libverto-devel-0.2.5-4.el7.x86_64 1402386261 25871 installed
DEBUG util.py:537:  krb5-devel-1.15.1-55.el7_9.x86_64 1669835018 796303 installed
DEBUG util.py:537:  libtool-2.4.2-22.el7_3.x86_64 1492024115 2323761 installed
DEBUG util.py:537:  flex-2.5.37-6.el7.x86_64 1540931478 757468 installed
DEBUG util.py:537:  byacc-1.9.20130304-3.el7.x86_64 1402343179 135161 installed
DEBUG util.py:537:  gpg-pubkey-f4a80eb5-53a7ff4b 1403518795 0 installed
DEBUG util.py:537:  centos-release-7-9.2009.2.el7.centos.x86_64 1716302882 45726 installed
DEBUG util.py:537:  filesystem-3.2-25.el7.x86_64 1523422829 0 installed
DEBUG util.py:537:  ncurses-base-5.9-14.20130511.el7_4.noarch 1504735709 223432 installed
DEBUG util.py:537:  kernel-headers-3.10.0-1160.119.1.el7.x86_64 1717513295 3948899 installed
DEBUG util.py:537:  nss-softokn-freebl-3.90.0-6.el7_9.x86_64 1697634121 732614 installed
DEBUG util.py:537:  glibc-2.17-326.el7_9.3.x86_64 1717513546 14100922 installed
DEBUG util.py:537:  nss-util-3.90.0-1.el7_9.x86_64 1697632868 203144 installed
DEBUG util.py:537:  ncurses-libs-5.9-14.20130511.el7_4.x86_64 1504735709 1028216 installed
DEBUG util.py:537:  libsepol-2.5-10.el7.x86_64 1540935375 686640 installed
DEBUG util.py:537:  libselinux-2.5-15.el7.x86_64 1585711002 217762 installed
DEBUG util.py:537:  info-5.1-5.el7.x86_64 1523408616 494630 installed
DEBUG util.py:537:  xz-libs-5.2.2-2.el7_9.x86_64 1655304053 239983 installed
DEBUG util.py:537:  libdb-5.3.21-25.el7.x86_64 1565309918 1858144 installed
DEBUG util.py:537:  gmp-1:6.0.0-15.el7.x86_64 1501722795 657046 installed
DEBUG util.py:537:  libattr-2.4.46-13.el7.x86_64 1523407244 19896 installed
DEBUG util.py:537:  libcap-2.22-11.el7.x86_64 1585710513 107365 installed
DEBUG util.py:537:  libgpg-error-1.12-3.el7.x86_64 1402390008 350865 installed
DEBUG util.py:537:  lua-5.1.4-15.el7.x86_64 1478400455 640319 installed
DEBUG util.py:537:  mpfr-3.1.1-4.el7.x86_64 1402362714 554279 installed
DEBUG util.py:537:  libffi-3.0.13-19.el7.x86_64 1585710522 47790 installed
DEBUG util.py:537:  libcom_err-1.42.9-19.el7.x86_64 1601481804 60425 installed
DEBUG util.py:537:  xz-5.2.2-2.el7_9.x86_64 1655304053 798420 installed
DEBUG util.py:537:  findutils-1:4.5.11-6.el7.x86_64 1540917834 1855882 installed
DEBUG util.py:537:  cpio-2.11-28.el7.x86_64 1602604082 689345 installed
DEBUG util.py:537:  expat-2.1.0-15.el7_9.x86_64 1665060754 212427 installed
DEBUG util.py:537:  audit-libs-2.8.5-4.el7.x86_64 1565265980 256386 installed
DEBUG util.py:537:  sqlite-3.7.17-8.el7_7.1.x86_64 1580221787 814303 installed
DEBUG util.py:537:  tar-2:1.26-35.el7.x86_64 1540931349 2838510 installed
DEBUG util.py:537:  lz4-1.8.3-1.el7.x86_64 1601484911 205463 installed
DEBUG util.py:537:  cpp-4.8.5-44.el7.x86_64 1601433759 15636565 installed
DEBUG util.py:537:  libassuan-2.1.0-3.el7.x86_64 1402341240 155391 installed
DEBUG util.py:537:  patch-2.7.1-12.el7_7.x86_64 1571788780 215353 installed
DEBUG util.py:537:  perl-parent-1:0.225-244.el7.noarch 1402384520 8141 installed
DEBUG util.py:537:  perl-podlators-2.5.1-3.el7.noarch 1402343776 287679 installed
DEBUG util.py:537:  perl-Pod-Escapes-1:1.04-299.el7_9.noarch 1612284229 21091 installed
DEBUG util.py:537:  perl-Encode-2.51-7.el7.x86_64 1402368585 10176350 installed
DEBUG util.py:537:  perl-Time-HiRes-4:1.9725-3.el7.x86_64 1402343844 94069 installed
DEBUG util.py:537:  perl-Storable-2.45-3.el7.x86_64 1402367398 181031 installed
DEBUG util.py:537:  perl-Filter-1.49-3.el7.x86_64 1402353954 148475 installed
DEBUG util.py:537:  perl-constant-1.27-2.el7.noarch 1402368682 26364 installed
DEBUG util.py:537:  perl-macros-4:5.16.3-299.el7_9.x86_64 1612283772 5134 installed
DEBUG util.py:537:  perl-File-Temp-0.23.01-3.el7.noarch 1402383789 158781 installed
DEBUG util.py:537:  perl-PathTools-3.40-5.el7.x86_64 1402373476 174131 installed
DEBUG util.py:537:  perl-Scalar-List-Utils-1.27-248.el7.x86_64 1402358220 67994 installed
DEBUG util.py:537:  perl-Pod-Simple-1:3.28-4.el7.noarch 1402365613 538320 installed
DEBUG util.py:537:  perl-4:5.16.3-299.el7_9.x86_64 1612283772 23556436 installed
DEBUG util.py:537:  libdb-utils-5.3.21-25.el7.x86_64 1565309918 322471 installed
DEBUG util.py:537:  kmod-libs-20-28.el7.x86_64 1585709895 91800 installed
DEBUG util.py:537:  bzip2-1.0.6-13.el7.x86_64 1447995892 83791 installed
DEBUG util.py:537:  zip-3.0-11.el7.x86_64 1478364595 815173 installed
DEBUG util.py:537:  libgomp-4.8.5-44.el7.x86_64 1601433759 212144 installed
DEBUG util.py:537:  glibc-devel-2.17-326.el7_9.3.x86_64 1717513546 1066188 installed
DEBUG util.py:537:  libstdc++-devel-4.8.5-44.el7.x86_64 1601433759 8436804 installed
DEBUG util.py:537:  libsmartcols-2.23.2-65.el7_9.1.x86_64 1612283515 168720 installed
DEBUG util.py:537:  libsemanage-2.5-14.el7.x86_64 1540943073 302329 installed
DEBUG util.py:537:  libtasn1-4.10-1.el7.x86_64 1501633297 424486 installed
DEBUG util.py:537:  ca-certificates-2023.2.60_v7.0.306-72.el7_9.noarch 1697462596 2313918 installed
DEBUG util.py:537:  qrencode-libs-3.4.1-3.el7.x86_64 1402343131 126732 installed
DEBUG util.py:537:  openssl-libs-1:1.0.2k-26.el7_9.x86_64 1679328899 3208716 installed
DEBUG util.py:537:  krb5-libs-1.15.1-55.el7_9.x86_64 1669835018 2204184 installed
DEBUG util.py:537:  gzip-1.5-11.el7_9.x86_64 1652367512 250421 installed
DEBUG util.py:537:  libmount-2.23.2-65.el7_9.1.x86_64 1612283515 278157 installed
DEBUG util.py:537:  shared-mime-info-1.8-5.el7.x86_64 1585715455 2379876 installed
DEBUG util.py:537:  binutils-2.27-44.base.el7_9.1.x86_64 1635781157 25181976 installed
DEBUG util.py:537:  cracklib-dicts-2.9.0-11.el7.x86_64 1402378933 9389116 installed
DEBUG util.py:537:  libpwquality-1.2.3-5.el7.x86_64 1523419099 332421 installed
DEBUG util.py:537:  libutempter-1.1.6-4.el7.x86_64 1402365826 49749 installed
DEBUG util.py:537:  nss-pem-1.0.3-7.el7_9.1.x86_64 1686238638 209851 installed
DEBUG util.py:537:  nss-sysinit-3.90.0-2.el7_9.x86_64 1697721469 14110 installed
DEBUG util.py:537:  python-libs-2.7.5-94.el7_9.x86_64 1699980234 24719688 installed
DEBUG util.py:537:  libssh2-1.8.0-4.el7_9.1.x86_64 1697462464 191496 installed
DEBUG util.py:537:  curl-7.29.0-59.el7_9.2.x86_64 1702484661 540396 installed
DEBUG util.py:537:  rpm-4.11.3-48.el7_9.x86_64 1637771619 2622621 installed
DEBUG util.py:537:  libuser-0.60-9.el7.x86_64 1523558694 1952592 installed
DEBUG util.py:537:  rpm-build-libs-4.11.3-48.el7_9.x86_64 1637771619 166656 installed
DEBUG util.py:537:  util-linux-2.23.2-65.el7_9.1.x86_64 1612283515 8482896 installed
DEBUG util.py:537:  device-mapper-7:1.02.170-6.el7_9.5.x86_64 1619616727 342456 installed
DEBUG util.py:537:  device-mapper-libs-7:1.02.170-6.el7_9.5.x86_64 1619616727 404687 installed
DEBUG util.py:537:  dracut-033-572.el7.x86_64 1601481479 905396 installed
DEBUG util.py:537:  elfutils-libs-0.176-5.el7.x86_64 1601569823 808799 installed
DEBUG util.py:537:  dbus-libs-1:1.10.24-15.el7.x86_64 1601481306 362600 installed
DEBUG util.py:537:  dbus-1:1.10.24-15.el7.x86_64 1601481306 594463 installed
DEBUG util.py:537:  elfutils-0.176-5.el7.x86_64 1601569823 835489 installed
DEBUG util.py:537:  redhat-rpm-config-9.1.0-88.el7.centos.noarch 1565130322 174572 installed
DEBUG util.py:537:  gcc-c++-4.8.5-44.el7.x86_64 1601433759 17273811 installed
DEBUG util.py:537:  make-1:3.82-24.el7.x86_64 1565311645 1160660 installed
DEBUG util.py:537:  libcom_err-devel-1.42.9-19.el7.x86_64 1601481804 17196 installed
DEBUG util.py:537:  libsepol-devel-2.5-10.el7.x86_64 1540935375 126580 installed
DEBUG util.py:537:  perl-Data-Dumper-2.145-3.el7.x86_64 1402342616 99287 installed
DEBUG util.py:537:  zlib-devel-1.2.7-21.el7_9.x86_64 1678200548 135536 installed
DEBUG util.py:537:  libselinux-devel-2.5-15.el7.x86_64 1585711002 194101 installed
DEBUG util.py:537:  automake-1.13.4-3.el7.noarch 1402388331 1731909 installed
DEBUG util.py:537:  keyutils-libs-devel-1.5.8-3.el7.x86_64 1402366675 29186 installed
DEBUG util.py:537:  openssl-devel-1:1.0.2k-26.el7_9.x86_64 1679328899 3269309 installed
DEBUG util.py:537:  libevent-devel-2.0.21-4.el7.x86_64 1402699157 365669 installed
DEBUG util.py:537:  bison-3.0.4-2.el7.x86_64 1540931912 2154174 installed
DEBUG util.py:537:  expat-devel-2.1.0-15.el7_9.x86_64 1665060754 182002 installed
DEBUG util.py:688:  Child return code was: 0
DEBUG util.py:200:  kill orphans in chroot /var/lib/mock/centos-7-x86_64/root
DEBUG util.py:200:  kill orphans in chroot /var/lib/mock/centos-7-x86_64-bootstrap/root/var/lib/mock/centos-7-x86_64/root
DEBUG util.py:717:  child environment: None
DEBUG util.py:636:  Executing command: ['/bin/umount', '-n', '-l', '/var/lib/mock/centos-7-x86_64-bootstrap/root/var/lib/mock/centos-7-x86_64/root'] with env {'TERM': 'vt100', 'SHELL': '/bin/sh', 'HOME': '/builddir', 'HOSTNAME': 'mock', 'PATH': '/usr/bin:/bin:/usr/sbin:/sbin', 'LANG': 'C.UTF-8'} and shell False
DEBUG util.py:688:  Child return code was: 0
DEBUG util.py:717:  child environment: None
DEBUG util.py:636:  Executing command: ['/bin/umount', '-n', '-l', '/var/lib/mock/centos-7-x86_64-bootstrap/root/var/lib/mock/centos-7-x86_64/root'] with env {'TERM': 'vt100', 'SHELL': '/bin/sh', 'HOME': '/builddir', 'HOSTNAME': 'mock', 'PATH': '/usr/bin:/bin:/usr/sbin:/sbin', 'LANG': 'C.UTF-8'} and shell False
DEBUG util.py:688:  Child return code was: 0
DEBUG util.py:717:  child environment: None
DEBUG backend.py:763:  Copying packages to result dir
DEBUG util.py:200:  kill orphans in chroot /var/lib/mock/centos-7-x86_64/root
DEBUG util.py:717:  child environment: None
DEBUG util.py:636:  Executing command: ['/bin/umount', '-n', '/var/lib/mock/centos-7-x86_64/root/var/cache/dnf'] with env {'TERM': 'vt100', 'SHELL': '/bin/sh', 'HOME': '/builddir', 'HOSTNAME': 'mock', 'PATH': '/usr/bin:/bin:/usr/sbin:/sbin', 'LANG': 'C.UTF-8'} and shell False
DEBUG util.py:688:  Child return code was: 0
DEBUG util.py:717:  child environment: None
DEBUG util.py:636:  Executing command: ['/bin/umount', '-n', '/var/lib/mock/centos-7-x86_64/root/var/cache/yum'] with env {'TERM': 'vt100', 'SHELL': '/bin/sh', 'HOME': '/builddir', 'HOSTNAME': 'mock', 'PATH': '/usr/bin:/bin:/usr/sbin:/sbin', 'LANG': 'C.UTF-8'} and shell False
DEBUG util.py:688:  Child return code was: 0
DEBUG util.py:200:  kill orphans in chroot /var/lib/mock/centos-7-x86_64-bootstrap/root
DEBUG util.py:717:  child environment: None
DEBUG util.py:636:  Executing command: ['/bin/umount', '-n', '/var/lib/mock/centos-7-x86_64-bootstrap/root/var/cache/dnf'] with env {'TERM': 'vt100', 'SHELL': '/bin/sh', 'HOME': '/builddir', 'HOSTNAME': 'mock', 'PATH': '/usr/bin:/bin:/usr/sbin:/sbin', 'LANG': 'C.UTF-8'} and shell False
DEBUG util.py:688:  Child return code was: 0
DEBUG util.py:717:  child environment: None
DEBUG util.py:636:  Executing command: ['/bin/umount', '-n', '/var/lib/mock/centos-7-x86_64-bootstrap/root/var/cache/yum'] with env {'TERM': 'vt100', 'SHELL': '/bin/sh', 'HOME': '/builddir', 'HOSTNAME': 'mock', 'PATH': '/usr/bin:/bin:/usr/sbin:/sbin', 'LANG': 'C.UTF-8'} and shell False
DEBUG util.py:688:  Child return code was: 0
